-- phpMyAdmin SQL Dump
-- version 4.1.4
-- http://www.phpmyadmin.net
--
-- Хост: 127.0.0.1
-- Время создания: Окт 24 2015 г., 00:21
-- Версия сервера: 5.6.15-log
-- Версия PHP: 5.5.8

SET SQL_MODE = "NO_AUTO_VALUE_ON_ZERO";
SET time_zone = "+00:00";


/*!40101 SET @OLD_CHARACTER_SET_CLIENT=@@CHARACTER_SET_CLIENT */;
/*!40101 SET @OLD_CHARACTER_SET_RESULTS=@@CHARACTER_SET_RESULTS */;
/*!40101 SET @OLD_COLLATION_CONNECTION=@@COLLATION_CONNECTION */;
/*!40101 SET NAMES utf8 */;

--
-- База данных: `ci_db`
--

-- --------------------------------------------------------

--
-- Структура таблицы `comments`
--

CREATE TABLE IF NOT EXISTS `comments` (
  `id` int(11) NOT NULL AUTO_INCREMENT,
  `game_id` int(11) NOT NULL,
  `author` varchar(100) NOT NULL,
  `date` timestamp NOT NULL DEFAULT CURRENT_TIMESTAMP,
  `comment` text NOT NULL,
  PRIMARY KEY (`id`)
) ENGINE=MyISAM  DEFAULT CHARSET=utf8 AUTO_INCREMENT=12 ;

--
-- Дамп данных таблицы `comments`
--

INSERT INTO `comments` (`id`, `game_id`, `author`, `date`, `comment`) VALUES
(11, 46, 'Syrax', '2015-10-12 14:51:03', 'Привет, Антберг!\r\nКлевая игра!');

-- --------------------------------------------------------

--
-- Структура таблицы `forum_cat`
--

CREATE TABLE IF NOT EXISTS `forum_cat` (
  `id` int(11) NOT NULL AUTO_INCREMENT,
  `name` varchar(255) NOT NULL,
  `description` varchar(1024) NOT NULL,
  PRIMARY KEY (`id`)
) ENGINE=MyISAM  DEFAULT CHARSET=utf8 AUTO_INCREMENT=4 ;

--
-- Дамп данных таблицы `forum_cat`
--

INSERT INTO `forum_cat` (`id`, `name`, `description`) VALUES
(1, 'Общий', ''),
(2, 'RPG Maker', ''),
(3, 'Архив', '');

-- --------------------------------------------------------

--
-- Структура таблицы `forum_forum`
--

CREATE TABLE IF NOT EXISTS `forum_forum` (
  `id` int(11) NOT NULL AUTO_INCREMENT,
  `name` varchar(255) NOT NULL,
  `description` varchar(1024) NOT NULL,
  `cat_id` int(11) NOT NULL,
  `topic_num` int(11) DEFAULT NULL,
  `post_num` int(11) DEFAULT NULL,
  `last_post_id` int(11) DEFAULT NULL,
  `last_post_author` varchar(255) DEFAULT NULL,
  `last_post_subj` varchar(1024) DEFAULT NULL,
  `last_post_time` timestamp NULL DEFAULT CURRENT_TIMESTAMP ON UPDATE CURRENT_TIMESTAMP,
  PRIMARY KEY (`id`)
) ENGINE=MyISAM  DEFAULT CHARSET=utf8 AUTO_INCREMENT=3 ;

--
-- Дамп данных таблицы `forum_forum`
--

INSERT INTO `forum_forum` (`id`, `name`, `description`, `cat_id`, `topic_num`, `post_num`, `last_post_id`, `last_post_author`, `last_post_subj`, `last_post_time`) VALUES
(1, 'Новости?', 'Свежие и не очень.', 1, NULL, NULL, NULL, NULL, NULL, NULL),
(2, 'Разработка', 'Вопросы по разработке игр, а также работе в RPG Maker', 2, NULL, NULL, NULL, NULL, NULL, NULL);

-- --------------------------------------------------------

--
-- Структура таблицы `forum_posts`
--

CREATE TABLE IF NOT EXISTS `forum_posts` (
  `id` int(11) NOT NULL AUTO_INCREMENT,
  `topic_id` int(11) NOT NULL,
  `author` varchar(255) NOT NULL,
  `time` timestamp NULL DEFAULT CURRENT_TIMESTAMP,
  `text` text NOT NULL,
  `text_bb` text NOT NULL,
  PRIMARY KEY (`id`)
) ENGINE=MyISAM  DEFAULT CHARSET=utf8 AUTO_INCREMENT=43 ;

-- --------------------------------------------------------

--
-- Структура таблицы `forum_topics`
--

CREATE TABLE IF NOT EXISTS `forum_topics` (
  `id` int(11) NOT NULL AUTO_INCREMENT,
  `forum_id` int(11) NOT NULL,
  `title` varchar(1024) NOT NULL,
  `views` int(11) NOT NULL DEFAULT '1',
  `time` timestamp NULL DEFAULT CURRENT_TIMESTAMP,
  `author` varchar(255) NOT NULL,
  `posts` int(11) NOT NULL DEFAULT '1',
  `last_post_id` int(11) DEFAULT NULL,
  `last_post_author` varchar(255) DEFAULT NULL,
  `last_post_subj` varchar(1024) DEFAULT NULL,
  `last_post_time` timestamp NULL DEFAULT CURRENT_TIMESTAMP,
  PRIMARY KEY (`id`)
) ENGINE=MyISAM  DEFAULT CHARSET=utf8 AUTO_INCREMENT=31 ;

-- --------------------------------------------------------

--
-- Структура таблицы `games`
--

CREATE TABLE IF NOT EXISTS `games` (
  `id` int(11) NOT NULL AUTO_INCREMENT,
  `title` varchar(100) NOT NULL,
  `author` varchar(100) NOT NULL,
  `maker` enum('RPG Maker 95','RPG Maker 2000','RPG Maker 2003','RPG Maker XP','RPG Maker VX','RPG Maker VX Ace') NOT NULL DEFAULT 'RPG Maker 2003',
  `status` enum('в разработке','завершена','демо','отменена','заморожена') NOT NULL,
  `genre` varchar(1024) DEFAULT NULL,
  `annotation` text NOT NULL,
  `file` varchar(256) DEFAULT NULL,
  `images` varchar(1024) DEFAULT NULL,
  `text_bb` text,
  `approved` enum('0','1') DEFAULT NULL,
  PRIMARY KEY (`id`)
) ENGINE=InnoDB  DEFAULT CHARSET=utf8 AUTO_INCREMENT=58 ;

-- --------------------------------------------------------

--
-- Структура таблицы `groups`
--

CREATE TABLE IF NOT EXISTS `groups` (
  `id` mediumint(8) unsigned NOT NULL AUTO_INCREMENT,
  `name` varchar(20) NOT NULL,
  `description` varchar(100) NOT NULL,
  PRIMARY KEY (`id`)
) ENGINE=InnoDB  DEFAULT CHARSET=utf8 AUTO_INCREMENT=3 ;

--
-- Дамп данных таблицы `groups`
--

INSERT INTO `groups` (`id`, `name`, `description`) VALUES
(1, 'admin', 'Administrator'),
(2, 'members', 'General User');

-- --------------------------------------------------------

--
-- Структура таблицы `login_attempts`
--

CREATE TABLE IF NOT EXISTS `login_attempts` (
  `id` int(11) unsigned NOT NULL AUTO_INCREMENT,
  `ip_address` varchar(15) NOT NULL,
  `login` varchar(100) NOT NULL,
  `time` int(11) unsigned DEFAULT NULL,
  PRIMARY KEY (`id`)
) ENGINE=InnoDB DEFAULT CHARSET=utf8 AUTO_INCREMENT=1 ;

-- --------------------------------------------------------

--
-- Структура таблицы `news`
--

CREATE TABLE IF NOT EXISTS `news` (
  `id` int(11) NOT NULL AUTO_INCREMENT,
  `date` timestamp NOT NULL DEFAULT CURRENT_TIMESTAMP,
  `title` varchar(128) NOT NULL,
  `author` varchar(100) NOT NULL,
  `text` text NOT NULL,
  `text_bb` text NOT NULL,
  `approved` enum('0','1') NOT NULL,
  PRIMARY KEY (`id`)
) ENGINE=MyISAM  DEFAULT CHARSET=utf8 AUTO_INCREMENT=65 ;

--
-- Дамп данных таблицы `news`
--

INSERT INTO `news` (`id`, `date`, `title`, `author`, `text`, `text_bb`, `approved`) VALUES
(50, '2015-09-08 13:34:16', 'Открыто!', 'Syrax', 'Привет, путник! Добро пожаловать на портал RMaker.<br />\r\nТолько здесь ты найдешь полный каталог русских игр, выполненных на RPG Maker, на любой вкус. Удивись, насколько удобен сайт, пользуйся им, ищи игры и загружай свои!<br />\r\nВ честь открытия портала администрация запускает <b><span style="color:#ff0000;">конкурс</span></b>!', 'Привет, путник! Добро пожаловать на портал RMaker.\r\nТолько здесь ты найдешь полный каталог русских игр, выполненных на RPG Maker, на любой вкус. Удивись, насколько удобен сайт, пользуйся им, ищи игры и загружай свои!\r\nВ честь открытия портала администрация запускает [b][color=#ff0000]конкурс[/color][/b]!', '1');

-- --------------------------------------------------------

--
-- Структура таблицы `users`
--

CREATE TABLE IF NOT EXISTS `users` (
  `id` int(11) unsigned NOT NULL AUTO_INCREMENT,
  `ip_address` varchar(15) NOT NULL,
  `username` varchar(100) NOT NULL,
  `password` varchar(255) NOT NULL,
  `salt` varchar(255) DEFAULT NULL,
  `email` varchar(100) NOT NULL,
  `activation_code` varchar(40) DEFAULT NULL,
  `forgotten_password_code` varchar(40) DEFAULT NULL,
  `forgotten_password_time` int(11) unsigned DEFAULT NULL,
  `remember_code` varchar(40) DEFAULT NULL,
  `created_on` int(11) unsigned NOT NULL,
  `last_login` int(11) unsigned DEFAULT NULL,
  `active` tinyint(1) unsigned DEFAULT NULL,
  `first_name` varchar(50) DEFAULT NULL,
  `last_name` varchar(50) DEFAULT NULL,
  `company` varchar(100) DEFAULT NULL,
  `phone` varchar(20) DEFAULT NULL,
  PRIMARY KEY (`id`),
  UNIQUE KEY `username` (`username`)
) ENGINE=InnoDB  DEFAULT CHARSET=utf8 AUTO_INCREMENT=14 ;

--
-- Дамп данных таблицы `users`
--

INSERT INTO `users` (`id`, `ip_address`, `username`, `password`, `salt`, `email`, `activation_code`, `forgotten_password_code`, `forgotten_password_time`, `remember_code`, `created_on`, `last_login`, `active`, `first_name`, `last_name`, `company`, `phone`) VALUES
(1, '127.0.0.1', 'administrator', '$2a$07$SeBknntpZror9uyftVopmu61qg0ms8Qv1yV6FG.kQOSM.9QhmTo36', '', 'admin@admin.com', '', NULL, NULL, 'cy12ZP.s8/f.tOo.fwkcWu', 1268889823, 1445620522, 1, 'Admin', 'istrator', 'ADMIN', '0'),
(2, '127.0.0.1', 'Syrax', '$2y$08$2J7Gn70/xHnZ78a.0FgEMOw8Ab2GJ2y34YvcODIJRAPxkWxaYg8.y', NULL, 'rmk@ya.ru', NULL, NULL, NULL, 'voeiKBqQ5XU4qqIIoPlr/O', 1441608631, 1445634929, 1, 'Алекс', 'Сурок', 'RMaker', 'bla-bla');

-- --------------------------------------------------------

--
-- Структура таблицы `users_groups`
--

CREATE TABLE IF NOT EXISTS `users_groups` (
  `id` int(11) unsigned NOT NULL AUTO_INCREMENT,
  `user_id` int(11) unsigned NOT NULL,
  `group_id` mediumint(8) unsigned NOT NULL,
  PRIMARY KEY (`id`),
  UNIQUE KEY `uc_users_groups` (`user_id`,`group_id`),
  KEY `fk_users_groups_users1_idx` (`user_id`),
  KEY `fk_users_groups_groups1_idx` (`group_id`)
) ENGINE=InnoDB  DEFAULT CHARSET=utf8 AUTO_INCREMENT=19 ;

--
-- Дамп данных таблицы `users_groups`
--

INSERT INTO `users_groups` (`id`, `user_id`, `group_id`) VALUES
(1, 1, 1),
(2, 1, 2),
(18, 2, 2);

--
-- Ограничения внешнего ключа сохраненных таблиц
--

--
-- Ограничения внешнего ключа таблицы `users_groups`
--
ALTER TABLE `users_groups`
  ADD CONSTRAINT `fk_users_groups_groups1` FOREIGN KEY (`group_id`) REFERENCES `groups` (`id`) ON DELETE CASCADE ON UPDATE NO ACTION,
  ADD CONSTRAINT `fk_users_groups_users1` FOREIGN KEY (`user_id`) REFERENCES `users` (`id`) ON DELETE CASCADE ON UPDATE NO ACTION;
--
-- База данных: `rmaker_db`
--

-- --------------------------------------------------------

--
-- Структура таблицы `phpbb_acl_groups`
--

CREATE TABLE IF NOT EXISTS `phpbb_acl_groups` (
  `group_id` mediumint(8) unsigned NOT NULL DEFAULT '0',
  `forum_id` mediumint(8) unsigned NOT NULL DEFAULT '0',
  `auth_option_id` mediumint(8) unsigned NOT NULL DEFAULT '0',
  `auth_role_id` mediumint(8) unsigned NOT NULL DEFAULT '0',
  `auth_setting` tinyint(2) NOT NULL DEFAULT '0',
  KEY `group_id` (`group_id`),
  KEY `auth_opt_id` (`auth_option_id`),
  KEY `auth_role_id` (`auth_role_id`)
) ENGINE=MyISAM DEFAULT CHARSET=utf8 COLLATE=utf8_bin;

--
-- Дамп данных таблицы `phpbb_acl_groups`
--

INSERT INTO `phpbb_acl_groups` (`group_id`, `forum_id`, `auth_option_id`, `auth_role_id`, `auth_setting`) VALUES
(1, 0, 88, 0, 1),
(1, 0, 97, 0, 1),
(1, 0, 115, 0, 1),
(5, 0, 0, 5, 0),
(5, 0, 0, 1, 0),
(2, 0, 0, 6, 0),
(3, 0, 0, 6, 0),
(4, 0, 0, 5, 0),
(4, 0, 0, 10, 0),
(1, 1, 0, 17, 0),
(2, 1, 0, 17, 0),
(3, 1, 0, 17, 0),
(6, 1, 0, 17, 0),
(1, 2, 0, 17, 0),
(2, 2, 0, 15, 0),
(3, 2, 0, 15, 0),
(4, 2, 0, 21, 0),
(5, 2, 0, 14, 0),
(5, 2, 0, 10, 0),
(6, 2, 0, 19, 0),
(7, 0, 89, 0, 1),
(7, 2, 0, 24, 0),
(4, 3, 0, 21, 0),
(3, 3, 0, 15, 0),
(2, 3, 0, 15, 0),
(1, 3, 0, 17, 0),
(4, 4, 0, 21, 0),
(3, 4, 0, 15, 0),
(2, 4, 0, 15, 0),
(1, 4, 0, 17, 0),
(5, 4, 0, 14, 0),
(5, 4, 0, 10, 0),
(6, 4, 0, 19, 0),
(7, 4, 0, 24, 0),
(5, 3, 0, 14, 0),
(5, 3, 0, 10, 0),
(6, 3, 0, 19, 0),
(7, 3, 0, 24, 0),
(6, 5, 0, 17, 0),
(3, 5, 0, 17, 0),
(2, 5, 0, 17, 0),
(1, 5, 0, 17, 0),
(1, 6, 0, 17, 0),
(2, 6, 0, 15, 0),
(3, 6, 0, 15, 0),
(4, 6, 0, 21, 0),
(5, 6, 0, 14, 0),
(5, 6, 0, 10, 0),
(6, 6, 0, 19, 0),
(7, 6, 0, 24, 0),
(1, 7, 0, 17, 0),
(2, 7, 0, 15, 0),
(3, 7, 0, 15, 0),
(4, 7, 0, 21, 0),
(5, 7, 0, 14, 0),
(5, 7, 0, 10, 0),
(6, 7, 0, 19, 0),
(7, 7, 0, 24, 0),
(7, 0, 91, 0, 1),
(7, 0, 97, 0, 1),
(7, 0, 114, 0, 1),
(7, 0, 119, 0, 1),
(7, 0, 96, 0, 0),
(7, 0, 100, 0, 0),
(7, 0, 101, 0, 0),
(7, 0, 118, 0, 0),
(7, 0, 88, 0, 1);

-- --------------------------------------------------------

--
-- Структура таблицы `phpbb_acl_options`
--

CREATE TABLE IF NOT EXISTS `phpbb_acl_options` (
  `auth_option_id` mediumint(8) unsigned NOT NULL AUTO_INCREMENT,
  `auth_option` varchar(50) COLLATE utf8_bin NOT NULL DEFAULT '',
  `is_global` tinyint(1) unsigned NOT NULL DEFAULT '0',
  `is_local` tinyint(1) unsigned NOT NULL DEFAULT '0',
  `founder_only` tinyint(1) unsigned NOT NULL DEFAULT '0',
  PRIMARY KEY (`auth_option_id`),
  UNIQUE KEY `auth_option` (`auth_option`)
) ENGINE=MyISAM  DEFAULT CHARSET=utf8 COLLATE=utf8_bin AUTO_INCREMENT=124 ;

--
-- Дамп данных таблицы `phpbb_acl_options`
--

INSERT INTO `phpbb_acl_options` (`auth_option_id`, `auth_option`, `is_global`, `is_local`, `founder_only`) VALUES
(1, 'f_', 0, 1, 0),
(2, 'f_announce', 0, 1, 0),
(3, 'f_attach', 0, 1, 0),
(4, 'f_bbcode', 0, 1, 0),
(5, 'f_bump', 0, 1, 0),
(6, 'f_delete', 0, 1, 0),
(7, 'f_download', 0, 1, 0),
(8, 'f_edit', 0, 1, 0),
(9, 'f_email', 0, 1, 0),
(10, 'f_flash', 0, 1, 0),
(11, 'f_icons', 0, 1, 0),
(12, 'f_ignoreflood', 0, 1, 0),
(13, 'f_img', 0, 1, 0),
(14, 'f_list', 0, 1, 0),
(15, 'f_noapprove', 0, 1, 0),
(16, 'f_poll', 0, 1, 0),
(17, 'f_post', 0, 1, 0),
(18, 'f_postcount', 0, 1, 0),
(19, 'f_print', 0, 1, 0),
(20, 'f_read', 0, 1, 0),
(21, 'f_reply', 0, 1, 0),
(22, 'f_report', 0, 1, 0),
(23, 'f_search', 0, 1, 0),
(24, 'f_sigs', 0, 1, 0),
(25, 'f_smilies', 0, 1, 0),
(26, 'f_sticky', 0, 1, 0),
(27, 'f_subscribe', 0, 1, 0),
(28, 'f_user_lock', 0, 1, 0),
(29, 'f_vote', 0, 1, 0),
(30, 'f_votechg', 0, 1, 0),
(31, 'f_softdelete', 0, 1, 0),
(32, 'm_', 1, 1, 0),
(33, 'm_approve', 1, 1, 0),
(34, 'm_chgposter', 1, 1, 0),
(35, 'm_delete', 1, 1, 0),
(36, 'm_edit', 1, 1, 0),
(37, 'm_info', 1, 1, 0),
(38, 'm_lock', 1, 1, 0),
(39, 'm_merge', 1, 1, 0),
(40, 'm_move', 1, 1, 0),
(41, 'm_report', 1, 1, 0),
(42, 'm_split', 1, 1, 0),
(43, 'm_softdelete', 1, 1, 0),
(44, 'm_ban', 1, 0, 0),
(45, 'm_warn', 1, 0, 0),
(46, 'a_', 1, 0, 0),
(47, 'a_aauth', 1, 0, 0),
(48, 'a_attach', 1, 0, 0),
(49, 'a_authgroups', 1, 0, 0),
(50, 'a_authusers', 1, 0, 0),
(51, 'a_backup', 1, 0, 0),
(52, 'a_ban', 1, 0, 0),
(53, 'a_bbcode', 1, 0, 0),
(54, 'a_board', 1, 0, 0),
(55, 'a_bots', 1, 0, 0),
(56, 'a_clearlogs', 1, 0, 0),
(57, 'a_email', 1, 0, 0),
(58, 'a_extensions', 1, 0, 0),
(59, 'a_fauth', 1, 0, 0),
(60, 'a_forum', 1, 0, 0),
(61, 'a_forumadd', 1, 0, 0),
(62, 'a_forumdel', 1, 0, 0),
(63, 'a_group', 1, 0, 0),
(64, 'a_groupadd', 1, 0, 0),
(65, 'a_groupdel', 1, 0, 0),
(66, 'a_icons', 1, 0, 0),
(67, 'a_jabber', 1, 0, 0),
(68, 'a_language', 1, 0, 0),
(69, 'a_mauth', 1, 0, 0),
(70, 'a_modules', 1, 0, 0),
(71, 'a_names', 1, 0, 0),
(72, 'a_phpinfo', 1, 0, 0),
(73, 'a_profile', 1, 0, 0),
(74, 'a_prune', 1, 0, 0),
(75, 'a_ranks', 1, 0, 0),
(76, 'a_reasons', 1, 0, 0),
(77, 'a_roles', 1, 0, 0),
(78, 'a_search', 1, 0, 0),
(79, 'a_server', 1, 0, 0),
(80, 'a_styles', 1, 0, 0),
(81, 'a_switchperm', 1, 0, 0),
(82, 'a_uauth', 1, 0, 0),
(83, 'a_user', 1, 0, 0),
(84, 'a_userdel', 1, 0, 0),
(85, 'a_viewauth', 1, 0, 0),
(86, 'a_viewlogs', 1, 0, 0),
(87, 'a_words', 1, 0, 0),
(88, 'u_', 1, 0, 0),
(89, 'u_attach', 1, 0, 0),
(90, 'u_chgavatar', 1, 0, 0),
(91, 'u_chgcensors', 1, 0, 0),
(92, 'u_chgemail', 1, 0, 0),
(93, 'u_chggrp', 1, 0, 0),
(94, 'u_chgname', 1, 0, 0),
(95, 'u_chgpasswd', 1, 0, 0),
(96, 'u_chgprofileinfo', 1, 0, 0),
(97, 'u_download', 1, 0, 0),
(98, 'u_hideonline', 1, 0, 0),
(99, 'u_ignoreflood', 1, 0, 0),
(100, 'u_masspm', 1, 0, 0),
(101, 'u_masspm_group', 1, 0, 0),
(102, 'u_pm_attach', 1, 0, 0),
(103, 'u_pm_bbcode', 1, 0, 0),
(104, 'u_pm_delete', 1, 0, 0),
(105, 'u_pm_download', 1, 0, 0),
(106, 'u_pm_edit', 1, 0, 0),
(107, 'u_pm_emailpm', 1, 0, 0),
(108, 'u_pm_flash', 1, 0, 0),
(109, 'u_pm_forward', 1, 0, 0),
(110, 'u_pm_img', 1, 0, 0),
(111, 'u_pm_printpm', 1, 0, 0),
(112, 'u_pm_smilies', 1, 0, 0),
(113, 'u_readpm', 1, 0, 0),
(114, 'u_savedrafts', 1, 0, 0),
(115, 'u_search', 1, 0, 0),
(116, 'u_sendemail', 1, 0, 0),
(117, 'u_sendim', 1, 0, 0),
(118, 'u_sendpm', 1, 0, 0),
(119, 'u_sig', 1, 0, 0),
(120, 'u_viewonline', 1, 0, 0),
(121, 'u_viewprofile', 1, 0, 0),
(122, 'a_k_portal', 1, 0, 0),
(123, 'u_k_portal', 1, 0, 0);

-- --------------------------------------------------------

--
-- Структура таблицы `phpbb_acl_roles`
--

CREATE TABLE IF NOT EXISTS `phpbb_acl_roles` (
  `role_id` mediumint(8) unsigned NOT NULL AUTO_INCREMENT,
  `role_name` varchar(255) COLLATE utf8_bin NOT NULL DEFAULT '',
  `role_description` text COLLATE utf8_bin NOT NULL,
  `role_type` varchar(10) COLLATE utf8_bin NOT NULL DEFAULT '',
  `role_order` smallint(4) unsigned NOT NULL DEFAULT '0',
  PRIMARY KEY (`role_id`),
  KEY `role_type` (`role_type`),
  KEY `role_order` (`role_order`)
) ENGINE=MyISAM  DEFAULT CHARSET=utf8 COLLATE=utf8_bin AUTO_INCREMENT=25 ;

--
-- Дамп данных таблицы `phpbb_acl_roles`
--

INSERT INTO `phpbb_acl_roles` (`role_id`, `role_name`, `role_description`, `role_type`, `role_order`) VALUES
(1, 'ROLE_ADMIN_STANDARD', 'ROLE_DESCRIPTION_ADMIN_STANDARD', 'a_', 1),
(2, 'ROLE_ADMIN_FORUM', 'ROLE_DESCRIPTION_ADMIN_FORUM', 'a_', 3),
(3, 'ROLE_ADMIN_USERGROUP', 'ROLE_DESCRIPTION_ADMIN_USERGROUP', 'a_', 4),
(4, 'ROLE_ADMIN_FULL', 'ROLE_DESCRIPTION_ADMIN_FULL', 'a_', 2),
(5, 'ROLE_USER_FULL', 'ROLE_DESCRIPTION_USER_FULL', 'u_', 3),
(6, 'ROLE_USER_STANDARD', 'ROLE_DESCRIPTION_USER_STANDARD', 'u_', 1),
(7, 'ROLE_USER_LIMITED', 'ROLE_DESCRIPTION_USER_LIMITED', 'u_', 2),
(8, 'ROLE_USER_NOPM', 'ROLE_DESCRIPTION_USER_NOPM', 'u_', 4),
(9, 'ROLE_USER_NOAVATAR', 'ROLE_DESCRIPTION_USER_NOAVATAR', 'u_', 5),
(10, 'ROLE_MOD_FULL', 'ROLE_DESCRIPTION_MOD_FULL', 'm_', 3),
(11, 'ROLE_MOD_STANDARD', 'ROLE_DESCRIPTION_MOD_STANDARD', 'm_', 1),
(12, 'ROLE_MOD_SIMPLE', 'ROLE_DESCRIPTION_MOD_SIMPLE', 'm_', 2),
(13, 'ROLE_MOD_QUEUE', 'ROLE_DESCRIPTION_MOD_QUEUE', 'm_', 4),
(14, 'ROLE_FORUM_FULL', 'ROLE_DESCRIPTION_FORUM_FULL', 'f_', 7),
(15, 'ROLE_FORUM_STANDARD', 'ROLE_DESCRIPTION_FORUM_STANDARD', 'f_', 5),
(16, 'ROLE_FORUM_NOACCESS', 'ROLE_DESCRIPTION_FORUM_NOACCESS', 'f_', 1),
(17, 'ROLE_FORUM_READONLY', 'ROLE_DESCRIPTION_FORUM_READONLY', 'f_', 2),
(18, 'ROLE_FORUM_LIMITED', 'ROLE_DESCRIPTION_FORUM_LIMITED', 'f_', 3),
(19, 'ROLE_FORUM_BOT', 'ROLE_DESCRIPTION_FORUM_BOT', 'f_', 9),
(20, 'ROLE_FORUM_ONQUEUE', 'ROLE_DESCRIPTION_FORUM_ONQUEUE', 'f_', 8),
(21, 'ROLE_FORUM_POLLS', 'ROLE_DESCRIPTION_FORUM_POLLS', 'f_', 6),
(22, 'ROLE_FORUM_LIMITED_POLLS', 'ROLE_DESCRIPTION_FORUM_LIMITED_POLLS', 'f_', 4),
(23, 'ROLE_USER_NEW_MEMBER', 'ROLE_DESCRIPTION_USER_NEW_MEMBER', 'u_', 6),
(24, 'ROLE_FORUM_NEW_MEMBER', 'ROLE_DESCRIPTION_FORUM_NEW_MEMBER', 'f_', 10);

-- --------------------------------------------------------

--
-- Структура таблицы `phpbb_acl_roles_data`
--

CREATE TABLE IF NOT EXISTS `phpbb_acl_roles_data` (
  `role_id` mediumint(8) unsigned NOT NULL DEFAULT '0',
  `auth_option_id` mediumint(8) unsigned NOT NULL DEFAULT '0',
  `auth_setting` tinyint(2) NOT NULL DEFAULT '0',
  PRIMARY KEY (`role_id`,`auth_option_id`),
  KEY `ath_op_id` (`auth_option_id`)
) ENGINE=MyISAM DEFAULT CHARSET=utf8 COLLATE=utf8_bin;

--
-- Дамп данных таблицы `phpbb_acl_roles_data`
--

INSERT INTO `phpbb_acl_roles_data` (`role_id`, `auth_option_id`, `auth_setting`) VALUES
(1, 46, 1),
(1, 48, 1),
(1, 49, 1),
(1, 50, 1),
(1, 52, 1),
(1, 53, 1),
(1, 54, 1),
(1, 58, 1),
(1, 59, 1),
(1, 60, 1),
(1, 61, 1),
(1, 62, 1),
(1, 63, 1),
(1, 64, 1),
(1, 65, 1),
(1, 66, 1),
(1, 69, 1),
(1, 71, 1),
(1, 73, 1),
(1, 74, 1),
(1, 75, 1),
(1, 76, 1),
(1, 82, 1),
(1, 83, 1),
(1, 84, 1),
(1, 85, 1),
(1, 86, 1),
(1, 87, 1),
(2, 46, 1),
(2, 49, 1),
(2, 50, 1),
(2, 59, 1),
(2, 60, 1),
(2, 61, 1),
(2, 62, 1),
(2, 69, 1),
(2, 74, 1),
(2, 82, 1),
(2, 85, 1),
(2, 86, 1),
(3, 46, 1),
(3, 49, 1),
(3, 50, 1),
(3, 52, 1),
(3, 63, 1),
(3, 64, 1),
(3, 65, 1),
(3, 75, 1),
(3, 82, 1),
(3, 83, 1),
(3, 85, 1),
(3, 86, 1),
(4, 46, 1),
(4, 47, 1),
(4, 48, 1),
(4, 49, 1),
(4, 50, 1),
(4, 51, 1),
(4, 52, 1),
(4, 53, 1),
(4, 54, 1),
(4, 55, 1),
(4, 56, 1),
(4, 57, 1),
(4, 58, 1),
(4, 59, 1),
(4, 60, 1),
(4, 61, 1),
(4, 62, 1),
(4, 63, 1),
(4, 64, 1),
(4, 65, 1),
(4, 66, 1),
(4, 67, 1),
(4, 68, 1),
(4, 69, 1),
(4, 70, 1),
(4, 71, 1),
(4, 72, 1),
(4, 73, 1),
(4, 74, 1),
(4, 75, 1),
(4, 76, 1),
(4, 77, 1),
(4, 78, 1),
(4, 79, 1),
(4, 80, 1),
(4, 81, 1),
(4, 82, 1),
(4, 83, 1),
(4, 84, 1),
(4, 85, 1),
(4, 86, 1),
(4, 87, 1),
(5, 88, 1),
(5, 89, 1),
(5, 90, 1),
(5, 91, 1),
(5, 92, 1),
(5, 93, 1),
(5, 94, 1),
(5, 95, 1),
(5, 96, 1),
(5, 97, 1),
(5, 98, 1),
(5, 99, 1),
(5, 100, 1),
(5, 101, 1),
(5, 102, 1),
(5, 103, 1),
(5, 104, 1),
(5, 105, 1),
(5, 106, 1),
(5, 107, 1),
(5, 108, 1),
(5, 109, 1),
(5, 110, 1),
(5, 111, 1),
(5, 112, 1),
(5, 113, 1),
(5, 114, 1),
(5, 115, 1),
(5, 116, 1),
(5, 117, 1),
(5, 118, 1),
(5, 119, 1),
(5, 120, 1),
(5, 121, 1),
(6, 88, 1),
(6, 89, 1),
(6, 90, 1),
(6, 91, 1),
(6, 92, 1),
(6, 95, 1),
(6, 96, 1),
(6, 97, 1),
(6, 98, 1),
(6, 100, 1),
(6, 101, 1),
(6, 102, 1),
(6, 103, 1),
(6, 104, 1),
(6, 105, 1),
(6, 106, 1),
(6, 107, 1),
(6, 110, 1),
(6, 111, 1),
(6, 112, 1),
(6, 113, 1),
(6, 114, 1),
(6, 115, 1),
(6, 116, 1),
(6, 117, 1),
(6, 118, 1),
(6, 119, 1),
(6, 121, 1),
(7, 88, 1),
(7, 90, 1),
(7, 91, 1),
(7, 92, 1),
(7, 95, 1),
(7, 96, 1),
(7, 97, 1),
(7, 98, 1),
(7, 103, 1),
(7, 104, 1),
(7, 105, 1),
(7, 106, 1),
(7, 109, 1),
(7, 110, 1),
(7, 111, 1),
(7, 112, 1),
(7, 113, 1),
(7, 118, 1),
(7, 119, 1),
(7, 121, 1),
(8, 88, 1),
(8, 90, 1),
(8, 91, 1),
(8, 92, 1),
(8, 95, 1),
(8, 97, 1),
(8, 98, 1),
(8, 119, 1),
(8, 121, 1),
(8, 100, 0),
(8, 101, 0),
(8, 113, 0),
(8, 118, 0),
(9, 88, 1),
(9, 91, 1),
(9, 92, 1),
(9, 95, 1),
(9, 96, 1),
(9, 97, 1),
(9, 98, 1),
(9, 103, 1),
(9, 104, 1),
(9, 105, 1),
(9, 106, 1),
(9, 109, 1),
(9, 110, 1),
(9, 111, 1),
(9, 112, 1),
(9, 113, 1),
(9, 118, 1),
(9, 119, 1),
(9, 121, 1),
(9, 90, 0),
(10, 32, 1),
(10, 33, 1),
(10, 44, 1),
(10, 34, 1),
(10, 35, 1),
(10, 36, 1),
(10, 37, 1),
(10, 38, 1),
(10, 39, 1),
(10, 40, 1),
(10, 41, 1),
(10, 43, 1),
(10, 42, 1),
(10, 45, 1),
(11, 32, 1),
(11, 33, 1),
(11, 35, 1),
(11, 36, 1),
(11, 37, 1),
(11, 38, 1),
(11, 39, 1),
(11, 40, 1),
(11, 41, 1),
(11, 43, 1),
(11, 42, 1),
(11, 45, 1),
(12, 32, 1),
(12, 35, 1),
(12, 36, 1),
(12, 37, 1),
(12, 41, 1),
(12, 43, 1),
(13, 32, 1),
(13, 33, 1),
(13, 36, 1),
(14, 1, 1),
(14, 2, 1),
(14, 3, 1),
(14, 4, 1),
(14, 5, 1),
(14, 6, 1),
(14, 7, 1),
(14, 8, 1),
(14, 9, 1),
(14, 10, 1),
(14, 11, 1),
(14, 12, 1),
(14, 13, 1),
(14, 14, 1),
(14, 15, 1),
(14, 16, 1),
(14, 17, 1),
(14, 18, 1),
(14, 19, 1),
(14, 20, 1),
(14, 21, 1),
(14, 22, 1),
(14, 23, 1),
(14, 24, 1),
(14, 25, 1),
(14, 31, 1),
(14, 26, 1),
(14, 27, 1),
(14, 28, 1),
(14, 29, 1),
(14, 30, 1),
(15, 1, 1),
(15, 3, 1),
(15, 4, 1),
(15, 5, 1),
(15, 6, 1),
(15, 7, 1),
(15, 8, 1),
(15, 9, 1),
(15, 11, 1),
(15, 13, 1),
(15, 14, 1),
(15, 15, 1),
(15, 17, 1),
(15, 18, 1),
(15, 19, 1),
(15, 20, 1),
(15, 21, 1),
(15, 22, 1),
(15, 23, 1),
(15, 24, 1),
(15, 25, 1),
(15, 31, 1),
(15, 27, 1),
(15, 29, 1),
(15, 30, 1),
(16, 1, 0),
(17, 1, 1),
(17, 7, 1),
(17, 14, 1),
(17, 19, 1),
(17, 20, 1),
(17, 23, 1),
(17, 27, 1),
(18, 1, 1),
(18, 4, 1),
(18, 7, 1),
(18, 8, 1),
(18, 9, 1),
(18, 13, 1),
(18, 14, 1),
(18, 15, 1),
(18, 17, 1),
(18, 18, 1),
(18, 19, 1),
(18, 20, 1),
(18, 21, 1),
(18, 22, 1),
(18, 23, 1),
(18, 24, 1),
(18, 25, 1),
(18, 27, 1),
(18, 29, 1),
(18, 31, 1),
(19, 1, 1),
(19, 7, 1),
(19, 14, 1),
(19, 19, 1),
(19, 20, 1),
(20, 1, 1),
(20, 3, 1),
(20, 4, 1),
(20, 7, 1),
(20, 8, 1),
(20, 9, 1),
(20, 13, 1),
(20, 14, 1),
(20, 17, 1),
(20, 18, 1),
(20, 19, 1),
(20, 20, 1),
(20, 21, 1),
(20, 22, 1),
(20, 23, 1),
(20, 24, 1),
(20, 25, 1),
(20, 27, 1),
(20, 29, 1),
(20, 31, 1),
(20, 15, 0),
(21, 1, 1),
(21, 3, 1),
(21, 4, 1),
(21, 5, 1),
(21, 6, 1),
(21, 7, 1),
(21, 8, 1),
(21, 9, 1),
(21, 11, 1),
(21, 13, 1),
(21, 14, 1),
(21, 15, 1),
(21, 16, 1),
(21, 17, 1),
(21, 18, 1),
(21, 19, 1),
(21, 20, 1),
(21, 21, 1),
(21, 22, 1),
(21, 23, 1),
(21, 24, 1),
(21, 25, 1),
(21, 31, 1),
(21, 27, 1),
(21, 29, 1),
(21, 30, 1),
(22, 1, 1),
(22, 4, 1),
(22, 7, 1),
(22, 8, 1),
(22, 9, 1),
(22, 13, 1),
(22, 14, 1),
(22, 15, 1),
(22, 16, 1),
(22, 17, 1),
(22, 18, 1),
(22, 19, 1),
(22, 20, 1),
(22, 21, 1),
(22, 22, 1),
(22, 23, 1),
(22, 24, 1),
(22, 25, 1),
(22, 27, 1),
(22, 29, 1),
(22, 31, 1),
(23, 96, 0),
(23, 100, 0),
(23, 101, 0),
(23, 118, 0),
(24, 15, 0),
(4, 122, 1),
(6, 123, 1);

-- --------------------------------------------------------

--
-- Структура таблицы `phpbb_acl_users`
--

CREATE TABLE IF NOT EXISTS `phpbb_acl_users` (
  `user_id` mediumint(8) unsigned NOT NULL DEFAULT '0',
  `forum_id` mediumint(8) unsigned NOT NULL DEFAULT '0',
  `auth_option_id` mediumint(8) unsigned NOT NULL DEFAULT '0',
  `auth_role_id` mediumint(8) unsigned NOT NULL DEFAULT '0',
  `auth_setting` tinyint(2) NOT NULL DEFAULT '0',
  KEY `user_id` (`user_id`),
  KEY `auth_option_id` (`auth_option_id`),
  KEY `auth_role_id` (`auth_role_id`)
) ENGINE=MyISAM DEFAULT CHARSET=utf8 COLLATE=utf8_bin;

--
-- Дамп данных таблицы `phpbb_acl_users`
--

INSERT INTO `phpbb_acl_users` (`user_id`, `forum_id`, `auth_option_id`, `auth_role_id`, `auth_setting`) VALUES
(2, 0, 0, 5, 0),
(48, 0, 0, 10, 0),
(48, 1, 0, 10, 0),
(48, 2, 0, 10, 0),
(48, 3, 0, 10, 0),
(48, 4, 0, 10, 0),
(48, 5, 0, 10, 0),
(48, 6, 0, 10, 0),
(48, 7, 0, 10, 0),
(48, 0, 0, 6, 0);

-- --------------------------------------------------------

--
-- Структура таблицы `phpbb_attachments`
--

CREATE TABLE IF NOT EXISTS `phpbb_attachments` (
  `attach_id` mediumint(8) unsigned NOT NULL AUTO_INCREMENT,
  `post_msg_id` mediumint(8) unsigned NOT NULL DEFAULT '0',
  `topic_id` mediumint(8) unsigned NOT NULL DEFAULT '0',
  `in_message` tinyint(1) unsigned NOT NULL DEFAULT '0',
  `poster_id` mediumint(8) unsigned NOT NULL DEFAULT '0',
  `is_orphan` tinyint(1) unsigned NOT NULL DEFAULT '1',
  `physical_filename` varchar(255) COLLATE utf8_bin NOT NULL DEFAULT '',
  `real_filename` varchar(255) COLLATE utf8_bin NOT NULL DEFAULT '',
  `download_count` mediumint(8) unsigned NOT NULL DEFAULT '0',
  `attach_comment` text COLLATE utf8_bin NOT NULL,
  `extension` varchar(100) COLLATE utf8_bin NOT NULL DEFAULT '',
  `mimetype` varchar(100) COLLATE utf8_bin NOT NULL DEFAULT '',
  `filesize` int(20) unsigned NOT NULL DEFAULT '0',
  `filetime` int(11) unsigned NOT NULL DEFAULT '0',
  `thumbnail` tinyint(1) unsigned NOT NULL DEFAULT '0',
  PRIMARY KEY (`attach_id`),
  KEY `filetime` (`filetime`),
  KEY `post_msg_id` (`post_msg_id`),
  KEY `topic_id` (`topic_id`),
  KEY `poster_id` (`poster_id`),
  KEY `is_orphan` (`is_orphan`)
) ENGINE=MyISAM DEFAULT CHARSET=utf8 COLLATE=utf8_bin AUTO_INCREMENT=1 ;

-- --------------------------------------------------------

--
-- Структура таблицы `phpbb_banlist`
--

CREATE TABLE IF NOT EXISTS `phpbb_banlist` (
  `ban_id` mediumint(8) unsigned NOT NULL AUTO_INCREMENT,
  `ban_userid` mediumint(8) unsigned NOT NULL DEFAULT '0',
  `ban_ip` varchar(40) COLLATE utf8_bin NOT NULL DEFAULT '',
  `ban_email` varchar(100) COLLATE utf8_bin NOT NULL DEFAULT '',
  `ban_start` int(11) unsigned NOT NULL DEFAULT '0',
  `ban_end` int(11) unsigned NOT NULL DEFAULT '0',
  `ban_exclude` tinyint(1) unsigned NOT NULL DEFAULT '0',
  `ban_reason` varchar(255) COLLATE utf8_bin NOT NULL DEFAULT '',
  `ban_give_reason` varchar(255) COLLATE utf8_bin NOT NULL DEFAULT '',
  PRIMARY KEY (`ban_id`),
  KEY `ban_end` (`ban_end`),
  KEY `ban_user` (`ban_userid`,`ban_exclude`),
  KEY `ban_email` (`ban_email`,`ban_exclude`),
  KEY `ban_ip` (`ban_ip`,`ban_exclude`)
) ENGINE=MyISAM DEFAULT CHARSET=utf8 COLLATE=utf8_bin AUTO_INCREMENT=1 ;

-- --------------------------------------------------------

--
-- Структура таблицы `phpbb_bbcodes`
--

CREATE TABLE IF NOT EXISTS `phpbb_bbcodes` (
  `bbcode_id` smallint(4) unsigned NOT NULL DEFAULT '0',
  `bbcode_tag` varchar(16) COLLATE utf8_bin NOT NULL DEFAULT '',
  `bbcode_helpline` varchar(255) COLLATE utf8_bin NOT NULL DEFAULT '',
  `display_on_posting` tinyint(1) unsigned NOT NULL DEFAULT '0',
  `bbcode_match` text COLLATE utf8_bin NOT NULL,
  `bbcode_tpl` mediumtext COLLATE utf8_bin NOT NULL,
  `first_pass_match` mediumtext COLLATE utf8_bin NOT NULL,
  `first_pass_replace` mediumtext COLLATE utf8_bin NOT NULL,
  `second_pass_match` mediumtext COLLATE utf8_bin NOT NULL,
  `second_pass_replace` mediumtext COLLATE utf8_bin NOT NULL,
  PRIMARY KEY (`bbcode_id`),
  KEY `display_on_post` (`display_on_posting`)
) ENGINE=MyISAM DEFAULT CHARSET=utf8 COLLATE=utf8_bin;

-- --------------------------------------------------------

--
-- Структура таблицы `phpbb_bookmarks`
--

CREATE TABLE IF NOT EXISTS `phpbb_bookmarks` (
  `topic_id` mediumint(8) unsigned NOT NULL DEFAULT '0',
  `user_id` mediumint(8) unsigned NOT NULL DEFAULT '0',
  PRIMARY KEY (`topic_id`,`user_id`)
) ENGINE=MyISAM DEFAULT CHARSET=utf8 COLLATE=utf8_bin;

-- --------------------------------------------------------

--
-- Структура таблицы `phpbb_bots`
--

CREATE TABLE IF NOT EXISTS `phpbb_bots` (
  `bot_id` mediumint(8) unsigned NOT NULL AUTO_INCREMENT,
  `bot_active` tinyint(1) unsigned NOT NULL DEFAULT '1',
  `bot_name` varchar(255) COLLATE utf8_bin NOT NULL DEFAULT '',
  `user_id` mediumint(8) unsigned NOT NULL DEFAULT '0',
  `bot_agent` varchar(255) COLLATE utf8_bin NOT NULL DEFAULT '',
  `bot_ip` varchar(255) COLLATE utf8_bin NOT NULL DEFAULT '',
  PRIMARY KEY (`bot_id`),
  KEY `bot_active` (`bot_active`)
) ENGINE=MyISAM  DEFAULT CHARSET=utf8 COLLATE=utf8_bin AUTO_INCREMENT=46 ;

--
-- Дамп данных таблицы `phpbb_bots`
--

INSERT INTO `phpbb_bots` (`bot_id`, `bot_active`, `bot_name`, `user_id`, `bot_agent`, `bot_ip`) VALUES
(1, 1, 'AdsBot [Google]', 3, 'AdsBot-Google', ''),
(2, 1, 'Alexa [Bot]', 4, 'ia_archiver', ''),
(3, 1, 'Alta Vista [Bot]', 5, 'Scooter/', ''),
(4, 1, 'Ask Jeeves [Bot]', 6, 'Ask Jeeves', ''),
(5, 1, 'Baidu [Spider]', 7, 'Baiduspider', ''),
(6, 1, 'Bing [Bot]', 8, 'bingbot/', ''),
(7, 1, 'Exabot [Bot]', 9, 'Exabot', ''),
(8, 1, 'FAST Enterprise [Crawler]', 10, 'FAST Enterprise Crawler', ''),
(9, 1, 'FAST WebCrawler [Crawler]', 11, 'FAST-WebCrawler/', ''),
(10, 1, 'Francis [Bot]', 12, 'http://www.neomo.de/', ''),
(11, 1, 'Gigabot [Bot]', 13, 'Gigabot/', ''),
(12, 1, 'Google Adsense [Bot]', 14, 'Mediapartners-Google', ''),
(13, 1, 'Google Desktop', 15, 'Google Desktop', ''),
(14, 1, 'Google Feedfetcher', 16, 'Feedfetcher-Google', ''),
(15, 1, 'Google [Bot]', 17, 'Googlebot', ''),
(16, 1, 'Heise IT-Markt [Crawler]', 18, 'heise-IT-Markt-Crawler', ''),
(17, 1, 'Heritrix [Crawler]', 19, 'heritrix/1.', ''),
(18, 1, 'IBM Research [Bot]', 20, 'ibm.com/cs/crawler', ''),
(19, 1, 'ICCrawler - ICjobs', 21, 'ICCrawler - ICjobs', ''),
(20, 1, 'ichiro [Crawler]', 22, 'ichiro/', ''),
(21, 1, 'Majestic-12 [Bot]', 23, 'MJ12bot/', ''),
(22, 1, 'Metager [Bot]', 24, 'MetagerBot/', ''),
(23, 1, 'MSN NewsBlogs', 25, 'msnbot-NewsBlogs/', ''),
(24, 1, 'MSN [Bot]', 26, 'msnbot/', ''),
(25, 1, 'MSNbot Media', 27, 'msnbot-media/', ''),
(26, 1, 'Nutch [Bot]', 28, 'http://lucene.apache.org/nutch/', ''),
(27, 1, 'Online link [Validator]', 29, 'online link validator', ''),
(28, 1, 'psbot [Picsearch]', 30, 'psbot/0', ''),
(29, 1, 'Sensis [Crawler]', 31, 'Sensis Web Crawler', ''),
(30, 1, 'SEO Crawler', 32, 'SEO search Crawler/', ''),
(31, 1, 'Seoma [Crawler]', 33, 'Seoma [SEO Crawler]', ''),
(32, 1, 'SEOSearch [Crawler]', 34, 'SEOsearch/', ''),
(33, 1, 'Snappy [Bot]', 35, 'Snappy/1.1 ( http://www.urltrends.com/ )', ''),
(34, 1, 'Steeler [Crawler]', 36, 'http://www.tkl.iis.u-tokyo.ac.jp/~crawler/', ''),
(35, 1, 'Telekom [Bot]', 37, 'crawleradmin.t-info@telekom.de', ''),
(36, 1, 'TurnitinBot [Bot]', 38, 'TurnitinBot/', ''),
(37, 1, 'Voyager [Bot]', 39, 'voyager/', ''),
(38, 1, 'W3 [Sitesearch]', 40, 'W3 SiteSearch Crawler', ''),
(39, 1, 'W3C [Linkcheck]', 41, 'W3C-checklink/', ''),
(40, 1, 'W3C [Validator]', 42, 'W3C_Validator', ''),
(41, 1, 'YaCy [Bot]', 43, 'yacybot', ''),
(42, 1, 'Yahoo MMCrawler [Bot]', 44, 'Yahoo-MMCrawler/', ''),
(43, 1, 'Yahoo Slurp [Bot]', 45, 'Yahoo! DE Slurp', ''),
(44, 1, 'Yahoo [Bot]', 46, 'Yahoo! Slurp', ''),
(45, 1, 'YahooSeeker [Bot]', 47, 'YahooSeeker/', '');

-- --------------------------------------------------------

--
-- Структура таблицы `phpbb_config`
--

CREATE TABLE IF NOT EXISTS `phpbb_config` (
  `config_name` varchar(255) COLLATE utf8_bin NOT NULL DEFAULT '',
  `config_value` varchar(255) COLLATE utf8_bin NOT NULL DEFAULT '',
  `is_dynamic` tinyint(1) unsigned NOT NULL DEFAULT '0',
  PRIMARY KEY (`config_name`),
  KEY `is_dynamic` (`is_dynamic`)
) ENGINE=MyISAM DEFAULT CHARSET=utf8 COLLATE=utf8_bin;

--
-- Дамп данных таблицы `phpbb_config`
--

INSERT INTO `phpbb_config` (`config_name`, `config_value`, `is_dynamic`) VALUES
('active_sessions', '0', 0),
('allow_attachments', '1', 0),
('allow_autologin', '1', 0),
('allow_avatar', '1', 0),
('allow_avatar_gravatar', '0', 0),
('allow_avatar_local', '0', 0),
('allow_avatar_remote', '0', 0),
('allow_avatar_upload', '1', 0),
('allow_avatar_remote_upload', '0', 0),
('allow_bbcode', '1', 0),
('allow_birthdays', '1', 0),
('allow_bookmarks', '1', 0),
('allow_cdn', '0', 0),
('allow_emailreuse', '0', 0),
('allow_password_reset', '1', 0),
('allow_forum_notify', '1', 0),
('allow_live_searches', '1', 0),
('allow_mass_pm', '1', 0),
('allow_name_chars', 'USERNAME_CHARS_ANY', 0),
('allow_namechange', '0', 0),
('allow_nocensors', '0', 0),
('allow_pm_attach', '0', 0),
('allow_pm_report', '0', 0),
('allow_post_flash', '0', 0),
('allow_post_links', '1', 0),
('allow_privmsg', '1', 0),
('allow_quick_reply', '1', 0),
('allow_sig', '1', 0),
('allow_sig_bbcode', '1', 0),
('allow_sig_flash', '0', 0),
('allow_sig_img', '1', 0),
('allow_sig_links', '1', 0),
('allow_sig_pm', '1', 0),
('allow_sig_smilies', '1', 0),
('allow_smilies', '1', 0),
('allow_topic_notify', '1', 0),
('assets_version', '4', 0),
('attachment_quota', '52428800', 0),
('auth_bbcode_pm', '1', 0),
('auth_flash_pm', '0', 0),
('auth_img_pm', '1', 0),
('auth_method', 'db', 0),
('auth_smilies_pm', '1', 0),
('avatar_filesize', '131072', 0),
('avatar_gallery_path', 'images/avatars/gallery', 0),
('avatar_max_height', '128', 0),
('avatar_max_width', '128', 0),
('avatar_min_height', '20', 0),
('avatar_min_width', '20', 0),
('avatar_path', 'images/avatars/upload', 0),
('avatar_salt', '7acc212c9b46db6b4fab9361f750a1ad', 0),
('board_contact', 'rm2kfiles@ya.ru', 0),
('board_contact_name', 'Администратор форума RMaker', 0),
('board_disable', '0', 0),
('board_disable_msg', '', 0),
('board_email', 'rm2kfiles@ya.ru', 0),
('board_email_form', '0', 0),
('board_email_sig', 'Вас благодарит администрация сайта RMaker.ru.\nС уважением,\nСурков Александр.', 0),
('board_hide_emails', '1', 0),
('board_index_text', '', 0),
('board_timezone', 'Europe/Moscow', 0),
('browser_check', '1', 0),
('bump_interval', '10', 0),
('bump_type', 'd', 0),
('cache_gc', '7200', 0),
('captcha_plugin', 'core.captcha.plugins.recaptcha', 0),
('captcha_gd', '1', 0),
('captcha_gd_foreground_noise', '1', 0),
('captcha_gd_x_grid', '100', 0),
('captcha_gd_y_grid', '100', 0),
('captcha_gd_wave', '1', 0),
('captcha_gd_3d_noise', '0', 0),
('captcha_gd_fonts', '2', 0),
('confirm_refresh', '1', 0),
('check_attachment_content', '1', 0),
('check_dnsbl', '0', 0),
('chg_passforce', '0', 0),
('contact_admin_form_enable', '1', 0),
('cookie_domain', 'rmaker.ru', 0),
('cookie_name', 'phpbb3_jslfw', 0),
('cookie_path', '/', 0),
('cookie_secure', '0', 0),
('coppa_enable', '0', 0),
('coppa_fax', '', 0),
('coppa_mail', '', 0),
('database_gc', '604800', 0),
('dbms_version', '5.1.41-log', 0),
('default_dateformat', '|d M Y|, H:i', 0),
('default_style', '3', 0),
('display_last_edited', '1', 0),
('display_last_subject', '1', 0),
('display_order', '0', 0),
('edit_time', '0', 0),
('extension_force_unstable', '0', 0),
('delete_time', '0', 0),
('email_check_mx', '1', 0),
('email_enable', '1', 0),
('email_function_name', 'mail', 0),
('email_max_chunk_size', '50', 0),
('email_package_size', '20', 0),
('enable_confirm', '1', 0),
('enable_mod_rewrite', '0', 0),
('enable_pm_icons', '1', 0),
('enable_post_confirm', '1', 0),
('feed_enable', '1', 0),
('feed_http_auth', '0', 0),
('feed_limit_post', '15', 0),
('feed_limit_topic', '10', 0),
('feed_overall_forums', '0', 0),
('feed_overall', '1', 0),
('feed_forum', '1', 0),
('feed_topic', '1', 0),
('feed_topics_new', '1', 0),
('feed_topics_active', '0', 0),
('feed_item_statistics', '1', 0),
('flood_interval', '15', 0),
('force_server_vars', '0', 0),
('form_token_lifetime', '7200', 0),
('form_token_mintime', '0', 0),
('form_token_sid_guests', '1', 0),
('forward_pm', '1', 0),
('forwarded_for_check', '0', 0),
('full_folder_action', '1', 0),
('fulltext_mysql_max_word_len', '254', 0),
('fulltext_mysql_min_word_len', '4', 0),
('fulltext_native_common_thres', '5', 0),
('fulltext_native_load_upd', '1', 0),
('fulltext_native_max_chars', '14', 0),
('fulltext_native_min_chars', '3', 0),
('fulltext_postgres_max_word_len', '254', 0),
('fulltext_postgres_min_word_len', '4', 0),
('fulltext_postgres_ts_name', 'simple', 0),
('fulltext_sphinx_indexer_mem_limit', '512', 0),
('fulltext_sphinx_stopwords', '0', 0),
('gzip_compress', '0', 0),
('hot_threshold', '0', 0),
('icons_path', 'images/icons', 0),
('img_create_thumbnail', '0', 0),
('img_display_inlined', '1', 0),
('img_imagick', '/usr/local/bin/', 0),
('img_link_height', '0', 0),
('img_link_width', '0', 0),
('img_max_height', '0', 0),
('img_max_thumb_width', '400', 0),
('img_max_width', '0', 0),
('img_min_thumb_filesize', '12000', 0),
('ip_check', '3', 0),
('ip_login_limit_max', '50', 0),
('ip_login_limit_time', '21600', 0),
('ip_login_limit_use_forwarded', '0', 0),
('jab_enable', '0', 0),
('jab_host', '', 0),
('jab_password', '', 0),
('jab_package_size', '20', 0),
('jab_port', '5222', 0),
('jab_use_ssl', '0', 0),
('jab_username', '', 0),
('ldap_base_dn', '', 0),
('ldap_email', '', 0),
('ldap_password', 'SyraxVSSmoke13!', 0),
('ldap_port', '', 0),
('ldap_server', '', 0),
('ldap_uid', '', 0),
('ldap_user', 'Syrax', 0),
('ldap_user_filter', '', 0),
('legend_sort_groupname', '0', 0),
('limit_load', '0', 0),
('limit_search_load', '0', 0),
('load_anon_lastread', '0', 0),
('load_birthdays', '1', 0),
('load_cpf_memberlist', '1', 0),
('load_cpf_pm', '1', 0),
('load_cpf_viewprofile', '1', 0),
('load_cpf_viewtopic', '1', 0),
('load_db_lastread', '1', 0),
('load_db_track', '1', 0),
('load_jquery_url', '//ajax.googleapis.com/ajax/libs/jquery/1.11.0/jquery.min.js', 0),
('load_jumpbox', '1', 0),
('load_moderators', '1', 0),
('load_notifications', '1', 0),
('load_online', '1', 0),
('load_online_guests', '1', 0),
('load_online_time', '5', 0),
('load_onlinetrack', '1', 0),
('load_search', '1', 0),
('load_tplcompile', '0', 0),
('load_unreads_search', '1', 0),
('load_user_activity', '1', 0),
('max_attachments', '3', 0),
('max_attachments_pm', '1', 0),
('max_autologin_time', '0', 0),
('max_filesize', '262144', 0),
('max_filesize_pm', '262144', 0),
('max_login_attempts', '0', 0),
('max_name_chars', '20', 0),
('max_num_search_keywords', '10', 0),
('max_pass_chars', '32', 0),
('max_poll_options', '10', 0),
('max_post_chars', '0', 0),
('max_post_font_size', '200', 0),
('max_post_img_height', '0', 0),
('max_post_img_width', '0', 0),
('max_post_smilies', '0', 0),
('max_post_urls', '0', 0),
('max_quote_depth', '3', 0),
('max_reg_attempts', '5', 0),
('max_sig_chars', '255', 0),
('max_sig_font_size', '100', 0),
('max_sig_img_height', '100', 0),
('max_sig_img_width', '0', 0),
('max_sig_smilies', '0', 0),
('max_sig_urls', '5', 0),
('min_name_chars', '3', 0),
('min_pass_chars', '6', 0),
('min_post_chars', '1', 0),
('min_search_author_chars', '3', 0),
('mime_triggers', 'body|head|html|img|plaintext|a href|pre|script|table|title', 0),
('new_member_post_limit', '0', 0),
('new_member_group_default', '0', 0),
('override_user_style', '1', 0),
('pass_complex', 'PASS_TYPE_ANY', 0),
('plupload_salt', 'd209afa0118bc7642a206387bbf511eb', 0),
('pm_edit_time', '1', 0),
('pm_max_boxes', '1', 0),
('pm_max_msgs', '50', 0),
('pm_max_recipients', '0', 0),
('posts_per_page', '10', 0),
('print_pm', '1', 0),
('queue_interval', '60', 0),
('ranks_path', 'images/ranks', 0),
('read_notification_expire_days', '30', 0),
('read_notification_gc', '86400', 0),
('require_activation', '3', 0),
('referer_validation', '1', 0),
('script_path', '/forum', 0),
('search_block_size', '250', 0),
('search_gc', '7200', 0),
('search_interval', '0', 0),
('search_anonymous_interval', '0', 0),
('search_type', '\\phpbb\\search\\fulltext_native', 0),
('search_store_results', '1800', 0),
('secure_allow_deny', '1', 0),
('secure_allow_empty_referer', '1', 0),
('secure_downloads', '0', 0),
('server_name', 'rmaker.ru', 0),
('server_port', '80', 0),
('server_protocol', 'http://', 0),
('session_gc', '3600', 0),
('session_length', '3600', 0),
('site_desc', 'Конференция разработчиков игр 1979', 0),
('site_home_url', 'http://localhost/', 0),
('site_home_text', 'RMaker', 0),
('sitename', 'RMaker', 0),
('smilies_path', 'images/smilies', 0),
('smilies_per_page', '50', 0),
('smtp_auth_method', 'PLAIN', 0),
('smtp_delivery', '0', 0),
('smtp_host', '', 0),
('smtp_password', 'gxgjgumt', 0),
('smtp_port', '25', 0),
('smtp_username', 'admin', 0),
('teampage_memberships', '1', 0),
('teampage_forums', '1', 0),
('topics_per_page', '25', 0),
('tpl_allow_php', '0', 0),
('upload_icons_path', 'images/upload_icons', 0),
('upload_path', 'files', 0),
('use_system_cron', '0', 0),
('version', '3.1.5', 0),
('warnings_expire_days', '90', 0),
('warnings_gc', '14400', 0),
('cache_last_gc', '1445632051', 1),
('cron_lock', '0', 1),
('database_last_gc', '1445184123', 1),
('last_queue_run', '1438896465', 1),
('newest_user_colour', '', 1),
('newest_user_id', '117', 1),
('newest_username', 'Ясичка', 1),
('num_files', '0', 1),
('num_posts', '38', 1),
('num_topics', '9', 1),
('num_users', '10', 1),
('plupload_last_gc', '0', 1),
('rand_seed', '1730c469232945f434fc0a902d68efd5', 1),
('rand_seed_last_update', '1445636605', 1),
('read_notification_last_gc', '1445587015', 1),
('record_online_date', '1439565992', 1),
('record_online_users', '9', 1),
('search_indexing_state', '', 1),
('search_last_gc', '1445628579', 1),
('session_last_gc', '1445636608', 1),
('upload_dir_size', '0', 1),
('warnings_last_gc', '1445624779', 1),
('board_startdate', '1435523269', 0),
('default_lang', 'ru', 0),
('questionnaire_unique_id', 'e1c7eea72a517aab', 0),
('auth_oauth_bitly_key', '', 0),
('auth_oauth_bitly_secret', '', 0),
('auth_oauth_facebook_key', '', 0),
('auth_oauth_facebook_secret', '', 0),
('auth_oauth_google_key', '', 0),
('auth_oauth_google_secret', '', 0),
('fulltext_sphinx_id', '7b360944f29979a1', 0),
('recaptcha_pubkey', '6LdN9gkTAAAAABwTu9D9n9FyzLoOOaE8EhvOSzSJ', 0),
('recaptcha_privkey', '6LdN9gkTAAAAAFY-EvoBv0Hv0argbFLakzMX8lww', 0),
('upload_ext_dir', 'store/ext', 0),
('upload_version', '3.1.1', 0),
('portal_enabled', '1', 0),
('blocks_enabled', '1', 0),
('portal_version', '1.0.1', 0),
('portal_build', '310-002', 0),
('blocks_width', '190', 0),
('portal_mod_version', '1.0.0', 0);

-- --------------------------------------------------------

--
-- Структура таблицы `phpbb_config_text`
--

CREATE TABLE IF NOT EXISTS `phpbb_config_text` (
  `config_name` varchar(255) COLLATE utf8_bin NOT NULL DEFAULT '',
  `config_value` mediumtext COLLATE utf8_bin NOT NULL,
  PRIMARY KEY (`config_name`)
) ENGINE=MyISAM DEFAULT CHARSET=utf8 COLLATE=utf8_bin;

--
-- Дамп данных таблицы `phpbb_config_text`
--

INSERT INTO `phpbb_config_text` (`config_name`, `config_value`) VALUES
('contact_admin_info', 'Постарайтесь кратко описать проблему, указать необходимую информацию для максимально быстрого поиска, на какой именно странице сайта она возникла, какие были совершены действия перед этим. Если это вопрос, сформулируйте его точно и корректно. Администрация оставляет за собой право не отвечать на грубые письма и некорректно сформулированные вопросы.'),
('contact_admin_info_uid', ''),
('contact_admin_info_bitfield', ''),
('contact_admin_info_flags', '7');

-- --------------------------------------------------------

--
-- Структура таблицы `phpbb_confirm`
--

CREATE TABLE IF NOT EXISTS `phpbb_confirm` (
  `confirm_id` char(32) COLLATE utf8_bin NOT NULL DEFAULT '',
  `session_id` char(32) COLLATE utf8_bin NOT NULL DEFAULT '',
  `confirm_type` tinyint(3) NOT NULL DEFAULT '0',
  `code` varchar(8) COLLATE utf8_bin NOT NULL DEFAULT '',
  `seed` int(10) unsigned NOT NULL DEFAULT '0',
  `attempts` mediumint(8) unsigned NOT NULL DEFAULT '0',
  PRIMARY KEY (`session_id`,`confirm_id`),
  KEY `confirm_type` (`confirm_type`)
) ENGINE=MyISAM DEFAULT CHARSET=utf8 COLLATE=utf8_bin;

-- --------------------------------------------------------

--
-- Структура таблицы `phpbb_disallow`
--

CREATE TABLE IF NOT EXISTS `phpbb_disallow` (
  `disallow_id` mediumint(8) unsigned NOT NULL AUTO_INCREMENT,
  `disallow_username` varchar(255) COLLATE utf8_bin NOT NULL DEFAULT '',
  PRIMARY KEY (`disallow_id`)
) ENGINE=MyISAM DEFAULT CHARSET=utf8 COLLATE=utf8_bin AUTO_INCREMENT=1 ;

-- --------------------------------------------------------

--
-- Структура таблицы `phpbb_drafts`
--

CREATE TABLE IF NOT EXISTS `phpbb_drafts` (
  `draft_id` mediumint(8) unsigned NOT NULL AUTO_INCREMENT,
  `user_id` mediumint(8) unsigned NOT NULL DEFAULT '0',
  `topic_id` mediumint(8) unsigned NOT NULL DEFAULT '0',
  `forum_id` mediumint(8) unsigned NOT NULL DEFAULT '0',
  `save_time` int(11) unsigned NOT NULL DEFAULT '0',
  `draft_subject` varchar(255) COLLATE utf8_bin NOT NULL DEFAULT '',
  `draft_message` mediumtext COLLATE utf8_bin NOT NULL,
  PRIMARY KEY (`draft_id`),
  KEY `save_time` (`save_time`)
) ENGINE=MyISAM DEFAULT CHARSET=utf8 COLLATE=utf8_bin AUTO_INCREMENT=1 ;

-- --------------------------------------------------------

--
-- Структура таблицы `phpbb_ext`
--

CREATE TABLE IF NOT EXISTS `phpbb_ext` (
  `ext_name` varchar(255) COLLATE utf8_bin NOT NULL DEFAULT '',
  `ext_active` tinyint(1) unsigned NOT NULL DEFAULT '0',
  `ext_state` text COLLATE utf8_bin NOT NULL,
  UNIQUE KEY `ext_name` (`ext_name`)
) ENGINE=MyISAM DEFAULT CHARSET=utf8 COLLATE=utf8_bin;

--
-- Дамп данных таблицы `phpbb_ext`
--

INSERT INTO `phpbb_ext` (`ext_name`, `ext_active`, `ext_state`) VALUES
('boardtools/upload', 1, 'b:0;'),
('phpbbireland/portal', 0, 'b:0;');

-- --------------------------------------------------------

--
-- Структура таблицы `phpbb_extension_groups`
--

CREATE TABLE IF NOT EXISTS `phpbb_extension_groups` (
  `group_id` mediumint(8) unsigned NOT NULL AUTO_INCREMENT,
  `group_name` varchar(255) COLLATE utf8_bin NOT NULL DEFAULT '',
  `cat_id` tinyint(2) NOT NULL DEFAULT '0',
  `allow_group` tinyint(1) unsigned NOT NULL DEFAULT '0',
  `download_mode` tinyint(1) unsigned NOT NULL DEFAULT '1',
  `upload_icon` varchar(255) COLLATE utf8_bin NOT NULL DEFAULT '',
  `max_filesize` int(20) unsigned NOT NULL DEFAULT '0',
  `allowed_forums` text COLLATE utf8_bin NOT NULL,
  `allow_in_pm` tinyint(1) unsigned NOT NULL DEFAULT '0',
  PRIMARY KEY (`group_id`)
) ENGINE=MyISAM  DEFAULT CHARSET=utf8 COLLATE=utf8_bin AUTO_INCREMENT=10 ;

--
-- Дамп данных таблицы `phpbb_extension_groups`
--

INSERT INTO `phpbb_extension_groups` (`group_id`, `group_name`, `cat_id`, `allow_group`, `download_mode`, `upload_icon`, `max_filesize`, `allowed_forums`, `allow_in_pm`) VALUES
(1, 'IMAGES', 1, 1, 1, '', 0, '', 0),
(2, 'ARCHIVES', 0, 1, 1, '', 0, '', 0),
(3, 'PLAIN_TEXT', 0, 0, 1, '', 0, '', 0),
(4, 'DOCUMENTS', 0, 0, 1, '', 0, '', 0),
(5, 'REAL_MEDIA', 3, 0, 1, '', 0, '', 0),
(6, 'WINDOWS_MEDIA', 2, 0, 1, '', 0, '', 0),
(7, 'FLASH_FILES', 5, 0, 1, '', 0, '', 0),
(8, 'QUICKTIME_MEDIA', 6, 0, 1, '', 0, '', 0),
(9, 'DOWNLOADABLE_FILES', 0, 0, 1, '', 0, '', 0);

-- --------------------------------------------------------

--
-- Структура таблицы `phpbb_extensions`
--

CREATE TABLE IF NOT EXISTS `phpbb_extensions` (
  `extension_id` mediumint(8) unsigned NOT NULL AUTO_INCREMENT,
  `group_id` mediumint(8) unsigned NOT NULL DEFAULT '0',
  `extension` varchar(100) COLLATE utf8_bin NOT NULL DEFAULT '',
  PRIMARY KEY (`extension_id`)
) ENGINE=MyISAM  DEFAULT CHARSET=utf8 COLLATE=utf8_bin AUTO_INCREMENT=67 ;

--
-- Дамп данных таблицы `phpbb_extensions`
--

INSERT INTO `phpbb_extensions` (`extension_id`, `group_id`, `extension`) VALUES
(1, 1, 'gif'),
(2, 1, 'png'),
(3, 1, 'jpeg'),
(4, 1, 'jpg'),
(5, 1, 'tif'),
(6, 1, 'tiff'),
(7, 1, 'tga'),
(8, 2, 'gtar'),
(9, 2, 'gz'),
(10, 2, 'tar'),
(11, 2, 'zip'),
(12, 2, 'rar'),
(13, 2, 'ace'),
(14, 2, 'torrent'),
(15, 2, 'tgz'),
(16, 2, 'bz2'),
(17, 2, '7z'),
(18, 3, 'txt'),
(19, 3, 'c'),
(20, 3, 'h'),
(21, 3, 'cpp'),
(22, 3, 'hpp'),
(23, 3, 'diz'),
(24, 3, 'csv'),
(25, 3, 'ini'),
(26, 3, 'log'),
(27, 3, 'js'),
(28, 3, 'xml'),
(29, 4, 'xls'),
(30, 4, 'xlsx'),
(31, 4, 'xlsm'),
(32, 4, 'xlsb'),
(33, 4, 'doc'),
(34, 4, 'docx'),
(35, 4, 'docm'),
(36, 4, 'dot'),
(37, 4, 'dotx'),
(38, 4, 'dotm'),
(39, 4, 'pdf'),
(40, 4, 'ai'),
(41, 4, 'ps'),
(42, 4, 'ppt'),
(43, 4, 'pptx'),
(44, 4, 'pptm'),
(45, 4, 'odg'),
(46, 4, 'odp'),
(47, 4, 'ods'),
(48, 4, 'odt'),
(49, 4, 'rtf'),
(50, 5, 'rm'),
(51, 5, 'ram'),
(52, 6, 'wma'),
(53, 6, 'wmv'),
(54, 7, 'swf'),
(55, 8, 'mov'),
(56, 8, 'm4v'),
(57, 8, 'm4a'),
(58, 8, 'mp4'),
(59, 8, '3gp'),
(60, 8, '3g2'),
(61, 8, 'qt'),
(62, 9, 'mpeg'),
(63, 9, 'mpg'),
(64, 9, 'mp3'),
(65, 9, 'ogg'),
(66, 9, 'ogm');

-- --------------------------------------------------------

--
-- Структура таблицы `phpbb_forums`
--

CREATE TABLE IF NOT EXISTS `phpbb_forums` (
  `forum_id` mediumint(8) unsigned NOT NULL AUTO_INCREMENT,
  `parent_id` mediumint(8) unsigned NOT NULL DEFAULT '0',
  `left_id` mediumint(8) unsigned NOT NULL DEFAULT '0',
  `right_id` mediumint(8) unsigned NOT NULL DEFAULT '0',
  `forum_parents` mediumtext COLLATE utf8_bin NOT NULL,
  `forum_name` varchar(255) COLLATE utf8_bin NOT NULL DEFAULT '',
  `forum_desc` text COLLATE utf8_bin NOT NULL,
  `forum_desc_bitfield` varchar(255) COLLATE utf8_bin NOT NULL DEFAULT '',
  `forum_desc_options` int(11) unsigned NOT NULL DEFAULT '7',
  `forum_desc_uid` varchar(8) COLLATE utf8_bin NOT NULL DEFAULT '',
  `forum_link` varchar(255) COLLATE utf8_bin NOT NULL DEFAULT '',
  `forum_password` varchar(255) COLLATE utf8_bin NOT NULL DEFAULT '',
  `forum_style` mediumint(8) unsigned NOT NULL DEFAULT '0',
  `forum_image` varchar(255) COLLATE utf8_bin NOT NULL DEFAULT '',
  `forum_rules` text COLLATE utf8_bin NOT NULL,
  `forum_rules_link` varchar(255) COLLATE utf8_bin NOT NULL DEFAULT '',
  `forum_rules_bitfield` varchar(255) COLLATE utf8_bin NOT NULL DEFAULT '',
  `forum_rules_options` int(11) unsigned NOT NULL DEFAULT '7',
  `forum_rules_uid` varchar(8) COLLATE utf8_bin NOT NULL DEFAULT '',
  `forum_topics_per_page` tinyint(4) NOT NULL DEFAULT '0',
  `forum_type` tinyint(4) NOT NULL DEFAULT '0',
  `forum_status` tinyint(4) NOT NULL DEFAULT '0',
  `forum_last_post_id` mediumint(8) unsigned NOT NULL DEFAULT '0',
  `forum_last_poster_id` mediumint(8) unsigned NOT NULL DEFAULT '0',
  `forum_last_post_subject` varchar(255) COLLATE utf8_bin NOT NULL DEFAULT '',
  `forum_last_post_time` int(11) unsigned NOT NULL DEFAULT '0',
  `forum_last_poster_name` varchar(255) COLLATE utf8_bin NOT NULL DEFAULT '',
  `forum_last_poster_colour` varchar(6) COLLATE utf8_bin NOT NULL DEFAULT '',
  `forum_flags` tinyint(4) NOT NULL DEFAULT '32',
  `display_on_index` tinyint(1) unsigned NOT NULL DEFAULT '1',
  `enable_indexing` tinyint(1) unsigned NOT NULL DEFAULT '1',
  `enable_icons` tinyint(1) unsigned NOT NULL DEFAULT '1',
  `enable_prune` tinyint(1) unsigned NOT NULL DEFAULT '0',
  `prune_next` int(11) unsigned NOT NULL DEFAULT '0',
  `prune_days` mediumint(8) unsigned NOT NULL DEFAULT '0',
  `prune_viewed` mediumint(8) unsigned NOT NULL DEFAULT '0',
  `prune_freq` mediumint(8) unsigned NOT NULL DEFAULT '0',
  `display_subforum_list` tinyint(1) unsigned NOT NULL DEFAULT '1',
  `forum_options` int(20) unsigned NOT NULL DEFAULT '0',
  `enable_shadow_prune` tinyint(1) unsigned NOT NULL DEFAULT '0',
  `prune_shadow_days` mediumint(8) unsigned NOT NULL DEFAULT '7',
  `prune_shadow_freq` mediumint(8) unsigned NOT NULL DEFAULT '1',
  `prune_shadow_next` int(11) NOT NULL DEFAULT '0',
  `forum_posts_approved` mediumint(8) unsigned NOT NULL DEFAULT '0',
  `forum_posts_unapproved` mediumint(8) unsigned NOT NULL DEFAULT '0',
  `forum_posts_softdeleted` mediumint(8) unsigned NOT NULL DEFAULT '0',
  `forum_topics_approved` mediumint(8) unsigned NOT NULL DEFAULT '0',
  `forum_topics_unapproved` mediumint(8) unsigned NOT NULL DEFAULT '0',
  `forum_topics_softdeleted` mediumint(8) unsigned NOT NULL DEFAULT '0',
  PRIMARY KEY (`forum_id`),
  KEY `left_right_id` (`left_id`,`right_id`),
  KEY `forum_lastpost_id` (`forum_last_post_id`)
) ENGINE=MyISAM  DEFAULT CHARSET=utf8 COLLATE=utf8_bin AUTO_INCREMENT=8 ;

--
-- Дамп данных таблицы `phpbb_forums`
--

INSERT INTO `phpbb_forums` (`forum_id`, `parent_id`, `left_id`, `right_id`, `forum_parents`, `forum_name`, `forum_desc`, `forum_desc_bitfield`, `forum_desc_options`, `forum_desc_uid`, `forum_link`, `forum_password`, `forum_style`, `forum_image`, `forum_rules`, `forum_rules_link`, `forum_rules_bitfield`, `forum_rules_options`, `forum_rules_uid`, `forum_topics_per_page`, `forum_type`, `forum_status`, `forum_last_post_id`, `forum_last_poster_id`, `forum_last_post_subject`, `forum_last_post_time`, `forum_last_poster_name`, `forum_last_poster_colour`, `forum_flags`, `display_on_index`, `enable_indexing`, `enable_icons`, `enable_prune`, `prune_next`, `prune_days`, `prune_viewed`, `prune_freq`, `display_subforum_list`, `forum_options`, `enable_shadow_prune`, `prune_shadow_days`, `prune_shadow_freq`, `prune_shadow_next`, `forum_posts_approved`, `forum_posts_unapproved`, `forum_posts_softdeleted`, `forum_topics_approved`, `forum_topics_unapproved`, `forum_topics_softdeleted`) VALUES
(1, 0, 1, 8, '', 'Общий', 'Обо всем, как всегда.', '', 7, '', '', '', 0, '', '', '', '', 7, '', 0, 0, 0, 1, 2, '', 1435523269, 'Syrax', 'AA0000', 32, 1, 1, 1, 0, 0, 0, 0, 0, 1, 0, 0, 7, 1, 0, 0, 0, 0, 0, 0, 0),
(2, 1, 4, 5, 'a:1:{i:1;a:2:{i:0;s:10:"Общий";i:1;i:0;}}', 'Флудильня', 'Всякий треп и перекуры.', '', 7, '', '', '', 0, '', '', '', '', 7, '', 0, 1, 0, 104, 114, 'Re: Культ сорванной каски, или что слушаем...', 1440563997, 'Antberg', '', 112, 1, 1, 1, 0, 0, 0, 0, 0, 1, 0, 0, 7, 1, 0, 10, 0, 0, 3, 0, 0),
(3, 1, 6, 7, 'a:1:{i:1;a:2:{i:0;s:10:"Общий";i:1;i:0;}}', 'Пратворчество', 'Пиксель-арт, графоуни, наработки, стихи, проза и прочее творчество.', '', 7, '', '', '', 0, '', '', '', '', 7, '', 0, 1, 0, 101, 114, 'Re: СНЫ (с)', 1440099633, 'Antberg', '', 112, 0, 1, 1, 0, 0, 7, 7, 1, 1, 0, 0, 7, 1, 0, 4, 0, 0, 2, 0, 0),
(4, 1, 2, 3, 'a:1:{i:1;a:2:{i:0;s:10:"Общий";i:1;i:0;}}', 'Новости?', 'Свежие и не очень.', '', 7, '', '', '', 0, '', '', '', '', 7, '', 0, 1, 0, 105, 2, 'Re: Портал? Портал!', 1440748550, 'Syrax', 'AA0000', 112, 0, 1, 0, 0, 0, 7, 7, 1, 1, 0, 0, 7, 1, 0, 16, 0, 0, 3, 0, 0),
(5, 0, 9, 14, '', 'RPG Maker', 'Наш основной конструктор.', '', 7, '', '', '', 0, '', '', '', '', 7, '', 0, 0, 0, 0, 0, '', 0, '', '', 32, 0, 1, 0, 0, 0, 7, 7, 1, 1, 0, 0, 7, 1, 0, 0, 0, 0, 0, 0, 0),
(6, 5, 10, 11, 'a:1:{i:5;a:2:{i:0;s:9:"RPG Maker";i:1;i:0;}}', 'Проекты', '', '', 7, '', '', '', 0, '', '', '', '', 7, '', 0, 1, 0, 95, 48, 'Re: Reflection', 1438896463, 'Fox', '00AA00', 112, 0, 1, 0, 0, 0, 7, 7, 1, 1, 0, 0, 7, 1, 0, 8, 0, 0, 1, 0, 0),
(7, 5, 12, 13, 'a:1:{i:5;a:2:{i:0;s:9:"RPG Maker";i:1;i:0;}}', 'Помощь/идеи', '', '', 7, '', '', '', 0, '', '', '', '', 7, '', 0, 1, 0, 0, 0, '', 0, '', '', 112, 0, 1, 0, 0, 0, 7, 7, 1, 1, 0, 0, 7, 1, 0, 0, 0, 0, 0, 0, 0);

-- --------------------------------------------------------

--
-- Структура таблицы `phpbb_forums_access`
--

CREATE TABLE IF NOT EXISTS `phpbb_forums_access` (
  `forum_id` mediumint(8) unsigned NOT NULL DEFAULT '0',
  `user_id` mediumint(8) unsigned NOT NULL DEFAULT '0',
  `session_id` char(32) COLLATE utf8_bin NOT NULL DEFAULT '',
  PRIMARY KEY (`forum_id`,`user_id`,`session_id`)
) ENGINE=MyISAM DEFAULT CHARSET=utf8 COLLATE=utf8_bin;

-- --------------------------------------------------------

--
-- Структура таблицы `phpbb_forums_track`
--

CREATE TABLE IF NOT EXISTS `phpbb_forums_track` (
  `user_id` mediumint(8) unsigned NOT NULL DEFAULT '0',
  `forum_id` mediumint(8) unsigned NOT NULL DEFAULT '0',
  `mark_time` int(11) unsigned NOT NULL DEFAULT '0',
  PRIMARY KEY (`user_id`,`forum_id`)
) ENGINE=MyISAM DEFAULT CHARSET=utf8 COLLATE=utf8_bin;

--
-- Дамп данных таблицы `phpbb_forums_track`
--

INSERT INTO `phpbb_forums_track` (`user_id`, `forum_id`, `mark_time`) VALUES
(2, 4, 1440748550),
(50, 6, 1439714499),
(2, 6, 1438964283),
(2, 2, 1440748559),
(50, 2, 1440604100),
(48, 4, 1440531730),
(48, 2, 1440098737),
(48, 6, 1438896463),
(49, 4, 1436131174),
(50, 4, 1440750802),
(64, 4, 1437621834),
(117, 4, 1440850360),
(49, 6, 1440695385),
(116, 2, 1440694903),
(117, 3, 1440850344),
(117, 2, 1440850353),
(50, 3, 1440151985),
(116, 3, 1440214253),
(116, 4, 1440781009),
(48, 3, 1440099752),
(114, 4, 1440751023),
(114, 6, 1438915649),
(2, 3, 1440103177),
(114, 3, 1440099633),
(114, 2, 1440563997);

-- --------------------------------------------------------

--
-- Структура таблицы `phpbb_forums_watch`
--

CREATE TABLE IF NOT EXISTS `phpbb_forums_watch` (
  `forum_id` mediumint(8) unsigned NOT NULL DEFAULT '0',
  `user_id` mediumint(8) unsigned NOT NULL DEFAULT '0',
  `notify_status` tinyint(1) unsigned NOT NULL DEFAULT '0',
  KEY `forum_id` (`forum_id`),
  KEY `user_id` (`user_id`),
  KEY `notify_stat` (`notify_status`)
) ENGINE=MyISAM DEFAULT CHARSET=utf8 COLLATE=utf8_bin;

-- --------------------------------------------------------

--
-- Структура таблицы `phpbb_groups`
--

CREATE TABLE IF NOT EXISTS `phpbb_groups` (
  `group_id` mediumint(8) unsigned NOT NULL AUTO_INCREMENT,
  `group_type` tinyint(4) NOT NULL DEFAULT '1',
  `group_founder_manage` tinyint(1) unsigned NOT NULL DEFAULT '0',
  `group_skip_auth` tinyint(1) unsigned NOT NULL DEFAULT '0',
  `group_name` varchar(255) COLLATE utf8_bin NOT NULL DEFAULT '',
  `group_desc` text COLLATE utf8_bin NOT NULL,
  `group_desc_bitfield` varchar(255) COLLATE utf8_bin NOT NULL DEFAULT '',
  `group_desc_options` int(11) unsigned NOT NULL DEFAULT '7',
  `group_desc_uid` varchar(8) COLLATE utf8_bin NOT NULL DEFAULT '',
  `group_display` tinyint(1) unsigned NOT NULL DEFAULT '0',
  `group_avatar` varchar(255) COLLATE utf8_bin NOT NULL DEFAULT '',
  `group_avatar_type` varchar(255) COLLATE utf8_bin NOT NULL DEFAULT '',
  `group_avatar_width` smallint(4) unsigned NOT NULL DEFAULT '0',
  `group_avatar_height` smallint(4) unsigned NOT NULL DEFAULT '0',
  `group_rank` mediumint(8) unsigned NOT NULL DEFAULT '0',
  `group_colour` varchar(6) COLLATE utf8_bin NOT NULL DEFAULT '',
  `group_sig_chars` mediumint(8) unsigned NOT NULL DEFAULT '0',
  `group_receive_pm` tinyint(1) unsigned NOT NULL DEFAULT '0',
  `group_message_limit` mediumint(8) unsigned NOT NULL DEFAULT '0',
  `group_legend` mediumint(8) unsigned NOT NULL DEFAULT '0',
  `group_max_recipients` mediumint(8) unsigned NOT NULL DEFAULT '0',
  PRIMARY KEY (`group_id`),
  KEY `group_legend_name` (`group_legend`,`group_name`)
) ENGINE=MyISAM  DEFAULT CHARSET=utf8 COLLATE=utf8_bin AUTO_INCREMENT=8 ;

--
-- Дамп данных таблицы `phpbb_groups`
--

INSERT INTO `phpbb_groups` (`group_id`, `group_type`, `group_founder_manage`, `group_skip_auth`, `group_name`, `group_desc`, `group_desc_bitfield`, `group_desc_options`, `group_desc_uid`, `group_display`, `group_avatar`, `group_avatar_type`, `group_avatar_width`, `group_avatar_height`, `group_rank`, `group_colour`, `group_sig_chars`, `group_receive_pm`, `group_message_limit`, `group_legend`, `group_max_recipients`) VALUES
(1, 3, 0, 0, 'GUESTS', '', '', 7, '', 0, '', '', 0, 0, 0, '', 0, 0, 0, 0, 5),
(2, 3, 0, 0, 'REGISTERED', '', '', 7, '', 0, '', '', 0, 0, 0, '', 0, 0, 0, 0, 5),
(3, 3, 0, 0, 'REGISTERED_COPPA', '', '', 7, '', 0, '', '', 0, 0, 0, '', 0, 0, 0, 0, 5),
(4, 3, 0, 0, 'GLOBAL_MODERATORS', '', '', 7, '', 0, '', '', 0, 0, 0, '00AA00', 0, 0, 0, 2, 0),
(5, 3, 1, 0, 'ADMINISTRATORS', '', '', 7, '', 0, '', '', 0, 0, 0, 'AA0000', 0, 0, 0, 1, 0),
(6, 3, 0, 0, 'BOTS', '', '', 7, '', 0, '', '', 0, 0, 0, '9E8DA7', 0, 0, 0, 0, 5),
(7, 3, 0, 0, 'NEWLY_REGISTERED', '', '', 7, '', 0, '', '', 0, 0, 0, '', 0, 0, 0, 0, 5);

-- --------------------------------------------------------

--
-- Структура таблицы `phpbb_icons`
--

CREATE TABLE IF NOT EXISTS `phpbb_icons` (
  `icons_id` mediumint(8) unsigned NOT NULL AUTO_INCREMENT,
  `icons_url` varchar(255) COLLATE utf8_bin NOT NULL DEFAULT '',
  `icons_width` tinyint(4) NOT NULL DEFAULT '0',
  `icons_height` tinyint(4) NOT NULL DEFAULT '0',
  `icons_order` mediumint(8) unsigned NOT NULL DEFAULT '0',
  `display_on_posting` tinyint(1) unsigned NOT NULL DEFAULT '1',
  PRIMARY KEY (`icons_id`),
  KEY `display_on_posting` (`display_on_posting`)
) ENGINE=MyISAM  DEFAULT CHARSET=utf8 COLLATE=utf8_bin AUTO_INCREMENT=11 ;

--
-- Дамп данных таблицы `phpbb_icons`
--

INSERT INTO `phpbb_icons` (`icons_id`, `icons_url`, `icons_width`, `icons_height`, `icons_order`, `display_on_posting`) VALUES
(1, 'misc/fire.gif', 16, 16, 1, 1),
(2, 'smile/redface.gif', 16, 16, 9, 1),
(3, 'smile/mrgreen.gif', 16, 16, 10, 1),
(4, 'misc/heart.gif', 16, 16, 4, 1),
(5, 'misc/star.gif', 16, 16, 2, 1),
(6, 'misc/radioactive.gif', 16, 16, 3, 1),
(7, 'misc/thinking.gif', 16, 16, 5, 1),
(8, 'smile/info.gif', 16, 16, 8, 1),
(9, 'smile/question.gif', 16, 16, 6, 1),
(10, 'smile/alert.gif', 16, 16, 7, 1);

-- --------------------------------------------------------

--
-- Структура таблицы `phpbb_k_blocks`
--

CREATE TABLE IF NOT EXISTS `phpbb_k_blocks` (
  `id` mediumint(8) unsigned NOT NULL AUTO_INCREMENT,
  `ndx` mediumint(8) unsigned NOT NULL DEFAULT '0',
  `title` varchar(50) COLLATE utf8_bin NOT NULL DEFAULT '',
  `position` char(1) COLLATE utf8_bin NOT NULL DEFAULT 'L',
  `type` char(1) COLLATE utf8_bin NOT NULL DEFAULT 'H',
  `active` tinyint(1) unsigned NOT NULL DEFAULT '1',
  `html_file_name` varchar(255) COLLATE utf8_bin NOT NULL DEFAULT '',
  `var_file_name` varchar(255) COLLATE utf8_bin NOT NULL DEFAULT 'none.gif',
  `img_file_name` varchar(255) COLLATE utf8_bin NOT NULL DEFAULT 'none.gif',
  `view_all` tinyint(1) unsigned NOT NULL DEFAULT '1',
  `view_groups` varchar(100) COLLATE utf8_bin NOT NULL DEFAULT '',
  `view_pages` varchar(100) COLLATE utf8_bin NOT NULL DEFAULT '',
  `groups` mediumint(8) unsigned NOT NULL DEFAULT '0',
  `scroll` tinyint(1) unsigned NOT NULL DEFAULT '0',
  `block_height` smallint(4) unsigned NOT NULL DEFAULT '0',
  `has_vars` tinyint(1) unsigned NOT NULL DEFAULT '0',
  `is_static` tinyint(1) unsigned NOT NULL DEFAULT '0',
  `minimod_based` tinyint(1) unsigned NOT NULL DEFAULT '0',
  `mod_block_id` mediumint(8) unsigned NOT NULL DEFAULT '0',
  `block_cache_time` mediumint(8) unsigned NOT NULL DEFAULT '600',
  PRIMARY KEY (`id`)
) ENGINE=MyISAM  DEFAULT CHARSET=utf8 COLLATE=utf8_bin AUTO_INCREMENT=18 ;

--
-- Дамп данных таблицы `phpbb_k_blocks`
--

INSERT INTO `phpbb_k_blocks` (`id`, `ndx`, `title`, `position`, `type`, `active`, `html_file_name`, `var_file_name`, `img_file_name`, `view_all`, `view_groups`, `view_pages`, `groups`, `scroll`, `block_height`, `has_vars`, `is_static`, `minimod_based`, `mod_block_id`, `block_cache_time`) VALUES
(1, 1, 'Site Navigator', 'L', 'H', 1, 'block_menus_nav.html', '', 'menu.png', 1, '0', '1,2,3,4,5,6,7,8,9,11,12,13,14', 0, 0, 0, 0, 0, 0, 0, 600),
(2, 2, 'Sub_Menu', 'L', 'H', 1, 'block_menus_sub.html', '', 'sub_menu.png', 1, '0', '1,2,3,4,5,6,7,8,9,11,12,13,14', 0, 0, 0, 0, 0, 0, 0, 600),
(3, 3, 'Links_Menu', 'L', 'H', 1, 'block_menus_links.html', '', 'sub_menu.png', 1, '0', '1,2,3,4,5,6,7,8,9,11,12,13,14', 0, 0, 0, 0, 0, 0, 0, 600),
(4, 4, 'Online Users', 'L', 'H', 1, 'block_online_users.html', '', 'online_users.png', 1, '0', '1,2,3,4,5,6,7,8,9', 0, 0, 0, 0, 0, 0, 0, 600),
(5, 5, 'Last Online', 'L', 'H', 1, 'block_last_online.html', 'k_last_online_vars.html', 'last_online.png', 1, '0', '2,3,4,5,6,7,8,9', 0, 0, 0, 1, 0, 0, 0, 300),
(6, 6, 'Search', 'L', 'H', 1, 'block_search.html', '', 'search.png', 1, '0', '2,3,4,5,6,7,12', 0, 0, 0, 0, 0, 0, 0, 600),
(7, 7, 'Categories', 'L', 'H', 1, 'block_forum_categories.html', '', 'categories.png', 1, '0', '2', 0, 0, 0, 0, 0, 0, 0, 667),
(8, 2, 'Welcome', 'C', 'H', 1, 'block_welcome.html', 'k_welcome_vars.html', 'welcome.png', 1, '0', '2', 0, 0, 0, 1, 0, 0, 0, 999),
(9, 3, 'Announcements', 'C', 'H', 1, 'block_announcements.html', 'k_announce_vars.html', 'announce.png', 1, '0', '2', 0, 0, 0, 1, 0, 0, 0, 300),
(10, 4, 'Recent Topics', 'C', 'H', 1, 'block_recent_topics_wide.html', 'k_recent_topics_vars.html', 'recent_topics.png', 1, '0', '2', 0, 0, 200, 1, 0, 0, 0, 20),
(11, 5, 'News Report', 'C', 'H', 1, 'block_news.html', 'k_news_vars.html', 'news.png', 1, '0', '2', 0, 0, 0, 1, 0, 0, 0, 50),
(12, 1, 'User Information', 'R', 'H', 1, 'block_user_information.html', 'k_user_information_vars.html', 'user.png', 1, '0', '2,5,8,9', 0, 0, 0, 1, 0, 0, 0, 600),
(13, 2, 'The Team', 'R', 'H', 1, 'block_the_teams.html', 'k_the_teams_vars.html', 'team.png', 1, '0', '2,5,8,9', 0, 0, 0, 1, 0, 0, 0, 555),
(14, 3, 'Top Posters', 'R', 'H', 1, 'block_top_posters.html', 'k_top_posters_vars.html', 'rating.png', 1, '0', '2,5,8,9', 0, 0, 0, 1, 0, 0, 0, 200),
(15, 4, 'Most Active Topics', 'R', 'H', 1, 'block_top_topics.html', 'k_top_topics_vars.html', 'most_active_topics.png', 1, '0', '2', 0, 0, 0, 1, 0, 0, 0, 100),
(16, 5, 'Clock', 'R', 'H', 1, 'block_clock.html', '', 'clock.gif', 1, '0', '2,12,13,14', 0, 0, 0, 0, 0, 0, 0, 6009),
(17, 6, 'Links', 'R', 'H', 0, 'block_links.html', 'k_links_vars.html', 'www.gif', 1, '0', '2,5,8,9,12', 0, 1, 0, 1, 0, 0, 0, 668);

-- --------------------------------------------------------

--
-- Структура таблицы `phpbb_k_config`
--

CREATE TABLE IF NOT EXISTS `phpbb_k_config` (
  `config_name` varchar(255) COLLATE utf8_bin NOT NULL DEFAULT '',
  `config_value` varchar(255) COLLATE utf8_bin NOT NULL DEFAULT '',
  `is_dynamic` tinyint(1) unsigned NOT NULL DEFAULT '0',
  PRIMARY KEY (`config_name`),
  KEY `is_dynamic` (`is_dynamic`)
) ENGINE=MyISAM DEFAULT CHARSET=utf8 COLLATE=utf8_bin;

-- --------------------------------------------------------

--
-- Структура таблицы `phpbb_k_link_images`
--

CREATE TABLE IF NOT EXISTS `phpbb_k_link_images` (
  `link` varchar(255) COLLATE utf8_bin NOT NULL DEFAULT '',
  `url` varchar(255) COLLATE utf8_bin NOT NULL DEFAULT '',
  `image` varchar(255) COLLATE utf8_bin NOT NULL DEFAULT '',
  `active` tinyint(1) unsigned NOT NULL DEFAULT '1',
  `open_in_tab` tinyint(1) unsigned NOT NULL DEFAULT '1',
  PRIMARY KEY (`link`)
) ENGINE=MyISAM DEFAULT CHARSET=utf8 COLLATE=utf8_bin;

--
-- Дамп данных таблицы `phpbb_k_link_images`
--

INSERT INTO `phpbb_k_link_images` (`link`, `url`, `image`, `active`, `open_in_tab`) VALUES
('Kiss Portal', 'www.phpbbireland.com', 'www.phpbbireland.gif', 1, 1),
('phpBB', 'www.phpbb.com', 'www.phpbb.gif', 1, 1),
('sourceforge', 'sourceforge.net', 'sourceforge.gif', 1, 1);

-- --------------------------------------------------------

--
-- Структура таблицы `phpbb_k_menus`
--

CREATE TABLE IF NOT EXISTS `phpbb_k_menus` (
  `m_id` mediumint(8) unsigned NOT NULL AUTO_INCREMENT,
  `ndx` mediumint(8) unsigned NOT NULL DEFAULT '0',
  `menu_type` smallint(4) unsigned NOT NULL DEFAULT '0',
  `name` varchar(50) COLLATE utf8_bin NOT NULL DEFAULT '',
  `link_to` varchar(255) COLLATE utf8_bin NOT NULL DEFAULT '',
  `extern` tinyint(1) unsigned NOT NULL DEFAULT '0',
  `menu_icon` varchar(30) COLLATE utf8_bin NOT NULL DEFAULT 'none.gif',
  `append_sid` tinyint(1) unsigned NOT NULL DEFAULT '1',
  `append_uid` tinyint(1) unsigned NOT NULL DEFAULT '0',
  `view_all` tinyint(1) unsigned NOT NULL DEFAULT '1',
  `view_groups` varchar(100) COLLATE utf8_bin NOT NULL DEFAULT '',
  `soft_hr` tinyint(1) unsigned NOT NULL DEFAULT '0',
  `sub_heading` tinyint(1) unsigned NOT NULL DEFAULT '0',
  PRIMARY KEY (`m_id`)
) ENGINE=MyISAM  DEFAULT CHARSET=utf8 COLLATE=utf8_bin AUTO_INCREMENT=24 ;

--
-- Дамп данных таблицы `phpbb_k_menus`
--

INSERT INTO `phpbb_k_menus` (`m_id`, `ndx`, `menu_type`, `name`, `link_to`, `extern`, `menu_icon`, `append_sid`, `append_uid`, `view_all`, `view_groups`, `soft_hr`, `sub_heading`) VALUES
(1, 1, 1, 'Main Menu', '', 0, 'default.png', 0, 0, 1, '', 0, 1),
(2, 2, 1, 'Portal', 'portal', 0, 'portal.png', 0, 0, 1, '', 0, 0),
(3, 3, 1, 'Forum', 'index.php', 0, 'home2.png', 0, 0, 1, '', 0, 0),
(4, 4, 1, 'Navigator', '', 0, 'default.png', 0, 0, 1, '', 0, 1),
(5, 5, 99, 'Album', 'inprogress.php', 0, 'gallery.png', 0, 0, 0, '', 0, 0),
(6, 6, 1, 'Bookmarks', 'ucp.php?i=main&amp;mode=bookmarks', 0, 'bookmark.png', 0, 0, 0, '', 0, 0),
(7, 7, 99, 'Downloads', 'inprogress.php', 0, 'ff.png', 0, 0, 0, '', 0, 0),
(8, 8, 99, 'Links', 'inprogress.php', 0, 'link.gif', 0, 0, 0, '', 0, 0),
(9, 9, 1, 'Members', 'memberlist.php', 0, 'chat.png', 0, 0, 0, '', 0, 0),
(10, 10, 99, 'Ratings', 'index.php', 0, 'rating.png', 0, 0, 0, '', 0, 0),
(11, 11, 1, 'Rules', 'rules', 0, 'rules.png', 0, 0, 1, '', 0, 0),
(12, 12, 1, 'Staff', 'memberlist.php?mode=leaders', 0, 'staff.png', 0, 0, 0, '', 0, 0),
(13, 13, 99, 'Statistics', 'inprogress.php', 0, 'pie.png', 0, 0, 0, '', 0, 0),
(14, 14, 1, 'UCP', 'ucp.php', 0, 'links.gif', 0, 0, 0, '', 0, 0),
(15, 15, 99, 'Chat', 'chat/index.php', 0, 'chat.png', 0, 0, 0, '', 0, 0),
(16, 16, 1, 'Admin Menu', '', 0, 'default.png', 0, 0, 0, '', 0, 1),
(17, 17, 1, 'Admin CP', 'adm/index.php', 0, 'acp.png', 1, 0, 0, '', 0, 0),
(18, 1, 2, 'Mini Menu', '', 0, 'default.png', 0, 0, 1, '', 0, 1),
(19, 2, 2, 'Active Posts', 'search.php?search_id=active_topics', 0, 'links.png', 0, 0, 1, '', 0, 0),
(20, 1, 5, 'Lnks Menu', '', 0, 'default.png', 0, 0, 1, '', 0, 1),
(21, 2, 5, 'Kiss Portal dev. site', 'http://www.phpbbireland.com', 1, 'phpireland_globe.gif', 0, 0, 1, '', 0, 0),
(22, 3, 5, 'Stargate Portal', 'http://www.stargate-portal.com', 1, 'phpireland_globe.gif', 0, 0, 1, '', 0, 0),
(23, 4, 5, 'phpBB3', 'http://www.phpbb.com', 1, 'phpireland_globe.gif', 0, 0, 1, '', 0, 0);

-- --------------------------------------------------------

--
-- Структура таблицы `phpbb_k_pages`
--

CREATE TABLE IF NOT EXISTS `phpbb_k_pages` (
  `page_id` mediumint(8) unsigned NOT NULL AUTO_INCREMENT,
  `page_name` varchar(100) COLLATE utf8_bin NOT NULL DEFAULT '',
  PRIMARY KEY (`page_id`)
) ENGINE=MyISAM  DEFAULT CHARSET=utf8 COLLATE=utf8_bin AUTO_INCREMENT=11 ;

--
-- Дамп данных таблицы `phpbb_k_pages`
--

INSERT INTO `phpbb_k_pages` (`page_id`, `page_name`) VALUES
(1, 'index'),
(2, 'portal'),
(5, 'memberlist'),
(6, 'mcp'),
(7, 'ucp'),
(8, 'search'),
(9, 'faq'),
(10, 'posting');

-- --------------------------------------------------------

--
-- Структура таблицы `phpbb_k_resources`
--

CREATE TABLE IF NOT EXISTS `phpbb_k_resources` (
  `id` mediumint(8) unsigned NOT NULL AUTO_INCREMENT,
  `word` varchar(50) COLLATE utf8_bin NOT NULL DEFAULT '',
  `type` char(1) COLLATE utf8_bin NOT NULL DEFAULT 'V',
  PRIMARY KEY (`id`)
) ENGINE=MyISAM  DEFAULT CHARSET=utf8 COLLATE=utf8_bin AUTO_INCREMENT=6 ;

--
-- Дамп данных таблицы `phpbb_k_resources`
--

INSERT INTO `phpbb_k_resources` (`id`, `word`, `type`) VALUES
(1, 'phpBB', 'R'),
(2, '{PORTAL_VERSION}', 'V'),
(3, '{PORTAL_BUILD}', 'V'),
(4, '{VERSION}', 'V'),
(5, '{SITENAME}', 'V');

-- --------------------------------------------------------

--
-- Структура таблицы `phpbb_k_vars`
--

CREATE TABLE IF NOT EXISTS `phpbb_k_vars` (
  `config_name` varchar(255) COLLATE utf8_bin NOT NULL DEFAULT '',
  `config_value` varchar(255) COLLATE utf8_bin NOT NULL DEFAULT '',
  PRIMARY KEY (`config_name`)
) ENGINE=MyISAM DEFAULT CHARSET=utf8 COLLATE=utf8_bin;

--
-- Дамп данных таблицы `phpbb_k_vars`
--

INSERT INTO `phpbb_k_vars` (`config_name`, `config_value`) VALUES
('k_announce_allow', '1'),
('k_allow_acronyms', '1'),
('k_bot_display_allow', '1'),
('k_footer_images_allow', '1'),
('k_news_allow', '1'),
('k_announce_type', '0'),
('k_blocks_display_globally', '1'),
('k_smilies_show', '1'),
('k_links_scroll_amount', '0'),
('k_links_scroll_direction', '0'),
('k_announce_item_max_length', '400'),
('k_news_item_max_length', '350'),
('k_last_online_max', '10'),
('k_news_type', '0'),
('k_announce_to_display', '5'),
('k_links_to_display', '5'),
('k_links_forum_id', ''),
('k_news_items_to_display', '5'),
('k_recent_topics_to_display', '25'),
('k_recent_topics_per_forum', '5'),
('k_top_posters_to_display', '10'),
('k_top_posters_show', '1'),
('k_recent_search_days', '7'),
('k_allow_rotating_logos', '1'),
('k_post_types', '1'),
('k_top_topics_max', '5'),
('k_adm_block', ''),
('k_quick_reply', '1'),
('k_recent_topics_search_exclude', ''),
('k_top_topics_days', '7'),
('k_block_cache_time_default', '600'),
('k_block_cache_time_short', '10'),
('k_teams', ''),
('k_teams_display_this_many', '2'),
('k_max_block_avatar_width', '80'),
('k_max_block_avatar_height', '80'),
('k_teampage_memberships', '0'),
('k_tooltips_active', '1'),
('k_tooltips_which', '1'),
('k_landing_page', 'portal'),
('k_mod_folders', ''),
('k_teams_sort', 'default');

-- --------------------------------------------------------

--
-- Структура таблицы `phpbb_lang`
--

CREATE TABLE IF NOT EXISTS `phpbb_lang` (
  `lang_id` tinyint(4) NOT NULL AUTO_INCREMENT,
  `lang_iso` varchar(30) COLLATE utf8_bin NOT NULL DEFAULT '',
  `lang_dir` varchar(30) COLLATE utf8_bin NOT NULL DEFAULT '',
  `lang_english_name` varchar(100) COLLATE utf8_bin NOT NULL DEFAULT '',
  `lang_local_name` varchar(255) COLLATE utf8_bin NOT NULL DEFAULT '',
  `lang_author` varchar(255) COLLATE utf8_bin NOT NULL DEFAULT '',
  PRIMARY KEY (`lang_id`),
  KEY `lang_iso` (`lang_iso`)
) ENGINE=MyISAM  DEFAULT CHARSET=utf8 COLLATE=utf8_bin AUTO_INCREMENT=3 ;

--
-- Дамп данных таблицы `phpbb_lang`
--

INSERT INTO `phpbb_lang` (`lang_id`, `lang_iso`, `lang_dir`, `lang_english_name`, `lang_local_name`, `lang_author`) VALUES
(1, 'en', 'en', 'British English', 'British English', 'phpBB Limited'),
(2, 'ru', 'ru', 'Russian', 'Русский', 'rxu');

-- --------------------------------------------------------

--
-- Структура таблицы `phpbb_log`
--

CREATE TABLE IF NOT EXISTS `phpbb_log` (
  `log_id` mediumint(8) unsigned NOT NULL AUTO_INCREMENT,
  `log_type` tinyint(4) NOT NULL DEFAULT '0',
  `user_id` mediumint(8) unsigned NOT NULL DEFAULT '0',
  `forum_id` mediumint(8) unsigned NOT NULL DEFAULT '0',
  `topic_id` mediumint(8) unsigned NOT NULL DEFAULT '0',
  `reportee_id` mediumint(8) unsigned NOT NULL DEFAULT '0',
  `log_ip` varchar(40) COLLATE utf8_bin NOT NULL DEFAULT '',
  `log_time` int(11) unsigned NOT NULL DEFAULT '0',
  `log_operation` text COLLATE utf8_bin NOT NULL,
  `log_data` mediumtext COLLATE utf8_bin NOT NULL,
  PRIMARY KEY (`log_id`),
  KEY `log_type` (`log_type`),
  KEY `forum_id` (`forum_id`),
  KEY `topic_id` (`topic_id`),
  KEY `reportee_id` (`reportee_id`),
  KEY `user_id` (`user_id`)
) ENGINE=MyISAM  DEFAULT CHARSET=utf8 COLLATE=utf8_bin AUTO_INCREMENT=467 ;

--
-- Дамп данных таблицы `phpbb_log`
--

INSERT INTO `phpbb_log` (`log_id`, `log_type`, `user_id`, `forum_id`, `topic_id`, `reportee_id`, `log_ip`, `log_time`, `log_operation`, `log_data`) VALUES
(1, 0, 2, 0, 0, 0, '195.135.239.4', 1435523276, 'LOG_INSTALL_INSTALLED', 'a:1:{i:0;s:5:"3.1.5";}'),
(2, 0, 2, 0, 0, 0, '195.135.239.4', 1435523393, 'LOG_FORUM_EDIT', 'a:1:{i:0;s:18:"Флудильня";}'),
(3, 0, 2, 0, 0, 0, '195.135.239.4', 1435523407, 'LOG_FORUM_EDIT', 'a:1:{i:0;s:10:"Общий";}'),
(4, 0, 2, 0, 0, 0, '195.135.239.4', 1435523428, 'LOG_FORUM_EDIT', 'a:1:{i:0;s:18:"Флудильня";}'),
(5, 2, 1, 0, 0, 0, '195.135.239.4', 1435523484, 'LOG_IMAGE_GENERATION_ERROR', 'a:3:{i:0;s:39:"[ROOT]/phpbb/search/fulltext_native.php";i:1;i:107;i:2;s:144:"Missing argument 8 for phpbb/search/fulltext_native::__construct(), called in [ROOT]/phpbb/cron/task/core/tidy_search.php on line 61 and defined";}'),
(6, 0, 2, 0, 0, 0, '195.135.239.4', 1435524883, 'LOG_CONFIG_SETTINGS', ''),
(7, 0, 2, 0, 0, 0, '195.135.239.4', 1435524928, 'LOG_CONFIG_FEATURES', ''),
(8, 0, 2, 0, 0, 0, '195.135.239.4', 1435525010, 'LOG_CONFIG_AVATAR', ''),
(9, 0, 2, 0, 0, 0, '195.135.239.4', 1435525072, 'LOG_CONFIG_MESSAGE', ''),
(10, 0, 2, 0, 0, 0, '195.135.239.4', 1435525180, 'LOG_CONFIG_POST', ''),
(11, 0, 2, 0, 0, 0, '195.135.239.4', 1435525222, 'LOG_CONFIG_SIGNATURE', ''),
(12, 0, 2, 0, 0, 0, '195.135.239.4', 1435525313, 'LOG_CONFIG_REGISTRATION', ''),
(13, 0, 2, 0, 0, 0, '195.135.239.4', 1435525414, 'LOG_CONFIG_VISUAL', ''),
(14, 0, 2, 0, 0, 0, '195.135.239.4', 1435525665, 'LOG_CONFIG_EMAIL', ''),
(15, 0, 2, 0, 0, 0, '195.135.239.4', 1435525960, 'LOG_STYLE_ADD', 'a:1:{i:0;s:15:"Artodia: Deluxe";}'),
(16, 0, 2, 0, 0, 0, '195.135.239.4', 1435525995, 'LOG_CONFIG_SETTINGS', ''),
(17, 0, 2, 0, 0, 0, '195.135.239.4', 1435526028, 'LOG_CONFIG_SETTINGS', ''),
(18, 0, 2, 0, 0, 0, '195.135.239.4', 1435526409, 'LOG_STYLE_DELETE', 'a:1:{i:0;s:15:"Artodia: Deluxe";}'),
(19, 0, 2, 0, 0, 0, '195.135.239.4', 1435526441, 'LOG_STYLE_ADD', 'a:1:{i:0;s:5:"Basic";}'),
(20, 0, 2, 0, 0, 0, '195.135.239.4', 1435526452, 'LOG_CONFIG_SETTINGS', ''),
(21, 0, 2, 0, 0, 0, '195.135.239.4', 1435527827, 'LOG_ADMIN_AUTH_SUCCESS', ''),
(22, 0, 2, 0, 0, 0, '195.135.239.4', 1435527888, 'LOG_CONFIG_REGISTRATION', ''),
(23, 0, 2, 0, 0, 0, '195.135.239.4', 1435527956, 'LOG_ADMIN_AUTH_SUCCESS', ''),
(24, 0, 2, 0, 0, 0, '195.135.239.4', 1435527966, 'LOG_USER_ACTIVE', 'a:1:{i:0;s:3:"Fox";}'),
(25, 3, 2, 0, 0, 48, '195.135.239.4', 1435527966, 'LOG_USER_ACTIVE_USER', ''),
(26, 0, 2, 0, 0, 0, '195.135.239.4', 1435528052, 'LOG_ADMIN_AUTH_SUCCESS', ''),
(27, 0, 2, 0, 0, 0, '195.135.239.4', 1435528177, 'LOG_ACL_TRANSFER_PERMISSIONS', 'a:1:{i:0;s:3:"Fox";}'),
(28, 0, 2, 0, 0, 0, '195.135.239.4', 1435528191, 'LOG_ACL_RESTORE_PERMISSIONS', 'a:1:{i:0;s:3:"Fox";}'),
(29, 0, 2, 0, 0, 0, '195.135.239.4', 1435528262, 'LOG_ACL_ADD_USER_GLOBAL_M_', 'a:1:{i:0;s:3:"Fox";}'),
(30, 0, 2, 0, 0, 0, '195.135.239.4', 1435528888, 'LOG_ADMIN_AUTH_SUCCESS', ''),
(31, 0, 2, 0, 0, 0, '195.135.239.4', 1435528919, 'LOG_ACL_ADD_USER_LOCAL_M_', 'a:2:{i:0;s:30:"Общий, Флудильня";i:1;s:3:"Fox";}'),
(32, 0, 2, 0, 0, 0, '195.135.239.4', 1435528940, 'LOG_ACL_TRANSFER_PERMISSIONS', 'a:1:{i:0;s:3:"Fox";}'),
(33, 0, 2, 0, 0, 0, '195.135.239.4', 1435528962, 'LOG_ADMIN_AUTH_SUCCESS', ''),
(34, 0, 2, 0, 0, 0, '195.135.239.4', 1435528965, 'LOG_ACL_RESTORE_PERMISSIONS', 'a:1:{i:0;s:3:"Fox";}'),
(35, 1, 48, 2, 1, 0, '91.76.152.197', 1435528969, 'LOG_POST_EDITED', 'a:3:{i:0;s:99:"Добро пожаловать на форумы разработчиков видеоигр 1979!";i:1;s:5:"Syrax";i:2;s:0:"";}'),
(36, 1, 48, 2, 1, 0, '91.76.152.197', 1435528980, 'LOG_POST_APPROVED', 'a:1:{i:0;s:99:"Добро пожаловать на форумы разработчиков видеоигр 1979!";}'),
(37, 0, 2, 0, 0, 0, '195.135.239.4', 1435529126, 'LOG_USER_ACTIVE', 'a:1:{i:0;s:5:"otter";}'),
(38, 3, 2, 0, 0, 49, '195.135.239.4', 1435529126, 'LOG_USER_ACTIVE_USER', ''),
(39, 0, 2, 0, 0, 0, '195.135.239.4', 1435529185, 'LOG_ACL_ADD_USER_LOCAL_M_', 'a:2:{i:0;s:10:"Общий";i:1;s:3:"Fox";}'),
(40, 0, 2, 0, 0, 0, '195.135.239.4', 1435529209, 'LOG_ADMIN_AUTH_SUCCESS', ''),
(41, 0, 2, 0, 0, 0, '195.135.239.4', 1435529224, 'LOG_GROUP_PROMOTED', 'a:2:{i:0;s:30:"Супермодераторы";i:1;s:5:"Syrax";}'),
(42, 0, 2, 0, 0, 0, '195.135.239.4', 1435529236, 'LOG_USERS_ADDED', 'a:2:{i:0;s:30:"Супермодераторы";i:1;s:3:"Fox";}'),
(43, 2, 1, 0, 0, 0, '83.220.238.125', 1435555062, 'LOG_IMAGE_GENERATION_ERROR', 'a:3:{i:0;s:39:"[ROOT]/phpbb/search/fulltext_native.php";i:1;i:107;i:2;s:144:"Missing argument 8 for phpbb/search/fulltext_native::__construct(), called in [ROOT]/phpbb/cron/task/core/tidy_search.php on line 61 and defined";}'),
(44, 0, 2, 0, 0, 0, '83.220.238.125', 1435555131, 'LOG_ADMIN_AUTH_SUCCESS', ''),
(45, 0, 2, 0, 0, 0, '83.220.238.125', 1435555297, 'LOG_FORUM_ADD', 'a:1:{i:0;s:26:"Пратворчество";}'),
(46, 0, 2, 0, 0, 0, '83.220.238.125', 1435555297, 'LOG_FORUM_COPIED_PERMISSIONS', 'a:2:{i:0;s:10:"Общий";i:1;s:26:"Пратворчество";}'),
(47, 0, 2, 0, 0, 0, '83.220.238.125', 1435556053, 'LOG_FORUM_ADD', 'a:1:{i:0;s:15:"Новости?";}'),
(48, 0, 2, 0, 0, 0, '83.220.238.125', 1435556053, 'LOG_FORUM_COPIED_PERMISSIONS', 'a:2:{i:0;s:10:"Общий";i:1;s:15:"Новости?";}'),
(49, 0, 2, 0, 0, 0, '83.220.238.125', 1435556069, 'LOG_FORUM_MOVE_UP', 'a:2:{i:0;s:15:"Новости?";i:1;s:26:"Пратворчество";}'),
(50, 0, 2, 0, 0, 0, '83.220.238.125', 1435556071, 'LOG_FORUM_MOVE_UP', 'a:2:{i:0;s:15:"Новости?";i:1;s:18:"Флудильня";}'),
(51, 0, 2, 0, 0, 0, '83.220.238.125', 1435560227, 'LOG_FORUM_EDIT', 'a:1:{i:0;s:15:"Новости?";}'),
(52, 0, 2, 0, 0, 0, '83.220.238.125', 1435560270, 'LOG_FORUM_SYNC', 'a:1:{i:0;s:15:"Новости?";}'),
(53, 0, 2, 0, 0, 0, '83.220.238.125', 1435560391, 'LOG_FORUM_EDIT', 'a:1:{i:0;s:15:"Новости?";}'),
(54, 0, 2, 0, 0, 0, '83.220.238.125', 1435560391, 'LOG_FORUM_COPIED_PERMISSIONS', 'a:2:{i:0;s:10:"Общий";i:1;s:15:"Новости?";}'),
(55, 0, 2, 0, 0, 0, '83.220.238.125', 1435560498, 'LOG_FORUM_EDIT', 'a:1:{i:0;s:15:"Новости?";}'),
(56, 0, 2, 0, 0, 0, '83.220.238.125', 1435560498, 'LOG_FORUM_COPIED_PERMISSIONS', 'a:2:{i:0;s:18:"Флудильня";i:1;s:15:"Новости?";}'),
(57, 0, 2, 0, 0, 0, '83.220.238.125', 1435560564, 'LOG_FORUM_EDIT', 'a:1:{i:0;s:26:"Пратворчество";}'),
(58, 0, 2, 0, 0, 0, '83.220.238.125', 1435560564, 'LOG_FORUM_COPIED_PERMISSIONS', 'a:2:{i:0;s:18:"Флудильня";i:1;s:26:"Пратворчество";}'),
(59, 0, 2, 0, 0, 0, '83.220.238.125', 1435562068, 'LOG_FORUM_ADD', 'a:1:{i:0;s:9:"RPG Maker";}'),
(60, 0, 2, 0, 0, 0, '83.220.238.125', 1435562068, 'LOG_FORUM_COPIED_PERMISSIONS', 'a:2:{i:0;s:10:"Общий";i:1;s:9:"RPG Maker";}'),
(61, 0, 2, 0, 0, 0, '83.220.238.125', 1435562149, 'LOG_FORUM_EDIT', 'a:1:{i:0;s:9:"RPG Maker";}'),
(62, 0, 2, 0, 0, 0, '83.220.238.125', 1435562149, 'LOG_FORUM_COPIED_PERMISSIONS', 'a:2:{i:0;s:10:"Общий";i:1;s:9:"RPG Maker";}'),
(63, 0, 2, 0, 0, 0, '83.220.238.125', 1435562342, 'LOG_FORUM_ADD', 'a:1:{i:0;s:14:"Проекты";}'),
(64, 0, 2, 0, 0, 0, '83.220.238.125', 1435562342, 'LOG_FORUM_COPIED_PERMISSIONS', 'a:2:{i:0;s:18:"Флудильня";i:1;s:14:"Проекты";}'),
(65, 0, 2, 0, 0, 0, '83.220.238.125', 1435562414, 'LOG_FORUM_ADD', 'a:1:{i:0;s:21:"Помощь/идеи";}'),
(66, 0, 2, 0, 0, 0, '83.220.238.125', 1435562414, 'LOG_FORUM_COPIED_PERMISSIONS', 'a:2:{i:0;s:18:"Флудильня";i:1;s:21:"Помощь/идеи";}'),
(67, 2, 2, 0, 0, 0, '83.220.238.125', 1435562461, 'LOG_IMAGE_GENERATION_ERROR', 'a:3:{i:0;s:39:"[ROOT]/phpbb/search/fulltext_native.php";i:1;i:107;i:2;s:144:"Missing argument 8 for phpbb/search/fulltext_native::__construct(), called in [ROOT]/phpbb/cron/task/core/tidy_search.php on line 61 and defined";}'),
(68, 0, 2, 0, 0, 0, '83.220.238.125', 1435562798, 'LOG_FORUM_EDIT', 'a:1:{i:0;s:18:"Флудильня";}'),
(69, 0, 2, 0, 0, 0, '83.220.238.125', 1435565552, 'LOG_FORUM_EDIT', 'a:1:{i:0;s:15:"Новости?";}'),
(70, 0, 2, 0, 0, 0, '83.220.238.125', 1435565635, 'LOG_FORUM_EDIT', 'a:1:{i:0;s:14:"Проекты";}'),
(71, 0, 2, 0, 0, 0, '83.220.238.125', 1435565668, 'LOG_FORUM_EDIT', 'a:1:{i:0;s:21:"Помощь/идеи";}'),
(72, 2, 2, 0, 0, 0, '83.220.238.125', 1435570417, 'LOG_IMAGE_GENERATION_ERROR', 'a:3:{i:0;s:39:"[ROOT]/phpbb/search/fulltext_native.php";i:1;i:107;i:2;s:144:"Missing argument 8 for phpbb/search/fulltext_native::__construct(), called in [ROOT]/phpbb/cron/task/core/tidy_search.php on line 61 and defined";}'),
(73, 0, 2, 0, 0, 0, '83.220.238.125', 1435570912, 'LOG_CONFIG_AVATAR', ''),
(74, 0, 2, 0, 0, 0, '83.220.238.125', 1435571066, 'LOG_CONFIG_AVATAR', ''),
(75, 0, 2, 0, 0, 0, '83.220.238.125', 1435571136, 'LOG_CONFIG_AVATAR', ''),
(76, 0, 2, 0, 0, 0, '83.220.238.125', 1435571409, 'LOG_CONFIG_AVATAR', ''),
(77, 2, 2, 0, 0, 0, '83.220.238.122', 1435578552, 'LOG_IMAGE_GENERATION_ERROR', 'a:3:{i:0;s:39:"[ROOT]/phpbb/search/fulltext_native.php";i:1;i:107;i:2;s:144:"Missing argument 8 for phpbb/search/fulltext_native::__construct(), called in [ROOT]/phpbb/cron/task/core/tidy_search.php on line 61 and defined";}'),
(78, 2, 49, 0, 0, 0, '95.220.106.238', 1435586364, 'LOG_IMAGE_GENERATION_ERROR', 'a:3:{i:0;s:39:"[ROOT]/phpbb/search/fulltext_native.php";i:1;i:107;i:2;s:144:"Missing argument 8 for phpbb/search/fulltext_native::__construct(), called in [ROOT]/phpbb/cron/task/core/tidy_search.php on line 61 and defined";}'),
(79, 0, 2, 0, 0, 0, '195.135.239.4', 1435588945, 'LOG_ADMIN_AUTH_SUCCESS', ''),
(80, 0, 2, 0, 0, 0, '195.135.239.4', 1435589112, 'LOG_CONFIG_REGISTRATION', ''),
(81, 1, 2, 2, 0, 0, '195.135.239.4', 1435589125, 'LOG_TOPIC_DISAPPROVED', 'a:3:{i:0;s:4:"test";i:1;s:78:"Сообщение не относится к обсуждаемой теме.";i:2;s:5:"otter";}'),
(82, 0, 2, 0, 0, 0, '195.135.239.4', 1435589417, 'LOG_ACL_ADD_GROUP_GLOBAL_U_', 'a:1:{i:0;s:60:"<span class="sep">Новые пользователи</span>";}'),
(83, 2, 2, 0, 0, 0, '83.220.238.175', 1435595339, 'LOG_IMAGE_GENERATION_ERROR', 'a:3:{i:0;s:39:"[ROOT]/phpbb/search/fulltext_native.php";i:1;i:107;i:2;s:144:"Missing argument 8 for phpbb/search/fulltext_native::__construct(), called in [ROOT]/phpbb/cron/task/core/tidy_search.php on line 61 and defined";}'),
(84, 0, 2, 0, 0, 0, '83.220.238.175', 1435595435, 'LOG_ADMIN_AUTH_SUCCESS', ''),
(85, 2, 1, 0, 0, 0, '195.135.239.4', 1435605712, 'LOG_IMAGE_GENERATION_ERROR', 'a:3:{i:0;s:39:"[ROOT]/phpbb/search/fulltext_native.php";i:1;i:107;i:2;s:144:"Missing argument 8 for phpbb/search/fulltext_native::__construct(), called in [ROOT]/phpbb/cron/task/core/tidy_search.php on line 61 and defined";}'),
(86, 2, 2, 0, 0, 0, '83.220.237.221', 1435642505, 'LOG_IMAGE_GENERATION_ERROR', 'a:3:{i:0;s:39:"[ROOT]/phpbb/search/fulltext_native.php";i:1;i:107;i:2;s:144:"Missing argument 8 for phpbb/search/fulltext_native::__construct(), called in [ROOT]/phpbb/cron/task/core/tidy_search.php on line 61 and defined";}'),
(87, 3, 1, 0, 0, 50, '77.35.120.207', 1435643725, 'LOG_USER_ACTIVE_USER', ''),
(88, 2, 2, 0, 0, 0, '83.220.237.221', 1435657153, 'LOG_IMAGE_GENERATION_ERROR', 'a:3:{i:0;s:39:"[ROOT]/phpbb/search/fulltext_native.php";i:1;i:107;i:2;s:144:"Missing argument 8 for phpbb/search/fulltext_native::__construct(), called in [ROOT]/phpbb/cron/task/core/tidy_search.php on line 61 and defined";}'),
(89, 2, 2, 0, 0, 0, '83.220.237.221', 1435668356, 'LOG_IMAGE_GENERATION_ERROR', 'a:3:{i:0;s:39:"[ROOT]/phpbb/search/fulltext_native.php";i:1;i:107;i:2;s:144:"Missing argument 8 for phpbb/search/fulltext_native::__construct(), called in [ROOT]/phpbb/cron/task/core/tidy_search.php on line 61 and defined";}'),
(90, 2, 2, 0, 0, 0, '195.135.239.4', 1435723714, 'LOG_IMAGE_GENERATION_ERROR', 'a:3:{i:0;s:39:"[ROOT]/phpbb/search/fulltext_native.php";i:1;i:107;i:2;s:144:"Missing argument 8 for phpbb/search/fulltext_native::__construct(), called in [ROOT]/phpbb/cron/task/core/tidy_search.php on line 61 and defined";}'),
(91, 0, 2, 0, 0, 0, '195.135.239.4', 1435723785, 'LOG_ADMIN_AUTH_FAIL', ''),
(92, 0, 2, 0, 0, 0, '195.135.239.4', 1435723803, 'LOG_ADMIN_AUTH_SUCCESS', ''),
(93, 0, 2, 0, 0, 0, '195.135.239.4', 1435723871, 'LOG_GROUP_REMOVE', 'a:2:{i:0;s:35:"Новые пользователи";i:1;s:5:"otter";}'),
(94, 1, 2, 2, 5, 0, '195.135.239.4', 1435723971, 'LOG_POST_APPROVED', 'a:1:{i:0;s:4:"test";}'),
(95, 0, 2, 0, 0, 0, '195.135.239.4', 1435724858, 'LOG_ADMIN_AUTH_SUCCESS', ''),
(96, 0, 2, 0, 0, 0, '195.135.239.4', 1435724866, 'LOG_ACL_TRANSFER_PERMISSIONS', 'a:1:{i:0;s:3:"Fox";}'),
(97, 0, 2, 0, 0, 0, '195.135.239.4', 1435724916, 'LOG_ACL_RESTORE_PERMISSIONS', 'a:1:{i:0;s:3:"Fox";}'),
(98, 0, 2, 0, 0, 0, '195.135.239.4', 1435724987, 'LOG_ACL_ADD_USER_GLOBAL_U_', 'a:1:{i:0;s:3:"Fox";}'),
(99, 0, 2, 0, 0, 0, '195.135.239.4', 1435725019, 'LOG_ACL_ADD_USER_GLOBAL_M_', 'a:1:{i:0;s:3:"Fox";}'),
(100, 0, 2, 0, 0, 0, '195.135.239.4', 1435725055, 'LOG_GROUP_REMOVE', 'a:2:{i:0;s:35:"Новые пользователи";i:1;s:3:"Fox";}'),
(101, 0, 2, 0, 0, 0, '195.135.239.4', 1435725066, 'LOG_GROUP_DEFAULTS', 'a:2:{i:0;s:30:"Супермодераторы";i:1;s:3:"Fox";}'),
(102, 2, 50, 0, 0, 0, '77.35.120.207', 1435738100, 'LOG_IMAGE_GENERATION_ERROR', 'a:3:{i:0;s:39:"[ROOT]/phpbb/search/fulltext_native.php";i:1;i:107;i:2;s:144:"Missing argument 8 for phpbb/search/fulltext_native::__construct(), called in [ROOT]/phpbb/cron/task/core/tidy_search.php on line 61 and defined";}'),
(103, 2, 2, 0, 0, 0, '83.220.239.224', 1435751332, 'LOG_IMAGE_GENERATION_ERROR', 'a:3:{i:0;s:39:"[ROOT]/phpbb/search/fulltext_native.php";i:1;i:107;i:2;s:144:"Missing argument 8 for phpbb/search/fulltext_native::__construct(), called in [ROOT]/phpbb/cron/task/core/tidy_search.php on line 61 and defined";}'),
(104, 2, 1, 0, 0, 0, '83.220.238.250', 1435819564, 'LOG_IMAGE_GENERATION_ERROR', 'a:3:{i:0;s:39:"[ROOT]/phpbb/search/fulltext_native.php";i:1;i:107;i:2;s:144:"Missing argument 8 for phpbb/search/fulltext_native::__construct(), called in [ROOT]/phpbb/cron/task/core/tidy_search.php on line 61 and defined";}'),
(105, 2, 1, 0, 0, 0, '195.135.239.4', 1435850338, 'LOG_IMAGE_GENERATION_ERROR', 'a:3:{i:0;s:39:"[ROOT]/phpbb/search/fulltext_native.php";i:1;i:107;i:2;s:144:"Missing argument 8 for phpbb/search/fulltext_native::__construct(), called in [ROOT]/phpbb/cron/task/core/tidy_search.php on line 61 and defined";}'),
(106, 2, 1, 0, 0, 0, '195.135.239.4', 1435893000, 'LOG_IMAGE_GENERATION_ERROR', 'a:3:{i:0;s:39:"[ROOT]/phpbb/search/fulltext_native.php";i:1;i:107;i:2;s:144:"Missing argument 8 for phpbb/search/fulltext_native::__construct(), called in [ROOT]/phpbb/cron/task/core/tidy_search.php on line 61 and defined";}'),
(107, 2, 1, 0, 0, 0, '83.220.236.222', 1435935919, 'LOG_IMAGE_GENERATION_ERROR', 'a:3:{i:0;s:39:"[ROOT]/phpbb/search/fulltext_native.php";i:1;i:107;i:2;s:144:"Missing argument 8 for phpbb/search/fulltext_native::__construct(), called in [ROOT]/phpbb/cron/task/core/tidy_search.php on line 61 and defined";}'),
(108, 2, 50, 0, 0, 0, '77.35.120.207', 1436029366, 'LOG_IMAGE_GENERATION_ERROR', 'a:3:{i:0;s:39:"[ROOT]/phpbb/search/fulltext_native.php";i:1;i:107;i:2;s:144:"Missing argument 8 for phpbb/search/fulltext_native::__construct(), called in [ROOT]/phpbb/cron/task/core/tidy_search.php on line 61 and defined";}'),
(109, 2, 48, 0, 0, 0, '46.138.240.156', 1436130502, 'LOG_IMAGE_GENERATION_ERROR', 'a:3:{i:0;s:39:"[ROOT]/phpbb/search/fulltext_native.php";i:1;i:107;i:2;s:144:"Missing argument 8 for phpbb/search/fulltext_native::__construct(), called in [ROOT]/phpbb/cron/task/core/tidy_search.php on line 61 and defined";}'),
(110, 1, 49, 2, 5, 0, '176.195.142.239', 1436131160, 'LOG_DELETE_TOPIC', 'a:3:{i:0;s:4:"test";i:1;s:5:"otter";i:2;s:0:"";}'),
(111, 2, 50, 0, 0, 0, '77.35.120.207', 1436165900, 'LOG_IMAGE_GENERATION_ERROR', 'a:3:{i:0;s:39:"[ROOT]/phpbb/search/fulltext_native.php";i:1;i:107;i:2;s:144:"Missing argument 8 for phpbb/search/fulltext_native::__construct(), called in [ROOT]/phpbb/cron/task/core/tidy_search.php on line 61 and defined";}'),
(112, 2, 1, 0, 0, 0, '195.135.239.4', 1436199650, 'LOG_IMAGE_GENERATION_ERROR', 'a:3:{i:0;s:39:"[ROOT]/phpbb/search/fulltext_native.php";i:1;i:107;i:2;s:144:"Missing argument 8 for phpbb/search/fulltext_native::__construct(), called in [ROOT]/phpbb/cron/task/core/tidy_search.php on line 61 and defined";}'),
(113, 0, 2, 0, 0, 0, '195.135.239.4', 1436200010, 'LOG_ADMIN_AUTH_SUCCESS', ''),
(114, 0, 2, 0, 0, 0, '195.135.239.4', 1436200081, 'LOG_CONFIG_POST', ''),
(115, 2, 50, 0, 0, 0, '77.35.137.79', 1436256867, 'LOG_IMAGE_GENERATION_ERROR', 'a:3:{i:0;s:39:"[ROOT]/phpbb/search/fulltext_native.php";i:1;i:107;i:2;s:144:"Missing argument 8 for phpbb/search/fulltext_native::__construct(), called in [ROOT]/phpbb/cron/task/core/tidy_search.php on line 61 and defined";}'),
(116, 2, 50, 0, 0, 0, '5.143.46.199', 1436351485, 'LOG_IMAGE_GENERATION_ERROR', 'a:3:{i:0;s:39:"[ROOT]/phpbb/search/fulltext_native.php";i:1;i:107;i:2;s:144:"Missing argument 8 for phpbb/search/fulltext_native::__construct(), called in [ROOT]/phpbb/cron/task/core/tidy_search.php on line 61 and defined";}'),
(117, 2, 48, 0, 0, 0, '46.138.240.156', 1436389143, 'LOG_IMAGE_GENERATION_ERROR', 'a:3:{i:0;s:39:"[ROOT]/phpbb/search/fulltext_native.php";i:1;i:107;i:2;s:144:"Missing argument 8 for phpbb/search/fulltext_native::__construct(), called in [ROOT]/phpbb/cron/task/core/tidy_search.php on line 61 and defined";}'),
(118, 2, 1, 0, 0, 0, '195.135.239.4', 1436559181, 'LOG_IMAGE_GENERATION_ERROR', 'a:3:{i:0;s:39:"[ROOT]/phpbb/search/fulltext_native.php";i:1;i:107;i:2;s:144:"Missing argument 8 for phpbb/search/fulltext_native::__construct(), called in [ROOT]/phpbb/cron/task/core/tidy_search.php on line 61 and defined";}'),
(119, 2, 1, 0, 0, 0, '195.135.239.4', 1436606861, 'LOG_IMAGE_GENERATION_ERROR', 'a:3:{i:0;s:39:"[ROOT]/phpbb/search/fulltext_native.php";i:1;i:107;i:2;s:144:"Missing argument 8 for phpbb/search/fulltext_native::__construct(), called in [ROOT]/phpbb/cron/task/core/tidy_search.php on line 61 and defined";}'),
(198, 0, 2, 0, 0, 0, '195.135.239.4', 1437171597, 'LOG_USER_DELETED', 'a:1:{i:0;s:12:"Amoilifluild";}'),
(121, 2, 50, 0, 0, 0, '77.35.127.16', 1436626335, 'LOG_IMAGE_GENERATION_ERROR', 'a:3:{i:0;s:39:"[ROOT]/phpbb/search/fulltext_native.php";i:1;i:107;i:2;s:144:"Missing argument 8 for phpbb/search/fulltext_native::__construct(), called in [ROOT]/phpbb/cron/task/core/tidy_search.php on line 61 and defined";}'),
(199, 0, 2, 0, 0, 0, '195.135.239.4', 1437171625, 'LOG_USER_DELETED', 'a:1:{i:0;s:9:"AAPlaitte";}'),
(201, 0, 2, 0, 0, 0, '195.135.239.4', 1437171916, 'LOG_USER_DELETED', 'a:1:{i:0;s:11:"Ajevaemarne";}'),
(202, 0, 2, 0, 0, 0, '195.135.239.4', 1437171929, 'LOG_USER_DELETED', 'a:1:{i:0;s:8:"Aarrohem";}'),
(125, 2, 50, 0, 0, 0, '86.102.20.117', 1436684988, 'LOG_IMAGE_GENERATION_ERROR', 'a:3:{i:0;s:39:"[ROOT]/phpbb/search/fulltext_native.php";i:1;i:107;i:2;s:144:"Missing argument 8 for phpbb/search/fulltext_native::__construct(), called in [ROOT]/phpbb/cron/task/core/tidy_search.php on line 61 and defined";}'),
(203, 0, 2, 0, 0, 0, '195.135.239.4', 1437171945, 'LOG_USER_DELETED', 'a:1:{i:0;s:11:"Apragbreall";}'),
(204, 0, 2, 0, 0, 0, '195.135.239.4', 1437171962, 'LOG_USER_DELETED', 'a:1:{i:0;s:9:"belinkovf";}'),
(128, 2, 1, 0, 0, 0, '87.117.185.123', 1436704811, 'LOG_IMAGE_GENERATION_ERROR', 'a:3:{i:0;s:39:"[ROOT]/phpbb/search/fulltext_native.php";i:1;i:107;i:2;s:144:"Missing argument 8 for phpbb/search/fulltext_native::__construct(), called in [ROOT]/phpbb/cron/task/core/tidy_search.php on line 61 and defined";}'),
(205, 0, 2, 0, 0, 0, '195.135.239.4', 1437171977, 'LOG_USER_DELETED', 'a:1:{i:0;s:12:"AAEroftetelt";}'),
(206, 0, 2, 0, 0, 0, '195.135.239.4', 1437171996, 'LOG_USER_DELETED', 'a:1:{i:0;s:10:"AStymnSorn";}'),
(131, 2, 1, 0, 0, 0, '217.115.180.30', 1436720658, 'LOG_IMAGE_GENERATION_ERROR', 'a:3:{i:0;s:39:"[ROOT]/phpbb/search/fulltext_native.php";i:1;i:107;i:2;s:144:"Missing argument 8 for phpbb/search/fulltext_native::__construct(), called in [ROOT]/phpbb/cron/task/core/tidy_search.php on line 61 and defined";}'),
(132, 3, 1, 0, 0, 64, '217.115.180.30', 1436720690, 'LOG_USER_ACTIVE_USER', ''),
(207, 0, 2, 0, 0, 0, '195.135.239.4', 1437172011, 'LOG_USER_DELETED', 'a:1:{i:0;s:8:"Aimmonry";}'),
(208, 0, 2, 0, 0, 0, '195.135.239.4', 1437172027, 'LOG_USER_DELETED', 'a:1:{i:0;s:8:"AOdonome";}'),
(209, 0, 2, 0, 0, 0, '195.135.239.4', 1437172044, 'LOG_USER_DELETED', 'a:1:{i:0;s:8:"Afreense";}'),
(210, 0, 2, 0, 0, 0, '195.135.239.4', 1437172056, 'LOG_USER_DELETED', 'a:1:{i:0;s:11:"AAdedscooma";}'),
(211, 0, 2, 0, 0, 0, '195.135.239.4', 1437172071, 'LOG_USER_DELETED', 'a:1:{i:0;s:8:"AToolley";}'),
(138, 2, 64, 0, 0, 0, '217.115.180.30', 1436789928, 'LOG_IMAGE_GENERATION_ERROR', 'a:3:{i:0;s:39:"[ROOT]/phpbb/search/fulltext_native.php";i:1;i:107;i:2;s:144:"Missing argument 8 for phpbb/search/fulltext_native::__construct(), called in [ROOT]/phpbb/cron/task/core/tidy_search.php on line 61 and defined";}'),
(139, 2, 50, 0, 0, 0, '77.35.233.117', 1436799967, 'LOG_IMAGE_GENERATION_ERROR', 'a:3:{i:0;s:39:"[ROOT]/phpbb/search/fulltext_native.php";i:1;i:107;i:2;s:144:"Missing argument 8 for phpbb/search/fulltext_native::__construct(), called in [ROOT]/phpbb/cron/task/core/tidy_search.php on line 61 and defined";}'),
(212, 0, 2, 0, 0, 0, '195.135.239.4', 1437172085, 'LOG_USER_DELETED', 'a:1:{i:0;s:12:"Aemonnaspoox";}'),
(213, 0, 2, 0, 0, 0, '195.135.239.4', 1437172099, 'LOG_USER_DELETED', 'a:1:{i:0;s:8:"AAhypesk";}'),
(214, 0, 2, 0, 0, 0, '195.135.239.4', 1437172162, 'LOG_USER_DELETED', 'a:1:{i:0;s:10:"BushvakSem";}'),
(143, 2, 50, 0, 0, 0, '77.35.221.192', 1436851217, 'LOG_IMAGE_GENERATION_ERROR', 'a:3:{i:0;s:39:"[ROOT]/phpbb/search/fulltext_native.php";i:1;i:107;i:2;s:144:"Missing argument 8 for phpbb/search/fulltext_native::__construct(), called in [ROOT]/phpbb/cron/task/core/tidy_search.php on line 61 and defined";}'),
(215, 0, 2, 0, 0, 0, '195.135.239.4', 1437172175, 'LOG_USER_DELETED', 'a:1:{i:0;s:8:"Abeimalk";}'),
(216, 0, 2, 0, 0, 0, '195.135.239.4', 1437172186, 'LOG_USER_DELETED', 'a:1:{i:0;s:12:"ABlonyBrorie";}'),
(217, 0, 2, 0, 0, 0, '195.135.239.4', 1437172199, 'LOG_USER_DELETED', 'a:1:{i:0;s:10:"AAIsombmum";}'),
(218, 0, 2, 0, 0, 0, '195.135.239.4', 1437172214, 'LOG_USER_DELETED', 'a:1:{i:0;s:10:"Aplurrence";}'),
(219, 0, 2, 0, 0, 0, '195.135.239.4', 1437172226, 'LOG_USER_DELETED', 'a:1:{i:0;s:10:"AADubguema";}'),
(220, 0, 2, 0, 0, 0, '195.135.239.4', 1437172243, 'LOG_USER_DELETED', 'a:1:{i:0;s:12:"APreanoamoro";}'),
(221, 0, 2, 0, 0, 0, '195.135.239.4', 1437172259, 'LOG_USER_DELETED', 'a:1:{i:0;s:13:"BergenLimovio";}'),
(278, 0, 2, 0, 0, 0, '195.135.239.6', 1437501068, 'LOG_USER_DELETED', 'a:1:{i:0;s:9:"VocatiLaw";}'),
(222, 0, 2, 0, 0, 0, '195.135.239.4', 1437172314, 'LOG_USER_DELETED', 'a:1:{i:0;s:9:"ABecyDync";}'),
(223, 0, 2, 0, 0, 0, '195.135.239.4', 1437172338, 'LOG_USER_DELETED', 'a:1:{i:0;s:11:"BergenLinfa";}'),
(224, 0, 2, 0, 0, 0, '195.135.239.4', 1437172354, 'LOG_USER_DELETED', 'a:1:{i:0;s:13:"BergenLinfafa";}'),
(225, 0, 2, 0, 0, 0, '195.135.239.4', 1437172371, 'LOG_USER_DELETED', 'a:1:{i:0;s:11:"AIllenIsore";}'),
(226, 0, 2, 0, 0, 0, '195.135.239.4', 1437172388, 'LOG_USER_DELETED', 'a:1:{i:0;s:8:"AAtheoft";}'),
(227, 0, 2, 0, 0, 0, '195.135.239.4', 1437172414, 'LOG_USER_DELETED', 'a:1:{i:0;s:9:"AABrailky";}'),
(228, 0, 2, 0, 0, 0, '195.135.239.4', 1437172427, 'LOG_USER_DELETED', 'a:1:{i:0;s:9:"AALuctogs";}'),
(229, 0, 2, 0, 0, 0, '195.135.239.4', 1437172442, 'LOG_USER_DELETED', 'a:1:{i:0;s:10:"ABedeRetty";}'),
(230, 0, 2, 0, 0, 0, '195.135.239.4', 1437172455, 'LOG_USER_DELETED', 'a:1:{i:0;s:12:"AAGaulaaciff";}'),
(231, 0, 2, 0, 0, 0, '195.135.239.4', 1437172468, 'LOG_USER_DELETED', 'a:1:{i:0;s:10:"uborkEmunk";}'),
(232, 0, 2, 0, 0, 0, '195.135.239.4', 1437172485, 'LOG_USER_DELETED', 'a:1:{i:0;s:12:"AAhismishova";}'),
(234, 0, 2, 0, 0, 0, '195.135.239.4', 1437172551, 'LOG_USER_DELETED', 'a:1:{i:0;s:10:"Menatiroen";}'),
(238, 0, 2, 0, 0, 0, '195.135.239.4', 1437172602, 'LOG_USER_DELETED', 'a:1:{i:0;s:12:"AAClepexerse";}'),
(237, 0, 2, 0, 0, 0, '195.135.239.4', 1437172588, 'LOG_USER_DELETED', 'a:1:{i:0;s:9:"Abigmaima";}'),
(236, 0, 2, 0, 0, 0, '195.135.239.4', 1437172575, 'LOG_USER_DELETED', 'a:1:{i:0;s:10:"AAmeerpems";}'),
(167, 2, 50, 0, 0, 0, '77.34.162.179', 1437126026, 'LOG_IMAGE_GENERATION_ERROR', 'a:3:{i:0;s:39:"[ROOT]/phpbb/search/fulltext_native.php";i:1;i:107;i:2;s:144:"Missing argument 8 for phpbb/search/fulltext_native::__construct(), called in [ROOT]/phpbb/cron/task/core/tidy_search.php on line 61 and defined";}'),
(235, 0, 2, 0, 0, 0, '195.135.239.4', 1437172564, 'LOG_USER_DELETED', 'a:1:{i:0;s:12:"AQuisartesse";}'),
(233, 0, 2, 0, 0, 0, '195.135.239.4', 1437172501, 'LOG_USER_DELETED', 'a:1:{i:0;s:8:"AAKeycle";}'),
(170, 2, 1, 0, 0, 0, '83.220.237.3', 1437170714, 'LOG_IMAGE_GENERATION_ERROR', 'a:3:{i:0;s:39:"[ROOT]/phpbb/search/fulltext_native.php";i:1;i:107;i:2;s:144:"Missing argument 8 for phpbb/search/fulltext_native::__construct(), called in [ROOT]/phpbb/cron/task/core/tidy_search.php on line 61 and defined";}'),
(171, 1, 2, 4, 63, 0, '83.220.237.3', 1437170786, 'LOG_DELETE_TOPIC', 'a:3:{i:0;s:32:"знакомства в ялте";i:1;s:12:"AQuisartesse";i:2;s:0:"";}'),
(172, 1, 2, 4, 62, 0, '83.220.237.3', 1437170809, 'LOG_DELETE_TOPIC', 'a:3:{i:0;s:44:"анальная пробка большая";i:1;s:10:"AAmeerpems";i:2;s:0:"";}'),
(173, 1, 2, 4, 57, 0, '83.220.237.3', 1437170826, 'LOG_DELETE_TOPIC', 'a:3:{i:0;s:62:"знакомства для интима малая пурга";i:1;s:12:"AAClepexerse";i:2;s:0:"";}'),
(174, 1, 2, 4, 56, 0, '83.220.237.3', 1437170882, 'LOG_DELETE_TOPIC', 'a:3:{i:0;s:50:"польза вагинальных шариков";i:1;s:12:"AAhismishova";i:2;s:0:"";}'),
(175, 1, 2, 4, 53, 0, '83.220.237.3', 1437170902, 'LOG_DELETE_TOPIC', 'a:3:{i:0;s:47:"секс знакомства г сусуман";i:1;s:12:"AAGaulaaciff";i:2;s:0:"";}'),
(176, 1, 2, 4, 51, 0, '83.220.237.3', 1437170916, 'LOG_DELETE_TOPIC', 'a:3:{i:0;s:29:"знакомства кирс";i:1;s:10:"ABedeRetty";i:2;s:0:"";}'),
(177, 1, 2, 4, 50, 0, '83.220.237.3', 1437170928, 'LOG_DELETE_TOPIC', 'a:3:{i:0;s:72:"секс знакомства город большое игнатово";i:1;s:9:"AALuctogs";i:2;s:0:"";}'),
(178, 1, 2, 4, 49, 0, '83.220.237.3', 1437170956, 'LOG_DELETE_TOPIC', 'a:3:{i:0;s:32:"знакомства planeta xxx";i:1;s:9:"AABrailky";i:2;s:0:"";}'),
(179, 1, 2, 4, 45, 0, '83.220.237.3', 1437170971, 'LOG_DELETE_TOPIC', 'a:3:{i:0;s:59:"секс знакомства город плешаново";i:1;s:11:"AIllenIsore";i:2;s:0:"";}'),
(180, 1, 2, 4, 42, 0, '83.220.237.3', 1437170987, 'LOG_DELETE_TOPIC', 'a:3:{i:0;s:41:"сайт знакомств кому за";i:1;s:9:"ABecyDync";i:2;s:0:"";}'),
(181, 1, 2, 4, 40, 0, '83.220.237.3', 1437171005, 'LOG_DELETE_TOPIC', 'a:3:{i:0;s:68:"секс знакомства г карачаево-черкесия";i:1;s:12:"APreanoamoro";i:2;s:0:"";}'),
(182, 1, 2, 4, 35, 0, '83.220.237.3', 1437171018, 'LOG_DELETE_TOPIC', 'a:3:{i:0;s:40:"названия секс игрушек";i:1;s:10:"AAIsombmum";i:2;s:0:"";}'),
(183, 1, 2, 4, 39, 0, '83.220.237.3', 1437171034, 'LOG_DELETE_TOPIC', 'a:3:{i:0;s:49:"сайт секс знакомств лунино";i:1;s:10:"AADubguema";i:2;s:0:"";}'),
(184, 1, 2, 4, 34, 0, '195.135.239.4', 1437171343, 'LOG_DELETE_TOPIC', 'a:3:{i:0;s:53:"сайт интим знакомств ногинск";i:1;s:12:"ABlonyBrorie";i:2;s:0:"";}'),
(185, 1, 2, 4, 30, 0, '195.135.239.4', 1437171349, 'LOG_DELETE_TOPIC', 'a:3:{i:0;s:27:"знакомства лов";i:1;s:12:"Aemonnaspoox";i:2;s:0:"";}'),
(186, 1, 2, 4, 27, 0, '195.135.239.4', 1437171356, 'LOG_DELETE_TOPIC', 'a:3:{i:0;s:57:"сайт секс знакомств оленегорск";i:1;s:11:"AAdedscooma";i:2;s:0:"";}'),
(187, 1, 2, 4, 25, 0, '195.135.239.4', 1437171362, 'LOG_DELETE_TOPIC', 'a:3:{i:0;s:45:"знакомства для секса уфа";i:1;s:8:"Afreense";i:2;s:0:"";}'),
(188, 1, 2, 4, 21, 0, '195.135.239.4', 1437171369, 'LOG_DELETE_TOPIC', 'a:3:{i:0;s:40:"секс знакомства тараз";i:1;s:8:"Aimmonry";i:2;s:0:"";}'),
(189, 1, 2, 4, 20, 0, '195.135.239.4', 1437171374, 'LOG_DELETE_TOPIC', 'a:3:{i:0;s:44:"сайт знакомств арзамаса";i:1;s:10:"AStymnSorn";i:2;s:0:"";}'),
(190, 1, 2, 4, 16, 0, '195.135.239.4', 1437171382, 'LOG_DELETE_POST', 'a:3:{i:0;s:42:"клубничка интим товары";i:1;s:11:"Apragbreall";i:2;s:0:"";}'),
(191, 1, 2, 4, 16, 0, '195.135.239.4', 1437171404, 'LOG_DELETE_TOPIC', 'a:3:{i:0;s:42:"клубничка интим товары";i:1;s:5:"Kolhe";i:2;s:0:"";}'),
(192, 1, 2, 4, 15, 0, '195.135.239.4', 1437171410, 'LOG_DELETE_TOPIC', 'a:3:{i:0;s:49:"секс знакомства г енисейск";i:1;s:8:"Aarrohem";i:2;s:0:"";}'),
(193, 1, 2, 4, 12, 0, '195.135.239.4', 1437171415, 'LOG_DELETE_TOPIC', 'a:3:{i:0;s:55:"сайт знакомств в архангельске";i:1;s:11:"Ajevaemarne";i:2;s:0:"";}'),
(194, 1, 2, 4, 10, 0, '195.135.239.4', 1437171421, 'LOG_DELETE_TOPIC', 'a:3:{i:0;s:42:"сайт знакомств пугачёв";i:1;s:9:"AAPlaitte";i:2;s:0:"";}'),
(195, 1, 2, 4, 9, 0, '195.135.239.4', 1437171426, 'LOG_DELETE_TOPIC', 'a:3:{i:0;s:45:"интим услуги в оренбурге";i:1;s:12:"Amoilifluild";i:2;s:0:"";}'),
(196, 0, 2, 0, 0, 0, '195.135.239.4', 1437171478, 'LOG_ADMIN_AUTH_SUCCESS', ''),
(197, 0, 2, 0, 0, 0, '195.135.239.4', 1437171540, 'LOG_INACTIVE_DELETE', 'a:1:{i:0;s:172:"lijfnhlic, Justinpa, rkfikglic, AndrewKave, Stevenkemi, melrison, comprar cialis, hkfnsalic, AABoyhothe, shksdmlic, Andreyjet, ASoorydeelry, BillieMr, cjkdnslic, AJetteDync";}'),
(200, 0, 2, 0, 0, 0, '195.135.239.4', 1437171889, 'LOG_ADMIN_AUTH_SUCCESS', ''),
(239, 1, 2, 2, 7, 0, '195.135.239.4', 1437172641, 'LOG_DELETE_TOPIC', 'a:3:{i:0;s:35:"армения знакомства";i:1;s:8:"Artorahn";i:2;s:0:"";}'),
(240, 0, 2, 0, 0, 0, '195.135.239.4', 1437172741, 'LOG_CONFIG_REGISTRATION', ''),
(241, 0, 2, 0, 0, 0, '195.135.239.4', 1437172885, 'LOG_CONFIG_VISUAL', ''),
(242, 0, 2, 0, 0, 0, '195.135.239.4', 1437172926, 'LOG_CONFIG_VISUAL', ''),
(243, 0, 2, 0, 0, 0, '195.135.239.4', 1437174047, 'LOG_ADMIN_AUTH_FAIL', ''),
(244, 0, 2, 0, 0, 0, '195.135.239.4', 1437174063, 'LOG_ADMIN_AUTH_SUCCESS', ''),
(245, 0, 2, 0, 0, 0, '195.135.239.4', 1437174264, 'LOG_USER_ACTIVE', 'a:1:{i:0;s:8:"sancossi";}'),
(246, 3, 2, 0, 0, 59, '195.135.239.4', 1437174264, 'LOG_USER_ACTIVE_USER', ''),
(247, 0, 2, 0, 0, 0, '195.135.239.4', 1437174329, 'LOG_PROFILE_FIELD_ACTIVATE', 'a:1:{i:0;s:15:"phpbb_interests";}'),
(248, 0, 2, 0, 0, 0, '195.135.239.4', 1437174484, 'LOG_PROFILE_FIELD_CREATE', 'a:1:{i:0;s:33:"phpbb_capability:phpbb_capability";}'),
(249, 0, 2, 0, 0, 0, '195.135.239.4', 1437174552, 'LOG_PROFILE_FIELD_EDIT', 'a:1:{i:0;s:52:"phpbb_capability:Возможности в RPG Maker";}'),
(259, 0, 2, 0, 0, 0, '195.135.239.4', 1437193292, 'LOG_USER_DELETED', 'a:1:{i:0;s:8:"AInvinty";}'),
(261, 0, 2, 0, 0, 0, '195.135.239.4', 1437193342, 'LOG_USER_DELETED', 'a:1:{i:0;s:10:"AAVawemiff";}'),
(260, 0, 2, 0, 0, 0, '195.135.239.4', 1437193320, 'LOG_USER_DELETED', 'a:1:{i:0;s:10:"AJetteDync";}'),
(253, 2, 2, 0, 0, 0, '195.135.239.4', 1437192884, 'LOG_IMAGE_GENERATION_ERROR', 'a:3:{i:0;s:39:"[ROOT]/phpbb/search/fulltext_native.php";i:1;i:107;i:2;s:144:"Missing argument 8 for phpbb/search/fulltext_native::__construct(), called in [ROOT]/phpbb/cron/task/core/tidy_search.php on line 61 and defined";}'),
(254, 1, 2, 2, 67, 0, '195.135.239.4', 1437192916, 'LOG_DELETE_TOPIC', 'a:3:{i:0;s:56:"знакомства каменск шахтинский";i:1;s:10:"AJetteDync";i:2;s:0:"";}'),
(255, 1, 2, 2, 66, 0, '195.135.239.4', 1437192930, 'LOG_DELETE_TOPIC', 'a:3:{i:0;s:28:"страпон и порка";i:1;s:10:"AAVawemiff";i:2;s:0:"";}'),
(256, 1, 2, 2, 65, 0, '195.135.239.4', 1437192943, 'LOG_DELETE_TOPIC', 'a:3:{i:0;s:51:"знакомства для секса донецк";i:1;s:8:"AInvinty";i:2;s:0:"";}'),
(257, 1, 2, 4, 68, 0, '195.135.239.4', 1437192971, 'LOG_DELETE_TOPIC', 'a:3:{i:0;s:39:"знакомства лермонтов";i:1;s:8:"AInvinty";i:2;s:0:"";}'),
(258, 0, 2, 0, 0, 0, '195.135.239.4', 1437193232, 'LOG_ADMIN_AUTH_SUCCESS', ''),
(262, 0, 2, 0, 0, 0, '195.135.239.4', 1437194784, 'LOG_PROFILE_FIELD_EDIT', 'a:1:{i:0;s:52:"phpbb_capability:Возможности в RPG Maker";}'),
(266, 0, 2, 0, 0, 0, '195.135.239.4', 1437249145, 'LOG_USER_DELETED', 'a:1:{i:0;s:10:"AAVawemiff";}'),
(264, 2, 1, 0, 0, 0, '195.135.239.4', 1437249041, 'LOG_IMAGE_GENERATION_ERROR', 'a:3:{i:0;s:39:"[ROOT]/phpbb/search/fulltext_native.php";i:1;i:107;i:2;s:144:"Missing argument 8 for phpbb/search/fulltext_native::__construct(), called in [ROOT]/phpbb/cron/task/core/tidy_search.php on line 61 and defined";}'),
(265, 0, 2, 0, 0, 0, '195.135.239.4', 1437249106, 'LOG_ADMIN_AUTH_SUCCESS', ''),
(267, 0, 2, 0, 0, 0, '195.135.239.4', 1437249354, 'LOG_PROFILE_FIELD_CREATE', 'a:1:{i:0;s:34:"phpbb_wrongnumber:Антиспам";}'),
(268, 0, 2, 0, 0, 0, '195.135.239.4', 1437249811, 'LOG_ADMIN_AUTH_SUCCESS', ''),
(269, 0, 2, 0, 0, 0, '195.135.239.4', 1437249843, 'LOG_INACTIVE_DELETE', 'a:1:{i:0;s:5:"Basil";}'),
(270, 0, 2, 0, 0, 0, '195.135.239.4', 1437249867, 'LOG_RESYNC_STATS', ''),
(271, 0, 2, 0, 0, 0, '195.135.239.4', 1437249878, 'LOG_RESYNC_POSTCOUNTS', ''),
(272, 2, 50, 0, 0, 0, '77.34.162.179', 1437291383, 'LOG_IMAGE_GENERATION_ERROR', 'a:3:{i:0;s:39:"[ROOT]/phpbb/search/fulltext_native.php";i:1;i:107;i:2;s:144:"Missing argument 8 for phpbb/search/fulltext_native::__construct(), called in [ROOT]/phpbb/cron/task/core/tidy_search.php on line 61 and defined";}'),
(273, 2, 1, 0, 0, 0, '195.135.239.4', 1437309148, 'LOG_IMAGE_GENERATION_ERROR', 'a:3:{i:0;s:39:"[ROOT]/phpbb/search/fulltext_native.php";i:1;i:107;i:2;s:144:"Missing argument 8 for phpbb/search/fulltext_native::__construct(), called in [ROOT]/phpbb/cron/task/core/tidy_search.php on line 61 and defined";}'),
(274, 0, 2, 0, 0, 0, '195.135.239.4', 1437309164, 'LOG_ADMIN_AUTH_SUCCESS', ''),
(275, 2, 50, 0, 0, 0, '77.34.162.179', 1437368340, 'LOG_IMAGE_GENERATION_ERROR', 'a:3:{i:0;s:39:"[ROOT]/phpbb/search/fulltext_native.php";i:1;i:107;i:2;s:144:"Missing argument 8 for phpbb/search/fulltext_native::__construct(), called in [ROOT]/phpbb/cron/task/core/tidy_search.php on line 61 and defined";}'),
(276, 2, 1, 0, 0, 0, '195.135.239.6', 1437501013, 'LOG_IMAGE_GENERATION_ERROR', 'a:3:{i:0;s:39:"[ROOT]/phpbb/search/fulltext_native.php";i:1;i:107;i:2;s:144:"Missing argument 8 for phpbb/search/fulltext_native::__construct(), called in [ROOT]/phpbb/cron/task/core/tidy_search.php on line 61 and defined";}'),
(277, 0, 2, 0, 0, 0, '195.135.239.6', 1437501057, 'LOG_ADMIN_AUTH_SUCCESS', ''),
(279, 2, 1, 0, 0, 0, '195.135.239.4', 1437539009, 'LOG_IMAGE_GENERATION_ERROR', 'a:3:{i:0;s:39:"[ROOT]/phpbb/search/fulltext_native.php";i:1;i:107;i:2;s:144:"Missing argument 8 for phpbb/search/fulltext_native::__construct(), called in [ROOT]/phpbb/cron/task/core/tidy_search.php on line 61 and defined";}'),
(280, 2, 64, 0, 0, 0, '217.115.180.30', 1437552779, 'LOG_IMAGE_GENERATION_ERROR', 'a:3:{i:0;s:39:"[ROOT]/phpbb/search/fulltext_native.php";i:1;i:107;i:2;s:144:"Missing argument 8 for phpbb/search/fulltext_native::__construct(), called in [ROOT]/phpbb/cron/task/core/tidy_search.php on line 61 and defined";}'),
(281, 2, 1, 0, 0, 0, '83.220.236.175', 1437577513, 'LOG_IMAGE_GENERATION_ERROR', 'a:3:{i:0;s:39:"[ROOT]/phpbb/search/fulltext_native.php";i:1;i:107;i:2;s:144:"Missing argument 8 for phpbb/search/fulltext_native::__construct(), called in [ROOT]/phpbb/cron/task/core/tidy_search.php on line 61 and defined";}'),
(282, 2, 1, 0, 0, 0, '195.135.239.4', 1437595512, 'LOG_IMAGE_GENERATION_ERROR', 'a:3:{i:0;s:39:"[ROOT]/phpbb/search/fulltext_native.php";i:1;i:107;i:2;s:144:"Missing argument 8 for phpbb/search/fulltext_native::__construct(), called in [ROOT]/phpbb/cron/task/core/tidy_search.php on line 61 and defined";}'),
(283, 2, 64, 0, 0, 0, '217.115.180.30', 1437621799, 'LOG_IMAGE_GENERATION_ERROR', 'a:3:{i:0;s:39:"[ROOT]/phpbb/search/fulltext_native.php";i:1;i:107;i:2;s:144:"Missing argument 8 for phpbb/search/fulltext_native::__construct(), called in [ROOT]/phpbb/cron/task/core/tidy_search.php on line 61 and defined";}'),
(284, 2, 1, 0, 0, 0, '83.220.236.29', 1437641928, 'LOG_IMAGE_GENERATION_ERROR', 'a:3:{i:0;s:39:"[ROOT]/phpbb/search/fulltext_native.php";i:1;i:107;i:2;s:144:"Missing argument 8 for phpbb/search/fulltext_native::__construct(), called in [ROOT]/phpbb/cron/task/core/tidy_search.php on line 61 and defined";}'),
(285, 2, 50, 0, 0, 0, '5.143.82.156', 1437717140, 'LOG_IMAGE_GENERATION_ERROR', 'a:3:{i:0;s:39:"[ROOT]/phpbb/search/fulltext_native.php";i:1;i:107;i:2;s:144:"Missing argument 8 for phpbb/search/fulltext_native::__construct(), called in [ROOT]/phpbb/cron/task/core/tidy_search.php on line 61 and defined";}'),
(286, 2, 50, 0, 0, 0, '5.143.82.156', 1437852296, 'LOG_IMAGE_GENERATION_ERROR', 'a:3:{i:0;s:39:"[ROOT]/phpbb/search/fulltext_native.php";i:1;i:107;i:2;s:144:"Missing argument 8 for phpbb/search/fulltext_native::__construct(), called in [ROOT]/phpbb/cron/task/core/tidy_search.php on line 61 and defined";}'),
(287, 2, 50, 0, 0, 0, '77.35.135.242', 1437983867, 'LOG_IMAGE_GENERATION_ERROR', 'a:3:{i:0;s:39:"[ROOT]/phpbb/search/fulltext_native.php";i:1;i:107;i:2;s:144:"Missing argument 8 for phpbb/search/fulltext_native::__construct(), called in [ROOT]/phpbb/cron/task/core/tidy_search.php on line 61 and defined";}'),
(288, 2, 1, 0, 0, 0, '37.193.199.28', 1438001554, 'LOG_IMAGE_GENERATION_ERROR', 'a:3:{i:0;s:39:"[ROOT]/phpbb/search/fulltext_native.php";i:1;i:107;i:2;s:144:"Missing argument 8 for phpbb/search/fulltext_native::__construct(), called in [ROOT]/phpbb/cron/task/core/tidy_search.php on line 61 and defined";}'),
(289, 3, 1, 0, 0, 114, '37.193.199.28', 1438002337, 'LOG_USER_ACTIVE_USER', ''),
(290, 2, 114, 0, 0, 0, '37.193.199.28', 1438008999, 'LOG_IMAGE_GENERATION_ERROR', 'a:3:{i:0;s:39:"[ROOT]/phpbb/search/fulltext_native.php";i:1;i:107;i:2;s:144:"Missing argument 8 for phpbb/search/fulltext_native::__construct(), called in [ROOT]/phpbb/cron/task/core/tidy_search.php on line 61 and defined";}'),
(291, 2, 114, 0, 0, 0, '37.193.199.28', 1438017699, 'LOG_IMAGE_GENERATION_ERROR', 'a:3:{i:0;s:39:"[ROOT]/phpbb/search/fulltext_native.php";i:1;i:107;i:2;s:144:"Missing argument 8 for phpbb/search/fulltext_native::__construct(), called in [ROOT]/phpbb/cron/task/core/tidy_search.php on line 61 and defined";}'),
(292, 2, 50, 0, 0, 0, '77.35.135.242', 1438028376, 'LOG_IMAGE_GENERATION_ERROR', 'a:3:{i:0;s:39:"[ROOT]/phpbb/search/fulltext_native.php";i:1;i:107;i:2;s:144:"Missing argument 8 for phpbb/search/fulltext_native::__construct(), called in [ROOT]/phpbb/cron/task/core/tidy_search.php on line 61 and defined";}'),
(293, 2, 114, 0, 0, 0, '37.193.199.28', 1438053691, 'LOG_IMAGE_GENERATION_ERROR', 'a:3:{i:0;s:39:"[ROOT]/phpbb/search/fulltext_native.php";i:1;i:107;i:2;s:144:"Missing argument 8 for phpbb/search/fulltext_native::__construct(), called in [ROOT]/phpbb/cron/task/core/tidy_search.php on line 61 and defined";}'),
(294, 2, 114, 0, 0, 0, '37.193.199.28', 1438066091, 'LOG_IMAGE_GENERATION_ERROR', 'a:3:{i:0;s:39:"[ROOT]/phpbb/search/fulltext_native.php";i:1;i:107;i:2;s:144:"Missing argument 8 for phpbb/search/fulltext_native::__construct(), called in [ROOT]/phpbb/cron/task/core/tidy_search.php on line 61 and defined";}'),
(295, 2, 114, 0, 0, 0, '37.193.199.28', 1438078006, 'LOG_IMAGE_GENERATION_ERROR', 'a:3:{i:0;s:39:"[ROOT]/phpbb/search/fulltext_native.php";i:1;i:107;i:2;s:144:"Missing argument 8 for phpbb/search/fulltext_native::__construct(), called in [ROOT]/phpbb/cron/task/core/tidy_search.php on line 61 and defined";}'),
(296, 2, 114, 0, 0, 0, '37.193.199.28', 1438086754, 'LOG_IMAGE_GENERATION_ERROR', 'a:3:{i:0;s:39:"[ROOT]/phpbb/search/fulltext_native.php";i:1;i:107;i:2;s:144:"Missing argument 8 for phpbb/search/fulltext_native::__construct(), called in [ROOT]/phpbb/cron/task/core/tidy_search.php on line 61 and defined";}'),
(297, 2, 1, 0, 0, 0, '37.193.199.28', 1438098395, 'LOG_IMAGE_GENERATION_ERROR', 'a:3:{i:0;s:39:"[ROOT]/phpbb/search/fulltext_native.php";i:1;i:107;i:2;s:144:"Missing argument 8 for phpbb/search/fulltext_native::__construct(), called in [ROOT]/phpbb/cron/task/core/tidy_search.php on line 61 and defined";}'),
(298, 2, 114, 0, 0, 0, '37.193.199.28', 1438138901, 'LOG_IMAGE_GENERATION_ERROR', 'a:3:{i:0;s:39:"[ROOT]/phpbb/search/fulltext_native.php";i:1;i:107;i:2;s:144:"Missing argument 8 for phpbb/search/fulltext_native::__construct(), called in [ROOT]/phpbb/cron/task/core/tidy_search.php on line 61 and defined";}'),
(299, 2, 114, 0, 0, 0, '37.193.199.28', 1438185451, 'LOG_IMAGE_GENERATION_ERROR', 'a:3:{i:0;s:39:"[ROOT]/phpbb/search/fulltext_native.php";i:1;i:107;i:2;s:144:"Missing argument 8 for phpbb/search/fulltext_native::__construct(), called in [ROOT]/phpbb/cron/task/core/tidy_search.php on line 61 and defined";}'),
(300, 2, 114, 0, 0, 0, '37.193.199.28', 1438196053, 'LOG_IMAGE_GENERATION_ERROR', 'a:3:{i:0;s:39:"[ROOT]/phpbb/search/fulltext_native.php";i:1;i:107;i:2;s:144:"Missing argument 8 for phpbb/search/fulltext_native::__construct(), called in [ROOT]/phpbb/cron/task/core/tidy_search.php on line 61 and defined";}'),
(301, 2, 1, 0, 0, 0, '37.193.199.28', 1438240489, 'LOG_IMAGE_GENERATION_ERROR', 'a:3:{i:0;s:39:"[ROOT]/phpbb/search/fulltext_native.php";i:1;i:107;i:2;s:144:"Missing argument 8 for phpbb/search/fulltext_native::__construct(), called in [ROOT]/phpbb/cron/task/core/tidy_search.php on line 61 and defined";}'),
(302, 2, 50, 0, 0, 0, '5.143.78.73', 1438252408, 'LOG_IMAGE_GENERATION_ERROR', 'a:3:{i:0;s:39:"[ROOT]/phpbb/search/fulltext_native.php";i:1;i:107;i:2;s:144:"Missing argument 8 for phpbb/search/fulltext_native::__construct(), called in [ROOT]/phpbb/cron/task/core/tidy_search.php on line 61 and defined";}'),
(303, 2, 114, 0, 0, 0, '37.193.199.28', 1438260262, 'LOG_IMAGE_GENERATION_ERROR', 'a:3:{i:0;s:39:"[ROOT]/phpbb/search/fulltext_native.php";i:1;i:107;i:2;s:144:"Missing argument 8 for phpbb/search/fulltext_native::__construct(), called in [ROOT]/phpbb/cron/task/core/tidy_search.php on line 61 and defined";}'),
(304, 2, 48, 0, 0, 0, '91.76.14.61', 1438319795, 'LOG_IMAGE_GENERATION_ERROR', 'a:3:{i:0;s:39:"[ROOT]/phpbb/search/fulltext_native.php";i:1;i:107;i:2;s:144:"Missing argument 8 for phpbb/search/fulltext_native::__construct(), called in [ROOT]/phpbb/cron/task/core/tidy_search.php on line 61 and defined";}'),
(305, 2, 114, 0, 0, 0, '37.193.199.28', 1438333508, 'LOG_IMAGE_GENERATION_ERROR', 'a:3:{i:0;s:39:"[ROOT]/phpbb/search/fulltext_native.php";i:1;i:107;i:2;s:144:"Missing argument 8 for phpbb/search/fulltext_native::__construct(), called in [ROOT]/phpbb/cron/task/core/tidy_search.php on line 61 and defined";}'),
(306, 2, 114, 0, 0, 0, '37.193.199.28', 1438577901, 'LOG_IMAGE_GENERATION_ERROR', 'a:3:{i:0;s:39:"[ROOT]/phpbb/search/fulltext_native.php";i:1;i:107;i:2;s:144:"Missing argument 8 for phpbb/search/fulltext_native::__construct(), called in [ROOT]/phpbb/cron/task/core/tidy_search.php on line 61 and defined";}'),
(307, 2, 114, 0, 0, 0, '37.193.199.28', 1438627269, 'LOG_IMAGE_GENERATION_ERROR', 'a:3:{i:0;s:39:"[ROOT]/phpbb/search/fulltext_native.php";i:1;i:107;i:2;s:144:"Missing argument 8 for phpbb/search/fulltext_native::__construct(), called in [ROOT]/phpbb/cron/task/core/tidy_search.php on line 61 and defined";}'),
(308, 2, 114, 0, 0, 0, '37.193.199.28', 1438674954, 'LOG_IMAGE_GENERATION_ERROR', 'a:3:{i:0;s:39:"[ROOT]/phpbb/search/fulltext_native.php";i:1;i:107;i:2;s:144:"Missing argument 8 for phpbb/search/fulltext_native::__construct(), called in [ROOT]/phpbb/cron/task/core/tidy_search.php on line 61 and defined";}'),
(309, 2, 114, 0, 0, 0, '37.193.199.28', 1438682746, 'LOG_IMAGE_GENERATION_ERROR', 'a:3:{i:0;s:39:"[ROOT]/phpbb/search/fulltext_native.php";i:1;i:107;i:2;s:144:"Missing argument 8 for phpbb/search/fulltext_native::__construct(), called in [ROOT]/phpbb/cron/task/core/tidy_search.php on line 61 and defined";}'),
(310, 2, 114, 0, 0, 0, '37.193.199.28', 1438690787, 'LOG_IMAGE_GENERATION_ERROR', 'a:3:{i:0;s:39:"[ROOT]/phpbb/search/fulltext_native.php";i:1;i:107;i:2;s:144:"Missing argument 8 for phpbb/search/fulltext_native::__construct(), called in [ROOT]/phpbb/cron/task/core/tidy_search.php on line 61 and defined";}'),
(311, 2, 114, 0, 0, 0, '37.193.199.28', 1438698010, 'LOG_IMAGE_GENERATION_ERROR', 'a:3:{i:0;s:39:"[ROOT]/phpbb/search/fulltext_native.php";i:1;i:107;i:2;s:144:"Missing argument 8 for phpbb/search/fulltext_native::__construct(), called in [ROOT]/phpbb/cron/task/core/tidy_search.php on line 61 and defined";}'),
(312, 2, 50, 0, 0, 0, '77.34.168.243', 1438739746, 'LOG_IMAGE_GENERATION_ERROR', 'a:3:{i:0;s:39:"[ROOT]/phpbb/search/fulltext_native.php";i:1;i:107;i:2;s:144:"Missing argument 8 for phpbb/search/fulltext_native::__construct(), called in [ROOT]/phpbb/cron/task/core/tidy_search.php on line 61 and defined";}'),
(313, 2, 114, 0, 0, 0, '37.193.199.28', 1438748178, 'LOG_IMAGE_GENERATION_ERROR', 'a:3:{i:0;s:39:"[ROOT]/phpbb/search/fulltext_native.php";i:1;i:107;i:2;s:144:"Missing argument 8 for phpbb/search/fulltext_native::__construct(), called in [ROOT]/phpbb/cron/task/core/tidy_search.php on line 61 and defined";}'),
(314, 2, 1, 0, 0, 0, '195.135.239.4', 1438783187, 'LOG_IMAGE_GENERATION_ERROR', 'a:3:{i:0;s:39:"[ROOT]/phpbb/search/fulltext_native.php";i:1;i:107;i:2;s:144:"Missing argument 8 for phpbb/search/fulltext_native::__construct(), called in [ROOT]/phpbb/cron/task/core/tidy_search.php on line 61 and defined";}'),
(315, 2, 2, 0, 0, 0, '195.135.239.4', 1438790541, 'LOG_IMAGE_GENERATION_ERROR', 'a:3:{i:0;s:39:"[ROOT]/phpbb/search/fulltext_native.php";i:1;i:107;i:2;s:144:"Missing argument 8 for phpbb/search/fulltext_native::__construct(), called in [ROOT]/phpbb/cron/task/core/tidy_search.php on line 61 and defined";}'),
(316, 2, 114, 0, 0, 0, '37.193.199.28', 1438831378, 'LOG_IMAGE_GENERATION_ERROR', 'a:3:{i:0;s:39:"[ROOT]/phpbb/search/fulltext_native.php";i:1;i:107;i:2;s:144:"Missing argument 8 for phpbb/search/fulltext_native::__construct(), called in [ROOT]/phpbb/cron/task/core/tidy_search.php on line 61 and defined";}'),
(317, 2, 50, 0, 0, 0, '77.34.168.243', 1438846651, 'LOG_IMAGE_GENERATION_ERROR', 'a:3:{i:0;s:39:"[ROOT]/phpbb/search/fulltext_native.php";i:1;i:107;i:2;s:144:"Missing argument 8 for phpbb/search/fulltext_native::__construct(), called in [ROOT]/phpbb/cron/task/core/tidy_search.php on line 61 and defined";}'),
(318, 0, 2, 0, 0, 0, '195.135.239.4', 1438846707, 'LOG_ADMIN_AUTH_SUCCESS', ''),
(319, 0, 2, 0, 0, 0, '195.135.239.4', 1438850934, 'LOG_ADMIN_AUTH_SUCCESS', ''),
(320, 2, 1, 0, 0, 0, '195.135.239.4', 1438856947, 'LOG_IMAGE_GENERATION_ERROR', 'a:3:{i:0;s:39:"[ROOT]/phpbb/search/fulltext_native.php";i:1;i:107;i:2;s:144:"Missing argument 8 for phpbb/search/fulltext_native::__construct(), called in [ROOT]/phpbb/cron/task/core/tidy_search.php on line 61 and defined";}'),
(321, 3, 1, 0, 0, 115, '95.78.231.216', 1438859450, 'LOG_USER_ACTIVE_USER', ''),
(322, 0, 2, 0, 0, 0, '195.135.239.4', 1438862693, 'LOG_ADMIN_AUTH_SUCCESS', ''),
(323, 0, 2, 0, 0, 0, '195.135.239.4', 1438863113, 'LOG_PURGE_CACHE', ''),
(324, 0, 2, 0, 0, 0, '195.135.239.4', 1438863792, 'LOG_MODULE_ADD', 'a:1:{i:0;s:27:"ACP_UPLOAD_EXT_CONFIG_TITLE";}'),
(325, 0, 2, 0, 0, 0, '195.135.239.4', 1438863792, 'LOG_EXT_ENABLE', 'a:1:{i:0;s:17:"boardtools/upload";}'),
(326, 0, 2, 0, 0, 0, '195.135.239.4', 1438868022, 'LOG_MODULE_ADD', 'a:1:{i:0;s:16:"ACP_PORTAL_TITLE";}'),
(327, 0, 2, 0, 0, 0, '195.135.239.4', 1438868022, 'LOG_MODULE_ADD', 'a:1:{i:0;s:16:"ACP_CONFIG_TITLE";}'),
(328, 0, 2, 0, 0, 0, '195.135.239.4', 1438868022, 'LOG_MODULE_ADD', 'a:1:{i:0;s:16:"ACP_BLOCKS_TITLE";}'),
(329, 0, 2, 0, 0, 0, '195.135.239.4', 1438868022, 'LOG_MODULE_ADD', 'a:1:{i:0;s:15:"ACP_MENUS_TITLE";}'),
(330, 0, 2, 0, 0, 0, '195.135.239.4', 1438868022, 'LOG_MODULE_ADD', 'a:1:{i:0;s:15:"ACP_PAGES_TITLE";}'),
(331, 0, 2, 0, 0, 0, '195.135.239.4', 1438868022, 'LOG_MODULE_ADD', 'a:1:{i:0;s:19:"ACP_RESOURCES_TITLE";}'),
(332, 0, 2, 0, 0, 0, '195.135.239.4', 1438868022, 'LOG_MODULE_ADD', 'a:1:{i:0;s:14:"ACP_VARS_TITLE";}'),
(333, 0, 2, 0, 0, 0, '195.135.239.4', 1438868022, 'LOG_MODULE_ADD', 'a:1:{i:0;s:17:"ACP_PORTAL_CONFIG";}'),
(334, 0, 2, 0, 0, 0, '195.135.239.4', 1438868022, 'LOG_MODULE_ADD', 'a:1:{i:0;s:16:"ACP_K_BLOCKS_ADD";}'),
(335, 0, 2, 0, 0, 0, '195.135.239.4', 1438868022, 'LOG_MODULE_ADD', 'a:1:{i:0;s:17:"ACP_K_BLOCKS_EDIT";}'),
(336, 0, 2, 0, 0, 0, '195.135.239.4', 1438868022, 'LOG_MODULE_ADD', 'a:1:{i:0;s:19:"ACP_K_BLOCKS_DELETE";}'),
(337, 0, 2, 0, 0, 0, '195.135.239.4', 1438868022, 'LOG_MODULE_ADD', 'a:1:{i:0;s:8:"ACP_K_UP";}'),
(338, 0, 2, 0, 0, 0, '195.135.239.4', 1438868022, 'LOG_MODULE_ADD', 'a:1:{i:0;s:10:"ACP_K_DOWN";}'),
(339, 0, 2, 0, 0, 0, '195.135.239.4', 1438868022, 'LOG_MODULE_ADD', 'a:1:{i:0;s:20:"ACP_K_BLOCKS_REINDEX";}'),
(340, 0, 2, 0, 0, 0, '195.135.239.4', 1438868022, 'LOG_MODULE_ADD', 'a:1:{i:0;s:22:"ACP_K_PAGE_LEFT_BLOCKS";}'),
(341, 0, 2, 0, 0, 0, '195.135.239.4', 1438868022, 'LOG_MODULE_ADD', 'a:1:{i:0;s:24:"ACP_K_PAGE_CERTRE_BLOCKS";}'),
(342, 0, 2, 0, 0, 0, '195.135.239.4', 1438868022, 'LOG_MODULE_ADD', 'a:1:{i:0;s:23:"ACP_K_PAGE_RIGHT_BLOCKS";}'),
(343, 0, 2, 0, 0, 0, '195.135.239.4', 1438868022, 'LOG_MODULE_ADD', 'a:1:{i:0;s:19:"ACP_K_BLOCKS_MANAGE";}'),
(344, 0, 2, 0, 0, 0, '195.135.239.4', 1438868022, 'LOG_MODULE_ADD', 'a:1:{i:0;s:18:"ACP_K_BLOCKS_RESET";}'),
(345, 0, 2, 0, 0, 0, '195.135.239.4', 1438868022, 'LOG_MODULE_ADD', 'a:1:{i:0;s:14:"ACP_K_MENU_ADD";}'),
(346, 0, 2, 0, 0, 0, '195.135.239.4', 1438868022, 'LOG_MODULE_ADD', 'a:1:{i:0;s:15:"ACP_K_MENU_MAIN";}'),
(347, 0, 2, 0, 0, 0, '195.135.239.4', 1438868022, 'LOG_MODULE_ADD', 'a:1:{i:0;s:14:"ACP_K_MENU_SUB";}'),
(348, 0, 2, 0, 0, 0, '195.135.239.4', 1438868022, 'LOG_MODULE_ADD', 'a:1:{i:0;s:16:"ACP_K_MENU_LINKS";}'),
(349, 0, 2, 0, 0, 0, '195.135.239.4', 1438868022, 'LOG_MODULE_ADD', 'a:1:{i:0;s:15:"ACP_K_MENU_EDIT";}');
INSERT INTO `phpbb_log` (`log_id`, `log_type`, `user_id`, `forum_id`, `topic_id`, `reportee_id`, `log_ip`, `log_time`, `log_operation`, `log_data`) VALUES
(350, 0, 2, 0, 0, 0, '195.135.239.4', 1438868022, 'LOG_MODULE_ADD', 'a:1:{i:0;s:17:"ACP_K_MENU_DELETE";}'),
(351, 0, 2, 0, 0, 0, '195.135.239.4', 1438868022, 'LOG_MODULE_ADD', 'a:1:{i:0;s:8:"ACP_K_UP";}'),
(352, 0, 2, 0, 0, 0, '195.135.239.4', 1438868022, 'LOG_MODULE_ADD', 'a:1:{i:0;s:10:"ACP_K_DOWN";}'),
(353, 0, 2, 0, 0, 0, '195.135.239.4', 1438868022, 'LOG_MODULE_ADD', 'a:1:{i:0;s:14:"ACP_K_MENU_ALL";}'),
(354, 0, 2, 0, 0, 0, '195.135.239.4', 1438868022, 'LOG_MODULE_ADD', 'a:1:{i:0;s:22:"ACP_K_MENU_UNALLOCATED";}'),
(355, 0, 2, 0, 0, 0, '195.135.239.4', 1438868022, 'LOG_MODULE_ADD', 'a:1:{i:0;s:15:"ACP_K_PAGES_ADD";}'),
(356, 0, 2, 0, 0, 0, '195.135.239.4', 1438868022, 'LOG_MODULE_ADD', 'a:1:{i:0;s:18:"ACP_K_PAGES_DELETE";}'),
(357, 0, 2, 0, 0, 0, '195.135.239.4', 1438868022, 'LOG_MODULE_ADD', 'a:1:{i:0;s:16:"ACP_K_PAGES_LAND";}'),
(358, 0, 2, 0, 0, 0, '195.135.239.4', 1438868022, 'LOG_MODULE_ADD', 'a:1:{i:0;s:18:"ACP_K_PAGES_MANAGE";}'),
(359, 0, 2, 0, 0, 0, '195.135.239.4', 1438868022, 'LOG_MODULE_ADD', 'a:1:{i:0;s:15:"ACP_K_RESOURCES";}'),
(360, 0, 2, 0, 0, 0, '195.135.239.4', 1438868022, 'LOG_MODULE_ADD', 'a:1:{i:0;s:15:"ACP_VARS_CONFIG";}'),
(361, 0, 2, 0, 0, 0, '195.135.239.4', 1438868022, 'LOG_MODULE_ADD', 'a:1:{i:0;s:16:"UCP_PORTAL_TITLE";}'),
(362, 0, 2, 0, 0, 0, '195.135.239.4', 1438868022, 'LOG_MODULE_ADD', 'a:1:{i:0;s:17:"UCP_K_BLOCKS_INFO";}'),
(363, 0, 2, 0, 0, 0, '195.135.239.4', 1438868022, 'LOG_MODULE_ADD', 'a:1:{i:0;s:20:"UCP_K_BLOCKS_ARRANGE";}'),
(364, 0, 2, 0, 0, 0, '195.135.239.4', 1438868022, 'LOG_MODULE_ADD', 'a:1:{i:0;s:17:"UCP_K_BLOCKS_EDIT";}'),
(365, 0, 2, 0, 0, 0, '195.135.239.4', 1438868022, 'LOG_MODULE_ADD', 'a:1:{i:0;s:19:"UCP_K_BLOCKS_DELETE";}'),
(366, 0, 2, 0, 0, 0, '195.135.239.4', 1438868022, 'LOG_MODULE_ADD', 'a:1:{i:0;s:18:"UCP_K_BLOCKS_WIDTH";}'),
(367, 0, 2, 0, 0, 0, '195.135.239.4', 1438868022, 'LOG_EXT_ENABLE', 'a:1:{i:0;s:19:"phpbbireland/portal";}'),
(368, 2, 2, 0, 0, 0, '195.135.239.4', 1438868087, 'LOG_IMAGE_GENERATION_ERROR', 'a:3:{i:0;s:39:"[ROOT]/phpbb/search/fulltext_native.php";i:1;i:107;i:2;s:144:"Missing argument 8 for phpbb/search/fulltext_native::__construct(), called in [ROOT]/phpbb/cron/task/core/tidy_search.php on line 61 and defined";}'),
(369, 2, 50, 0, 0, 0, '77.34.168.243', 1438895232, 'LOG_IMAGE_GENERATION_ERROR', 'a:3:{i:0;s:39:"[ROOT]/phpbb/search/fulltext_native.php";i:1;i:107;i:2;s:144:"Missing argument 8 for phpbb/search/fulltext_native::__construct(), called in [ROOT]/phpbb/cron/task/core/tidy_search.php on line 61 and defined";}'),
(370, 2, 114, 0, 0, 0, '37.193.199.28', 1438915636, 'LOG_IMAGE_GENERATION_ERROR', 'a:3:{i:0;s:39:"[ROOT]/phpbb/search/fulltext_native.php";i:1;i:107;i:2;s:144:"Missing argument 8 for phpbb/search/fulltext_native::__construct(), called in [ROOT]/phpbb/cron/task/core/tidy_search.php on line 61 and defined";}'),
(371, 2, 2, 0, 0, 0, '195.135.239.4', 1438964279, 'LOG_IMAGE_GENERATION_ERROR', 'a:3:{i:0;s:39:"[ROOT]/phpbb/search/fulltext_native.php";i:1;i:107;i:2;s:144:"Missing argument 8 for phpbb/search/fulltext_native::__construct(), called in [ROOT]/phpbb/cron/task/core/tidy_search.php on line 61 and defined";}'),
(372, 2, 2, 0, 0, 0, '195.135.239.4', 1439038709, 'LOG_IMAGE_GENERATION_ERROR', 'a:3:{i:0;s:39:"[ROOT]/phpbb/search/fulltext_native.php";i:1;i:107;i:2;s:144:"Missing argument 8 for phpbb/search/fulltext_native::__construct(), called in [ROOT]/phpbb/cron/task/core/tidy_search.php on line 61 and defined";}'),
(373, 2, 1, 0, 0, 0, '195.135.239.4', 1439135224, 'LOG_IMAGE_GENERATION_ERROR', 'a:3:{i:0;s:39:"[ROOT]/phpbb/search/fulltext_native.php";i:1;i:107;i:2;s:144:"Missing argument 8 for phpbb/search/fulltext_native::__construct(), called in [ROOT]/phpbb/cron/task/core/tidy_search.php on line 61 and defined";}'),
(374, 0, 2, 0, 0, 0, '195.135.239.4', 1439135251, 'LOG_ADMIN_AUTH_SUCCESS', ''),
(375, 0, 2, 0, 0, 0, '195.135.239.4', 1439135282, 'LOG_EXT_DISABLE', 'a:1:{i:0;s:19:"phpbbireland/portal";}'),
(376, 2, 1, 0, 0, 0, '213.24.127.159', 1439154245, 'LOG_IMAGE_GENERATION_ERROR', 'a:3:{i:0;s:39:"[ROOT]/phpbb/search/fulltext_native.php";i:1;i:107;i:2;s:144:"Missing argument 8 for phpbb/search/fulltext_native::__construct(), called in [ROOT]/phpbb/cron/task/core/tidy_search.php on line 61 and defined";}'),
(377, 2, 1, 0, 0, 0, '213.24.127.159', 1439177111, 'LOG_IMAGE_GENERATION_ERROR', 'a:3:{i:0;s:39:"[ROOT]/phpbb/search/fulltext_native.php";i:1;i:107;i:2;s:144:"Missing argument 8 for phpbb/search/fulltext_native::__construct(), called in [ROOT]/phpbb/cron/task/core/tidy_search.php on line 61 and defined";}'),
(378, 3, 1, 0, 0, 116, '213.24.127.159', 1439177261, 'LOG_USER_ACTIVE_USER', ''),
(379, 2, 114, 0, 0, 0, '37.193.199.28', 1439202093, 'LOG_IMAGE_GENERATION_ERROR', 'a:3:{i:0;s:39:"[ROOT]/phpbb/search/fulltext_native.php";i:1;i:107;i:2;s:144:"Missing argument 8 for phpbb/search/fulltext_native::__construct(), called in [ROOT]/phpbb/cron/task/core/tidy_search.php on line 61 and defined";}'),
(380, 2, 114, 0, 0, 0, '37.193.199.28', 1439213122, 'LOG_IMAGE_GENERATION_ERROR', 'a:3:{i:0;s:39:"[ROOT]/phpbb/search/fulltext_native.php";i:1;i:107;i:2;s:144:"Missing argument 8 for phpbb/search/fulltext_native::__construct(), called in [ROOT]/phpbb/cron/task/core/tidy_search.php on line 61 and defined";}'),
(381, 2, 1, 0, 0, 0, '185.57.31.141', 1439221091, 'LOG_IMAGE_GENERATION_ERROR', 'a:3:{i:0;s:39:"[ROOT]/phpbb/search/fulltext_native.php";i:1;i:107;i:2;s:144:"Missing argument 8 for phpbb/search/fulltext_native::__construct(), called in [ROOT]/phpbb/cron/task/core/tidy_search.php on line 61 and defined";}'),
(382, 2, 116, 0, 0, 0, '213.24.127.159', 1439229226, 'LOG_IMAGE_GENERATION_ERROR', 'a:3:{i:0;s:39:"[ROOT]/phpbb/search/fulltext_native.php";i:1;i:107;i:2;s:144:"Missing argument 8 for phpbb/search/fulltext_native::__construct(), called in [ROOT]/phpbb/cron/task/core/tidy_search.php on line 61 and defined";}'),
(383, 2, 1, 0, 0, 0, '37.193.199.28', 1439241204, 'LOG_IMAGE_GENERATION_ERROR', 'a:3:{i:0;s:39:"[ROOT]/phpbb/search/fulltext_native.php";i:1;i:107;i:2;s:144:"Missing argument 8 for phpbb/search/fulltext_native::__construct(), called in [ROOT]/phpbb/cron/task/core/tidy_search.php on line 61 and defined";}'),
(384, 2, 116, 0, 0, 0, '213.24.127.159', 1439261710, 'LOG_IMAGE_GENERATION_ERROR', 'a:3:{i:0;s:39:"[ROOT]/phpbb/search/fulltext_native.php";i:1;i:107;i:2;s:144:"Missing argument 8 for phpbb/search/fulltext_native::__construct(), called in [ROOT]/phpbb/cron/task/core/tidy_search.php on line 61 and defined";}'),
(385, 2, 2, 0, 0, 0, '66.249.81.148', 1439275767, 'LOG_IMAGE_GENERATION_ERROR', 'a:3:{i:0;s:39:"[ROOT]/phpbb/search/fulltext_native.php";i:1;i:107;i:2;s:144:"Missing argument 8 for phpbb/search/fulltext_native::__construct(), called in [ROOT]/phpbb/cron/task/core/tidy_search.php on line 61 and defined";}'),
(386, 2, 49, 0, 0, 0, '176.195.128.185', 1439294226, 'LOG_IMAGE_GENERATION_ERROR', 'a:3:{i:0;s:39:"[ROOT]/phpbb/search/fulltext_native.php";i:1;i:107;i:2;s:144:"Missing argument 8 for phpbb/search/fulltext_native::__construct(), called in [ROOT]/phpbb/cron/task/core/tidy_search.php on line 61 and defined";}'),
(387, 2, 1, 0, 0, 0, '46.138.86.68', 1439303640, 'LOG_IMAGE_GENERATION_ERROR', 'a:3:{i:0;s:39:"[ROOT]/phpbb/search/fulltext_native.php";i:1;i:107;i:2;s:144:"Missing argument 8 for phpbb/search/fulltext_native::__construct(), called in [ROOT]/phpbb/cron/task/core/tidy_search.php on line 61 and defined";}'),
(388, 2, 114, 0, 0, 0, '37.193.199.28', 1439313554, 'LOG_IMAGE_GENERATION_ERROR', 'a:3:{i:0;s:39:"[ROOT]/phpbb/search/fulltext_native.php";i:1;i:107;i:2;s:144:"Missing argument 8 for phpbb/search/fulltext_native::__construct(), called in [ROOT]/phpbb/cron/task/core/tidy_search.php on line 61 and defined";}'),
(389, 2, 114, 0, 0, 0, '37.193.199.28', 1439348566, 'LOG_IMAGE_GENERATION_ERROR', 'a:3:{i:0;s:39:"[ROOT]/phpbb/search/fulltext_native.php";i:1;i:107;i:2;s:144:"Missing argument 8 for phpbb/search/fulltext_native::__construct(), called in [ROOT]/phpbb/cron/task/core/tidy_search.php on line 61 and defined";}'),
(390, 2, 114, 0, 0, 0, '37.193.199.28', 1439362410, 'LOG_IMAGE_GENERATION_ERROR', 'a:3:{i:0;s:39:"[ROOT]/phpbb/search/fulltext_native.php";i:1;i:107;i:2;s:144:"Missing argument 8 for phpbb/search/fulltext_native::__construct(), called in [ROOT]/phpbb/cron/task/core/tidy_search.php on line 61 and defined";}'),
(391, 2, 2, 0, 0, 0, '66.249.81.148', 1439372673, 'LOG_IMAGE_GENERATION_ERROR', 'a:3:{i:0;s:39:"[ROOT]/phpbb/search/fulltext_native.php";i:1;i:107;i:2;s:144:"Missing argument 8 for phpbb/search/fulltext_native::__construct(), called in [ROOT]/phpbb/cron/task/core/tidy_search.php on line 61 and defined";}'),
(392, 2, 114, 0, 0, 0, '37.193.199.28', 1439383662, 'LOG_IMAGE_GENERATION_ERROR', 'a:3:{i:0;s:39:"[ROOT]/phpbb/search/fulltext_native.php";i:1;i:107;i:2;s:144:"Missing argument 8 for phpbb/search/fulltext_native::__construct(), called in [ROOT]/phpbb/cron/task/core/tidy_search.php on line 61 and defined";}'),
(393, 2, 116, 0, 0, 0, '213.24.127.159', 1439392761, 'LOG_IMAGE_GENERATION_ERROR', 'a:3:{i:0;s:39:"[ROOT]/phpbb/search/fulltext_native.php";i:1;i:107;i:2;s:144:"Missing argument 8 for phpbb/search/fulltext_native::__construct(), called in [ROOT]/phpbb/cron/task/core/tidy_search.php on line 61 and defined";}'),
(394, 2, 1, 0, 0, 0, '46.138.86.68', 1439400385, 'LOG_IMAGE_GENERATION_ERROR', 'a:3:{i:0;s:39:"[ROOT]/phpbb/search/fulltext_native.php";i:1;i:107;i:2;s:144:"Missing argument 8 for phpbb/search/fulltext_native::__construct(), called in [ROOT]/phpbb/cron/task/core/tidy_search.php on line 61 and defined";}'),
(395, 2, 1, 0, 0, 0, '66.249.81.156', 1439413671, 'LOG_IMAGE_GENERATION_ERROR', 'a:3:{i:0;s:39:"[ROOT]/phpbb/search/fulltext_native.php";i:1;i:107;i:2;s:144:"Missing argument 8 for phpbb/search/fulltext_native::__construct(), called in [ROOT]/phpbb/cron/task/core/tidy_search.php on line 61 and defined";}'),
(396, 2, 116, 0, 0, 0, '213.24.127.159', 1439436565, 'LOG_IMAGE_GENERATION_ERROR', 'a:3:{i:0;s:39:"[ROOT]/phpbb/search/fulltext_native.php";i:1;i:107;i:2;s:144:"Missing argument 8 for phpbb/search/fulltext_native::__construct(), called in [ROOT]/phpbb/cron/task/core/tidy_search.php on line 61 and defined";}'),
(397, 2, 2, 0, 0, 0, '46.138.86.68', 1439565992, 'LOG_IMAGE_GENERATION_ERROR', 'a:3:{i:0;s:39:"[ROOT]/phpbb/search/fulltext_native.php";i:1;i:107;i:2;s:144:"Missing argument 8 for phpbb/search/fulltext_native::__construct(), called in [ROOT]/phpbb/cron/task/core/tidy_search.php on line 61 and defined";}'),
(398, 2, 2, 0, 0, 0, '66.249.81.156', 1439657191, 'LOG_IMAGE_GENERATION_ERROR', 'a:3:{i:0;s:39:"[ROOT]/phpbb/search/fulltext_native.php";i:1;i:107;i:2;s:144:"Missing argument 8 for phpbb/search/fulltext_native::__construct(), called in [ROOT]/phpbb/cron/task/core/tidy_search.php on line 61 and defined";}'),
(399, 2, 2, 0, 0, 0, '46.138.86.68', 1439667932, 'LOG_IMAGE_GENERATION_ERROR', 'a:3:{i:0;s:39:"[ROOT]/phpbb/search/fulltext_native.php";i:1;i:107;i:2;s:144:"Missing argument 8 for phpbb/search/fulltext_native::__construct(), called in [ROOT]/phpbb/cron/task/core/tidy_search.php on line 61 and defined";}'),
(400, 2, 1, 0, 0, 0, '46.138.86.68', 1439687241, 'LOG_IMAGE_GENERATION_ERROR', 'a:3:{i:0;s:39:"[ROOT]/phpbb/search/fulltext_native.php";i:1;i:107;i:2;s:144:"Missing argument 8 for phpbb/search/fulltext_native::__construct(), called in [ROOT]/phpbb/cron/task/core/tidy_search.php on line 61 and defined";}'),
(401, 2, 50, 0, 0, 0, '77.35.138.75', 1439714456, 'LOG_IMAGE_GENERATION_ERROR', 'a:3:{i:0;s:39:"[ROOT]/phpbb/search/fulltext_native.php";i:1;i:107;i:2;s:144:"Missing argument 8 for phpbb/search/fulltext_native::__construct(), called in [ROOT]/phpbb/cron/task/core/tidy_search.php on line 61 and defined";}'),
(402, 2, 50, 0, 0, 0, '82.162.1.36', 1439724152, 'LOG_IMAGE_GENERATION_ERROR', 'a:3:{i:0;s:39:"[ROOT]/phpbb/search/fulltext_native.php";i:1;i:107;i:2;s:144:"Missing argument 8 for phpbb/search/fulltext_native::__construct(), called in [ROOT]/phpbb/cron/task/core/tidy_search.php on line 61 and defined";}'),
(403, 2, 50, 0, 0, 0, '82.162.1.213', 1439742160, 'LOG_IMAGE_GENERATION_ERROR', 'a:3:{i:0;s:39:"[ROOT]/phpbb/search/fulltext_native.php";i:1;i:107;i:2;s:144:"Missing argument 8 for phpbb/search/fulltext_native::__construct(), called in [ROOT]/phpbb/cron/task/core/tidy_search.php on line 61 and defined";}'),
(404, 2, 116, 0, 0, 0, '213.24.135.133', 1439757445, 'LOG_IMAGE_GENERATION_ERROR', 'a:3:{i:0;s:39:"[ROOT]/phpbb/search/fulltext_native.php";i:1;i:107;i:2;s:144:"Missing argument 8 for phpbb/search/fulltext_native::__construct(), called in [ROOT]/phpbb/cron/task/core/tidy_search.php on line 61 and defined";}'),
(405, 2, 50, 0, 0, 0, '77.35.171.54', 1439791883, 'LOG_IMAGE_GENERATION_ERROR', 'a:3:{i:0;s:39:"[ROOT]/phpbb/search/fulltext_native.php";i:1;i:107;i:2;s:144:"Missing argument 8 for phpbb/search/fulltext_native::__construct(), called in [ROOT]/phpbb/cron/task/core/tidy_search.php on line 61 and defined";}'),
(406, 2, 1, 0, 0, 0, '82.145.221.77', 1439813428, 'LOG_IMAGE_GENERATION_ERROR', 'a:3:{i:0;s:39:"[ROOT]/phpbb/search/fulltext_native.php";i:1;i:107;i:2;s:144:"Missing argument 8 for phpbb/search/fulltext_native::__construct(), called in [ROOT]/phpbb/cron/task/core/tidy_search.php on line 61 and defined";}'),
(407, 2, 116, 0, 0, 0, '213.24.135.133', 1439824571, 'LOG_IMAGE_GENERATION_ERROR', 'a:3:{i:0;s:39:"[ROOT]/phpbb/search/fulltext_native.php";i:1;i:107;i:2;s:144:"Missing argument 8 for phpbb/search/fulltext_native::__construct(), called in [ROOT]/phpbb/cron/task/core/tidy_search.php on line 61 and defined";}'),
(408, 2, 116, 0, 0, 0, '213.24.135.133', 1439870729, 'LOG_IMAGE_GENERATION_ERROR', 'a:3:{i:0;s:39:"[ROOT]/phpbb/search/fulltext_native.php";i:1;i:107;i:2;s:144:"Missing argument 8 for phpbb/search/fulltext_native::__construct(), called in [ROOT]/phpbb/cron/task/core/tidy_search.php on line 61 and defined";}'),
(409, 2, 1, 0, 0, 0, '66.249.81.152', 1439893863, 'LOG_IMAGE_GENERATION_ERROR', 'a:3:{i:0;s:39:"[ROOT]/phpbb/search/fulltext_native.php";i:1;i:107;i:2;s:144:"Missing argument 8 for phpbb/search/fulltext_native::__construct(), called in [ROOT]/phpbb/cron/task/core/tidy_search.php on line 61 and defined";}'),
(410, 2, 114, 0, 0, 0, '37.193.199.28', 1439918705, 'LOG_IMAGE_GENERATION_ERROR', 'a:3:{i:0;s:39:"[ROOT]/phpbb/search/fulltext_native.php";i:1;i:107;i:2;s:144:"Missing argument 8 for phpbb/search/fulltext_native::__construct(), called in [ROOT]/phpbb/cron/task/core/tidy_search.php on line 61 and defined";}'),
(411, 2, 1, 0, 0, 0, '46.138.86.68', 1439928542, 'LOG_IMAGE_GENERATION_ERROR', 'a:3:{i:0;s:39:"[ROOT]/phpbb/search/fulltext_native.php";i:1;i:107;i:2;s:144:"Missing argument 8 for phpbb/search/fulltext_native::__construct(), called in [ROOT]/phpbb/cron/task/core/tidy_search.php on line 61 and defined";}'),
(412, 3, 1, 0, 0, 117, '46.138.86.68', 1439928702, 'LOG_USER_ACTIVE_USER', ''),
(413, 2, 1, 0, 0, 0, '185.64.47.124', 1439939406, 'LOG_IMAGE_GENERATION_ERROR', 'a:3:{i:0;s:39:"[ROOT]/phpbb/search/fulltext_native.php";i:1;i:107;i:2;s:144:"Missing argument 8 for phpbb/search/fulltext_native::__construct(), called in [ROOT]/phpbb/cron/task/core/tidy_search.php on line 61 and defined";}'),
(414, 2, 1, 0, 0, 0, '66.249.81.156', 1439964667, 'LOG_IMAGE_GENERATION_ERROR', 'a:3:{i:0;s:39:"[ROOT]/phpbb/search/fulltext_native.php";i:1;i:107;i:2;s:144:"Missing argument 8 for phpbb/search/fulltext_native::__construct(), called in [ROOT]/phpbb/cron/task/core/tidy_search.php on line 61 and defined";}'),
(415, 2, 116, 0, 0, 0, '213.24.135.133', 1439999056, 'LOG_IMAGE_GENERATION_ERROR', 'a:3:{i:0;s:39:"[ROOT]/phpbb/search/fulltext_native.php";i:1;i:107;i:2;s:144:"Missing argument 8 for phpbb/search/fulltext_native::__construct(), called in [ROOT]/phpbb/cron/task/core/tidy_search.php on line 61 and defined";}'),
(416, 2, 116, 0, 0, 0, '213.24.135.133', 1440041233, 'LOG_IMAGE_GENERATION_ERROR', 'a:3:{i:0;s:39:"[ROOT]/phpbb/search/fulltext_native.php";i:1;i:107;i:2;s:144:"Missing argument 8 for phpbb/search/fulltext_native::__construct(), called in [ROOT]/phpbb/cron/task/core/tidy_search.php on line 61 and defined";}'),
(417, 2, 2, 0, 0, 0, '66.249.81.156', 1440054656, 'LOG_IMAGE_GENERATION_ERROR', 'a:3:{i:0;s:39:"[ROOT]/phpbb/search/fulltext_native.php";i:1;i:107;i:2;s:144:"Missing argument 8 for phpbb/search/fulltext_native::__construct(), called in [ROOT]/phpbb/cron/task/core/tidy_search.php on line 61 and defined";}'),
(418, 2, 116, 0, 0, 0, '213.24.135.133', 1440086050, 'LOG_IMAGE_GENERATION_ERROR', 'a:3:{i:0;s:39:"[ROOT]/phpbb/search/fulltext_native.php";i:1;i:107;i:2;s:144:"Missing argument 8 for phpbb/search/fulltext_native::__construct(), called in [ROOT]/phpbb/cron/task/core/tidy_search.php on line 61 and defined";}'),
(419, 2, 48, 0, 0, 0, '91.76.128.176', 1440098738, 'LOG_IMAGE_GENERATION_ERROR', 'a:3:{i:0;s:39:"[ROOT]/phpbb/search/fulltext_native.php";i:1;i:107;i:2;s:144:"Missing argument 8 for phpbb/search/fulltext_native::__construct(), called in [ROOT]/phpbb/cron/task/core/tidy_search.php on line 61 and defined";}'),
(420, 2, 48, 0, 0, 0, '91.76.128.176', 1440106772, 'LOG_IMAGE_GENERATION_ERROR', 'a:3:{i:0;s:39:"[ROOT]/phpbb/search/fulltext_native.php";i:1;i:107;i:2;s:144:"Missing argument 8 for phpbb/search/fulltext_native::__construct(), called in [ROOT]/phpbb/cron/task/core/tidy_search.php on line 61 and defined";}'),
(421, 2, 1, 0, 0, 0, '213.24.135.133', 1440126308, 'LOG_IMAGE_GENERATION_ERROR', 'a:3:{i:0;s:39:"[ROOT]/phpbb/search/fulltext_native.php";i:1;i:107;i:2;s:144:"Missing argument 8 for phpbb/search/fulltext_native::__construct(), called in [ROOT]/phpbb/cron/task/core/tidy_search.php on line 61 and defined";}'),
(422, 2, 2, 0, 0, 0, '46.138.86.68', 1440150684, 'LOG_IMAGE_GENERATION_ERROR', 'a:3:{i:0;s:39:"[ROOT]/phpbb/search/fulltext_native.php";i:1;i:107;i:2;s:144:"Missing argument 8 for phpbb/search/fulltext_native::__construct(), called in [ROOT]/phpbb/cron/task/core/tidy_search.php on line 61 and defined";}'),
(423, 2, 116, 0, 0, 0, '213.24.135.133', 1440179899, 'LOG_IMAGE_GENERATION_ERROR', 'a:3:{i:0;s:39:"[ROOT]/phpbb/search/fulltext_native.php";i:1;i:107;i:2;s:144:"Missing argument 8 for phpbb/search/fulltext_native::__construct(), called in [ROOT]/phpbb/cron/task/core/tidy_search.php on line 61 and defined";}'),
(424, 2, 2, 0, 0, 0, '46.138.86.68', 1440188516, 'LOG_IMAGE_GENERATION_ERROR', 'a:3:{i:0;s:39:"[ROOT]/phpbb/search/fulltext_native.php";i:1;i:107;i:2;s:144:"Missing argument 8 for phpbb/search/fulltext_native::__construct(), called in [ROOT]/phpbb/cron/task/core/tidy_search.php on line 61 and defined";}'),
(425, 2, 116, 0, 0, 0, '213.24.135.133', 1440214258, 'LOG_IMAGE_GENERATION_ERROR', 'a:3:{i:0;s:39:"[ROOT]/phpbb/search/fulltext_native.php";i:1;i:107;i:2;s:144:"Missing argument 8 for phpbb/search/fulltext_native::__construct(), called in [ROOT]/phpbb/cron/task/core/tidy_search.php on line 61 and defined";}'),
(426, 2, 1, 0, 0, 0, '66.249.81.156', 1440240975, 'LOG_IMAGE_GENERATION_ERROR', 'a:3:{i:0;s:39:"[ROOT]/phpbb/search/fulltext_native.php";i:1;i:107;i:2;s:144:"Missing argument 8 for phpbb/search/fulltext_native::__construct(), called in [ROOT]/phpbb/cron/task/core/tidy_search.php on line 61 and defined";}'),
(427, 2, 1, 0, 0, 0, '188.168.245.44', 1440252807, 'LOG_IMAGE_GENERATION_ERROR', 'a:3:{i:0;s:39:"[ROOT]/phpbb/search/fulltext_native.php";i:1;i:107;i:2;s:144:"Missing argument 8 for phpbb/search/fulltext_native::__construct(), called in [ROOT]/phpbb/cron/task/core/tidy_search.php on line 61 and defined";}'),
(428, 2, 116, 0, 0, 0, '213.24.135.133', 1440312689, 'LOG_IMAGE_GENERATION_ERROR', 'a:3:{i:0;s:39:"[ROOT]/phpbb/search/fulltext_native.php";i:1;i:107;i:2;s:144:"Missing argument 8 for phpbb/search/fulltext_native::__construct(), called in [ROOT]/phpbb/cron/task/core/tidy_search.php on line 61 and defined";}'),
(429, 2, 1, 0, 0, 0, '185.64.47.124', 1440328506, 'LOG_IMAGE_GENERATION_ERROR', 'a:3:{i:0;s:39:"[ROOT]/phpbb/search/fulltext_native.php";i:1;i:107;i:2;s:144:"Missing argument 8 for phpbb/search/fulltext_native::__construct(), called in [ROOT]/phpbb/cron/task/core/tidy_search.php on line 61 and defined";}'),
(430, 2, 2, 0, 0, 0, '46.138.86.68', 1440343549, 'LOG_IMAGE_GENERATION_ERROR', 'a:3:{i:0;s:39:"[ROOT]/phpbb/search/fulltext_native.php";i:1;i:107;i:2;s:144:"Missing argument 8 for phpbb/search/fulltext_native::__construct(), called in [ROOT]/phpbb/cron/task/core/tidy_search.php on line 61 and defined";}'),
(431, 2, 116, 0, 0, 0, '213.24.135.133', 1440358806, 'LOG_IMAGE_GENERATION_ERROR', 'a:3:{i:0;s:39:"[ROOT]/phpbb/search/fulltext_native.php";i:1;i:107;i:2;s:144:"Missing argument 8 for phpbb/search/fulltext_native::__construct(), called in [ROOT]/phpbb/cron/task/core/tidy_search.php on line 61 and defined";}'),
(432, 2, 116, 0, 0, 0, '213.24.135.133', 1440387884, 'LOG_IMAGE_GENERATION_ERROR', 'a:3:{i:0;s:39:"[ROOT]/phpbb/search/fulltext_native.php";i:1;i:107;i:2;s:144:"Missing argument 8 for phpbb/search/fulltext_native::__construct(), called in [ROOT]/phpbb/cron/task/core/tidy_search.php on line 61 and defined";}'),
(433, 2, 1, 0, 0, 0, '31.173.240.90', 1440410680, 'LOG_IMAGE_GENERATION_ERROR', 'a:3:{i:0;s:39:"[ROOT]/phpbb/search/fulltext_native.php";i:1;i:107;i:2;s:144:"Missing argument 8 for phpbb/search/fulltext_native::__construct(), called in [ROOT]/phpbb/cron/task/core/tidy_search.php on line 61 and defined";}'),
(434, 2, 114, 0, 0, 0, '37.193.199.28', 1440422557, 'LOG_IMAGE_GENERATION_ERROR', 'a:3:{i:0;s:39:"[ROOT]/phpbb/search/fulltext_native.php";i:1;i:107;i:2;s:144:"Missing argument 8 for phpbb/search/fulltext_native::__construct(), called in [ROOT]/phpbb/cron/task/core/tidy_search.php on line 61 and defined";}'),
(435, 2, 116, 0, 0, 0, '213.24.135.133', 1440438527, 'LOG_IMAGE_GENERATION_ERROR', 'a:3:{i:0;s:39:"[ROOT]/phpbb/search/fulltext_native.php";i:1;i:107;i:2;s:144:"Missing argument 8 for phpbb/search/fulltext_native::__construct(), called in [ROOT]/phpbb/cron/task/core/tidy_search.php on line 61 and defined";}'),
(436, 2, 48, 0, 0, 0, '91.76.128.176', 1440531725, 'LOG_IMAGE_GENERATION_ERROR', 'a:3:{i:0;s:39:"[ROOT]/phpbb/search/fulltext_native.php";i:1;i:107;i:2;s:144:"Missing argument 8 for phpbb/search/fulltext_native::__construct(), called in [ROOT]/phpbb/cron/task/core/tidy_search.php on line 61 and defined";}'),
(437, 2, 2, 0, 0, 0, '66.249.81.156', 1440560180, 'LOG_IMAGE_GENERATION_ERROR', 'a:3:{i:0;s:39:"[ROOT]/phpbb/search/fulltext_native.php";i:1;i:107;i:2;s:144:"Missing argument 8 for phpbb/search/fulltext_native::__construct(), called in [ROOT]/phpbb/cron/task/core/tidy_search.php on line 61 and defined";}'),
(438, 2, 114, 0, 0, 0, '37.193.199.28', 1440584978, 'LOG_IMAGE_GENERATION_ERROR', 'a:3:{i:0;s:39:"[ROOT]/phpbb/search/fulltext_native.php";i:1;i:107;i:2;s:144:"Missing argument 8 for phpbb/search/fulltext_native::__construct(), called in [ROOT]/phpbb/cron/task/core/tidy_search.php on line 61 and defined";}'),
(439, 2, 114, 0, 0, 0, '37.193.199.28', 1440593515, 'LOG_IMAGE_GENERATION_ERROR', 'a:3:{i:0;s:39:"[ROOT]/phpbb/search/fulltext_native.php";i:1;i:107;i:2;s:144:"Missing argument 8 for phpbb/search/fulltext_native::__construct(), called in [ROOT]/phpbb/cron/task/core/tidy_search.php on line 61 and defined";}'),
(440, 2, 50, 0, 0, 0, '5.143.82.27', 1440604091, 'LOG_IMAGE_GENERATION_ERROR', 'a:3:{i:0;s:39:"[ROOT]/phpbb/search/fulltext_native.php";i:1;i:107;i:2;s:144:"Missing argument 8 for phpbb/search/fulltext_native::__construct(), called in [ROOT]/phpbb/cron/task/core/tidy_search.php on line 61 and defined";}'),
(441, 2, 116, 0, 0, 0, '213.24.126.63', 1440694904, 'LOG_IMAGE_GENERATION_ERROR', 'a:3:{i:0;s:39:"[ROOT]/phpbb/search/fulltext_native.php";i:1;i:107;i:2;s:144:"Missing argument 8 for phpbb/search/fulltext_native::__construct(), called in [ROOT]/phpbb/cron/task/core/tidy_search.php on line 61 and defined";}'),
(442, 2, 1, 0, 0, 0, '178.121.81.213', 1440705814, 'LOG_IMAGE_GENERATION_ERROR', 'a:3:{i:0;s:39:"[ROOT]/phpbb/search/fulltext_native.php";i:1;i:107;i:2;s:144:"Missing argument 8 for phpbb/search/fulltext_native::__construct(), called in [ROOT]/phpbb/cron/task/core/tidy_search.php on line 61 and defined";}'),
(443, 2, 2, 0, 0, 0, '94.29.124.206', 1440748221, 'LOG_IMAGE_GENERATION_ERROR', 'a:3:{i:0;s:39:"[ROOT]/phpbb/search/fulltext_native.php";i:1;i:107;i:2;s:144:"Missing argument 8 for phpbb/search/fulltext_native::__construct(), called in [ROOT]/phpbb/cron/task/core/tidy_search.php on line 61 and defined";}'),
(444, 2, 116, 0, 0, 0, '213.24.127.211', 1440781007, 'LOG_IMAGE_GENERATION_ERROR', 'a:3:{i:0;s:39:"[ROOT]/phpbb/search/fulltext_native.php";i:1;i:107;i:2;s:144:"Missing argument 8 for phpbb/search/fulltext_native::__construct(), called in [ROOT]/phpbb/cron/task/core/tidy_search.php on line 61 and defined";}'),
(445, 2, 117, 0, 0, 0, '46.138.86.68', 1440850333, 'LOG_IMAGE_GENERATION_ERROR', 'a:3:{i:0;s:39:"[ROOT]/phpbb/search/fulltext_native.php";i:1;i:107;i:2;s:144:"Missing argument 8 for phpbb/search/fulltext_native::__construct(), called in [ROOT]/phpbb/cron/task/core/tidy_search.php on line 61 and defined";}'),
(446, 0, 2, 0, 0, 0, '46.138.86.68', 1440863415, 'LOG_ADMIN_AUTH_SUCCESS', ''),
(447, 0, 2, 0, 0, 0, '46.138.86.68', 1440863450, 'LOG_DB_BACKUP', ''),
(448, 0, 2, 0, 0, 0, '127.0.0.1', 1440863536, 'LOG_DB_RESTORE', ''),
(449, 2, 1, 0, 0, 0, '127.0.0.1', 1440863734, 'LOG_IMAGE_GENERATION_ERROR', 'a:3:{i:0;s:39:"[ROOT]/phpbb/search/fulltext_native.php";i:1;i:107;i:2;s:144:"Missing argument 8 for phpbb/search/fulltext_native::__construct(), called in [ROOT]/phpbb/cron/task/core/tidy_search.php on line 61 and defined";}'),
(450, 0, 2, 0, 0, 0, '127.0.0.1', 1440863793, 'LOG_ADMIN_AUTH_SUCCESS', ''),
(451, 0, 2, 0, 0, 0, '127.0.0.1', 1440863824, 'LOG_CONFIG_SETTINGS', ''),
(452, 2, 2, 0, 0, 0, '127.0.0.1', 1440968929, 'LOG_IMAGE_GENERATION_ERROR', 'a:3:{i:0;s:39:"[ROOT]/phpbb/search/fulltext_native.php";i:1;i:107;i:2;s:144:"Missing argument 8 for phpbb/search/fulltext_native::__construct(), called in [ROOT]/phpbb/cron/task/core/tidy_search.php on line 61 and defined";}'),
(453, 0, 2, 0, 0, 0, '127.0.0.1', 1445184137, 'LOG_ADMIN_AUTH_SUCCESS', ''),
(454, 0, 2, 0, 0, 0, '127.0.0.1', 1445184327, 'LOG_CONFIG_REGISTRATION', ''),
(455, 2, 1, 0, 0, 0, '127.0.0.1', 1445192439, 'LOG_IMAGE_GENERATION_ERROR', 'a:3:{i:0;s:39:"[ROOT]/phpbb/search/fulltext_native.php";i:1;i:107;i:2;s:144:"Missing argument 8 for phpbb/search/fulltext_native::__construct(), called in [ROOT]/phpbb/cron/task/core/tidy_search.php on line 61 and defined";}'),
(456, 0, 2, 0, 0, 0, '127.0.0.1', 1445192682, 'LOG_ADMIN_AUTH_SUCCESS', ''),
(457, 2, 1, 0, 0, 0, '127.0.0.1', 1445225948, 'LOG_IMAGE_GENERATION_ERROR', 'a:3:{i:0;s:39:"[ROOT]/phpbb/search/fulltext_native.php";i:1;i:107;i:2;s:144:"Missing argument 8 for phpbb/search/fulltext_native::__construct(), called in [ROOT]/phpbb/cron/task/core/tidy_search.php on line 61 and defined";}'),
(458, 2, 1, 0, 0, 0, '127.0.0.1', 1445586994, 'LOG_IMAGE_GENERATION_ERROR', 'a:3:{i:0;s:39:"[ROOT]/phpbb/search/fulltext_native.php";i:1;i:107;i:2;s:144:"Missing argument 8 for phpbb/search/fulltext_native::__construct(), called in [ROOT]/phpbb/cron/task/core/tidy_search.php on line 61 and defined";}'),
(459, 0, 2, 0, 0, 0, '127.0.0.1', 1445587017, 'LOG_ADMIN_AUTH_SUCCESS', ''),
(460, 0, 2, 0, 0, 0, '127.0.0.1', 1445587078, 'LOG_CONFIG_AUTH', ''),
(461, 3, 2, 0, 0, 2, '127.0.0.1', 1445587484, 'LOG_USER_NEW_PASSWORD', 'a:1:{i:0;s:5:"Syrax";}'),
(462, 2, 1, 0, 0, 0, '127.0.0.1', 1445594770, 'LOG_IMAGE_GENERATION_ERROR', 'a:3:{i:0;s:39:"[ROOT]/phpbb/search/fulltext_native.php";i:1;i:107;i:2;s:144:"Missing argument 8 for phpbb/search/fulltext_native::__construct(), called in [ROOT]/phpbb/cron/task/core/tidy_search.php on line 61 and defined";}'),
(463, 2, 1, 0, 0, 0, '127.0.0.1', 1445605074, 'LOG_IMAGE_GENERATION_ERROR', 'a:3:{i:0;s:39:"[ROOT]/phpbb/search/fulltext_native.php";i:1;i:107;i:2;s:144:"Missing argument 8 for phpbb/search/fulltext_native::__construct(), called in [ROOT]/phpbb/cron/task/core/tidy_search.php on line 61 and defined";}'),
(464, 2, 1, 0, 0, 0, '127.0.0.1', 1445613655, 'LOG_IMAGE_GENERATION_ERROR', 'a:3:{i:0;s:39:"[ROOT]/phpbb/search/fulltext_native.php";i:1;i:107;i:2;s:144:"Missing argument 8 for phpbb/search/fulltext_native::__construct(), called in [ROOT]/phpbb/cron/task/core/tidy_search.php on line 61 and defined";}'),
(465, 2, 1, 0, 0, 0, '127.0.0.1', 1445620945, 'LOG_IMAGE_GENERATION_ERROR', 'a:3:{i:0;s:39:"[ROOT]/phpbb/search/fulltext_native.php";i:1;i:107;i:2;s:144:"Missing argument 8 for phpbb/search/fulltext_native::__construct(), called in [ROOT]/phpbb/cron/task/core/tidy_search.php on line 61 and defined";}'),
(466, 2, 1, 0, 0, 0, '127.0.0.1', 1445628579, 'LOG_IMAGE_GENERATION_ERROR', 'a:3:{i:0;s:39:"[ROOT]/phpbb/search/fulltext_native.php";i:1;i:107;i:2;s:144:"Missing argument 8 for phpbb/search/fulltext_native::__construct(), called in [ROOT]/phpbb/cron/task/core/tidy_search.php on line 61 and defined";}');

-- --------------------------------------------------------

--
-- Структура таблицы `phpbb_login_attempts`
--

CREATE TABLE IF NOT EXISTS `phpbb_login_attempts` (
  `attempt_ip` varchar(40) COLLATE utf8_bin NOT NULL DEFAULT '',
  `attempt_browser` varchar(150) COLLATE utf8_bin NOT NULL DEFAULT '',
  `attempt_forwarded_for` varchar(255) COLLATE utf8_bin NOT NULL DEFAULT '',
  `attempt_time` int(11) unsigned NOT NULL DEFAULT '0',
  `user_id` mediumint(8) unsigned NOT NULL DEFAULT '0',
  `username` varchar(255) COLLATE utf8_bin NOT NULL DEFAULT '0',
  `username_clean` varchar(255) COLLATE utf8_bin NOT NULL DEFAULT '0',
  KEY `att_ip` (`attempt_ip`,`attempt_time`),
  KEY `att_for` (`attempt_forwarded_for`,`attempt_time`),
  KEY `att_time` (`attempt_time`),
  KEY `user_id` (`user_id`)
) ENGINE=MyISAM DEFAULT CHARSET=utf8 COLLATE=utf8_bin;

-- --------------------------------------------------------

--
-- Структура таблицы `phpbb_migrations`
--

CREATE TABLE IF NOT EXISTS `phpbb_migrations` (
  `migration_name` varchar(255) COLLATE utf8_bin NOT NULL DEFAULT '',
  `migration_depends_on` text COLLATE utf8_bin NOT NULL,
  `migration_schema_done` tinyint(1) unsigned NOT NULL DEFAULT '0',
  `migration_data_done` tinyint(1) unsigned NOT NULL DEFAULT '0',
  `migration_data_state` text COLLATE utf8_bin NOT NULL,
  `migration_start_time` int(11) unsigned NOT NULL DEFAULT '0',
  `migration_end_time` int(11) unsigned NOT NULL DEFAULT '0',
  PRIMARY KEY (`migration_name`)
) ENGINE=MyISAM DEFAULT CHARSET=utf8 COLLATE=utf8_bin;

--
-- Дамп данных таблицы `phpbb_migrations`
--

INSERT INTO `phpbb_migrations` (`migration_name`, `migration_depends_on`, `migration_schema_done`, `migration_data_done`, `migration_data_state`, `migration_start_time`, `migration_end_time`) VALUES
('\\phpbb\\db\\migration\\data\\v30x\\local_url_bbcode', 'a:1:{i:0;s:48:"\\phpbb\\db\\migration\\data\\v30x\\release_3_0_12_rc1";}', 1, 1, '', 1435523276, 1435523276),
('\\phpbb\\db\\migration\\data\\v30x\\release_3_0_0', 'a:0:{}', 1, 1, '', 1435523276, 1435523276),
('\\phpbb\\db\\migration\\data\\v30x\\release_3_0_1', 'a:1:{i:0;s:47:"\\phpbb\\db\\migration\\data\\v30x\\release_3_0_1_rc1";}', 1, 1, '', 1435523276, 1435523276),
('\\phpbb\\db\\migration\\data\\v30x\\release_3_0_10', 'a:1:{i:0;s:48:"\\phpbb\\db\\migration\\data\\v30x\\release_3_0_10_rc3";}', 1, 1, '', 1435523276, 1435523276),
('\\phpbb\\db\\migration\\data\\v30x\\release_3_0_10_rc1', 'a:1:{i:0;s:43:"\\phpbb\\db\\migration\\data\\v30x\\release_3_0_9";}', 1, 1, '', 1435523276, 1435523276),
('\\phpbb\\db\\migration\\data\\v30x\\release_3_0_10_rc2', 'a:1:{i:0;s:48:"\\phpbb\\db\\migration\\data\\v30x\\release_3_0_10_rc1";}', 1, 1, '', 1435523276, 1435523276),
('\\phpbb\\db\\migration\\data\\v30x\\release_3_0_10_rc3', 'a:1:{i:0;s:48:"\\phpbb\\db\\migration\\data\\v30x\\release_3_0_10_rc2";}', 1, 1, '', 1435523276, 1435523276),
('\\phpbb\\db\\migration\\data\\v30x\\release_3_0_11', 'a:1:{i:0;s:48:"\\phpbb\\db\\migration\\data\\v30x\\release_3_0_11_rc2";}', 1, 1, '', 1435523276, 1435523276),
('\\phpbb\\db\\migration\\data\\v30x\\release_3_0_11_rc1', 'a:1:{i:0;s:44:"\\phpbb\\db\\migration\\data\\v30x\\release_3_0_10";}', 1, 1, '', 1435523276, 1435523276),
('\\phpbb\\db\\migration\\data\\v30x\\release_3_0_11_rc2', 'a:1:{i:0;s:48:"\\phpbb\\db\\migration\\data\\v30x\\release_3_0_11_rc1";}', 1, 1, '', 1435523276, 1435523276),
('\\phpbb\\db\\migration\\data\\v30x\\release_3_0_12', 'a:1:{i:0;s:48:"\\phpbb\\db\\migration\\data\\v30x\\release_3_0_12_rc3";}', 1, 1, '', 1435523276, 1435523276),
('\\phpbb\\db\\migration\\data\\v30x\\release_3_0_12_rc1', 'a:1:{i:0;s:44:"\\phpbb\\db\\migration\\data\\v30x\\release_3_0_11";}', 1, 1, '', 1435523276, 1435523276),
('\\phpbb\\db\\migration\\data\\v30x\\release_3_0_12_rc2', 'a:1:{i:0;s:48:"\\phpbb\\db\\migration\\data\\v30x\\release_3_0_12_rc1";}', 1, 1, '', 1435523276, 1435523276),
('\\phpbb\\db\\migration\\data\\v30x\\release_3_0_12_rc3', 'a:1:{i:0;s:48:"\\phpbb\\db\\migration\\data\\v30x\\release_3_0_12_rc2";}', 1, 1, '', 1435523276, 1435523276),
('\\phpbb\\db\\migration\\data\\v30x\\release_3_0_13', 'a:1:{i:0;s:48:"\\phpbb\\db\\migration\\data\\v30x\\release_3_0_13_rc1";}', 1, 1, '', 1435523276, 1435523276),
('\\phpbb\\db\\migration\\data\\v30x\\release_3_0_13_pl1', 'a:1:{i:0;s:44:"\\phpbb\\db\\migration\\data\\v30x\\release_3_0_13";}', 1, 1, '', 1435523276, 1435523276),
('\\phpbb\\db\\migration\\data\\v30x\\release_3_0_13_rc1', 'a:1:{i:0;s:44:"\\phpbb\\db\\migration\\data\\v30x\\release_3_0_12";}', 1, 1, '', 1435523276, 1435523276),
('\\phpbb\\db\\migration\\data\\v30x\\release_3_0_14', 'a:1:{i:0;s:48:"\\phpbb\\db\\migration\\data\\v30x\\release_3_0_14_rc1";}', 1, 1, '', 1435523276, 1435523276),
('\\phpbb\\db\\migration\\data\\v30x\\release_3_0_14_rc1', 'a:1:{i:0;s:44:"\\phpbb\\db\\migration\\data\\v30x\\release_3_0_13";}', 1, 1, '', 1435523276, 1435523276),
('\\phpbb\\db\\migration\\data\\v30x\\release_3_0_1_rc1', 'a:1:{i:0;s:43:"\\phpbb\\db\\migration\\data\\v30x\\release_3_0_0";}', 1, 1, '', 1435523276, 1435523276),
('\\phpbb\\db\\migration\\data\\v30x\\release_3_0_2', 'a:1:{i:0;s:47:"\\phpbb\\db\\migration\\data\\v30x\\release_3_0_2_rc2";}', 1, 1, '', 1435523276, 1435523276),
('\\phpbb\\db\\migration\\data\\v30x\\release_3_0_2_rc1', 'a:1:{i:0;s:43:"\\phpbb\\db\\migration\\data\\v30x\\release_3_0_1";}', 1, 1, '', 1435523276, 1435523276),
('\\phpbb\\db\\migration\\data\\v30x\\release_3_0_2_rc2', 'a:1:{i:0;s:47:"\\phpbb\\db\\migration\\data\\v30x\\release_3_0_2_rc1";}', 1, 1, '', 1435523276, 1435523276),
('\\phpbb\\db\\migration\\data\\v30x\\release_3_0_3', 'a:1:{i:0;s:47:"\\phpbb\\db\\migration\\data\\v30x\\release_3_0_3_rc1";}', 1, 1, '', 1435523276, 1435523276),
('\\phpbb\\db\\migration\\data\\v30x\\release_3_0_3_rc1', 'a:1:{i:0;s:43:"\\phpbb\\db\\migration\\data\\v30x\\release_3_0_2";}', 1, 1, '', 1435523276, 1435523276),
('\\phpbb\\db\\migration\\data\\v30x\\release_3_0_4', 'a:1:{i:0;s:47:"\\phpbb\\db\\migration\\data\\v30x\\release_3_0_4_rc1";}', 1, 1, '', 1435523276, 1435523276),
('\\phpbb\\db\\migration\\data\\v30x\\release_3_0_4_rc1', 'a:1:{i:0;s:43:"\\phpbb\\db\\migration\\data\\v30x\\release_3_0_3";}', 1, 1, '', 1435523276, 1435523276),
('\\phpbb\\db\\migration\\data\\v30x\\release_3_0_5', 'a:1:{i:0;s:52:"\\phpbb\\db\\migration\\data\\v30x\\release_3_0_5_rc1part2";}', 1, 1, '', 1435523276, 1435523276),
('\\phpbb\\db\\migration\\data\\v30x\\release_3_0_5_rc1', 'a:1:{i:0;s:43:"\\phpbb\\db\\migration\\data\\v30x\\release_3_0_4";}', 1, 1, '', 1435523276, 1435523276),
('\\phpbb\\db\\migration\\data\\v30x\\release_3_0_5_rc1part2', 'a:1:{i:0;s:47:"\\phpbb\\db\\migration\\data\\v30x\\release_3_0_5_rc1";}', 1, 1, '', 1435523276, 1435523276),
('\\phpbb\\db\\migration\\data\\v30x\\release_3_0_6', 'a:1:{i:0;s:47:"\\phpbb\\db\\migration\\data\\v30x\\release_3_0_6_rc4";}', 1, 1, '', 1435523276, 1435523276),
('\\phpbb\\db\\migration\\data\\v30x\\release_3_0_6_rc1', 'a:1:{i:0;s:43:"\\phpbb\\db\\migration\\data\\v30x\\release_3_0_5";}', 1, 1, '', 1435523276, 1435523276),
('\\phpbb\\db\\migration\\data\\v30x\\release_3_0_6_rc2', 'a:1:{i:0;s:47:"\\phpbb\\db\\migration\\data\\v30x\\release_3_0_6_rc1";}', 1, 1, '', 1435523276, 1435523276),
('\\phpbb\\db\\migration\\data\\v30x\\release_3_0_6_rc3', 'a:1:{i:0;s:47:"\\phpbb\\db\\migration\\data\\v30x\\release_3_0_6_rc2";}', 1, 1, '', 1435523276, 1435523276),
('\\phpbb\\db\\migration\\data\\v30x\\release_3_0_6_rc4', 'a:1:{i:0;s:47:"\\phpbb\\db\\migration\\data\\v30x\\release_3_0_6_rc3";}', 1, 1, '', 1435523276, 1435523276),
('\\phpbb\\db\\migration\\data\\v30x\\release_3_0_7', 'a:1:{i:0;s:47:"\\phpbb\\db\\migration\\data\\v30x\\release_3_0_7_rc2";}', 1, 1, '', 1435523276, 1435523276),
('\\phpbb\\db\\migration\\data\\v30x\\release_3_0_7_pl1', 'a:1:{i:0;s:43:"\\phpbb\\db\\migration\\data\\v30x\\release_3_0_7";}', 1, 1, '', 1435523276, 1435523276),
('\\phpbb\\db\\migration\\data\\v30x\\release_3_0_7_rc1', 'a:1:{i:0;s:43:"\\phpbb\\db\\migration\\data\\v30x\\release_3_0_6";}', 1, 1, '', 1435523276, 1435523276),
('\\phpbb\\db\\migration\\data\\v30x\\release_3_0_7_rc2', 'a:1:{i:0;s:47:"\\phpbb\\db\\migration\\data\\v30x\\release_3_0_7_rc1";}', 1, 1, '', 1435523276, 1435523276),
('\\phpbb\\db\\migration\\data\\v30x\\release_3_0_8', 'a:1:{i:0;s:47:"\\phpbb\\db\\migration\\data\\v30x\\release_3_0_8_rc1";}', 1, 1, '', 1435523276, 1435523276),
('\\phpbb\\db\\migration\\data\\v30x\\release_3_0_8_rc1', 'a:1:{i:0;s:47:"\\phpbb\\db\\migration\\data\\v30x\\release_3_0_7_pl1";}', 1, 1, '', 1435523276, 1435523276),
('\\phpbb\\db\\migration\\data\\v30x\\release_3_0_9', 'a:1:{i:0;s:47:"\\phpbb\\db\\migration\\data\\v30x\\release_3_0_9_rc4";}', 1, 1, '', 1435523276, 1435523276),
('\\phpbb\\db\\migration\\data\\v30x\\release_3_0_9_rc1', 'a:1:{i:0;s:43:"\\phpbb\\db\\migration\\data\\v30x\\release_3_0_8";}', 1, 1, '', 1435523276, 1435523276),
('\\phpbb\\db\\migration\\data\\v30x\\release_3_0_9_rc2', 'a:1:{i:0;s:47:"\\phpbb\\db\\migration\\data\\v30x\\release_3_0_9_rc1";}', 1, 1, '', 1435523276, 1435523276),
('\\phpbb\\db\\migration\\data\\v30x\\release_3_0_9_rc3', 'a:1:{i:0;s:47:"\\phpbb\\db\\migration\\data\\v30x\\release_3_0_9_rc2";}', 1, 1, '', 1435523276, 1435523276),
('\\phpbb\\db\\migration\\data\\v30x\\release_3_0_9_rc4', 'a:1:{i:0;s:47:"\\phpbb\\db\\migration\\data\\v30x\\release_3_0_9_rc3";}', 1, 1, '', 1435523276, 1435523276),
('\\phpbb\\db\\migration\\data\\v310\\acp_style_components_module', 'a:1:{i:0;s:33:"\\phpbb\\db\\migration\\data\\v310\\dev";}', 1, 1, '', 1435523276, 1435523276),
('\\phpbb\\db\\migration\\data\\v310\\acp_prune_users_module', 'a:1:{i:0;s:35:"\\phpbb\\db\\migration\\data\\v310\\beta1";}', 1, 1, '', 1435523276, 1435523276),
('\\phpbb\\db\\migration\\data\\v310\\allow_cdn', 'a:1:{i:0;s:43:"\\phpbb\\db\\migration\\data\\v310\\jquery_update";}', 1, 1, '', 1435523276, 1435523276),
('\\phpbb\\db\\migration\\data\\v310\\alpha1', 'a:18:{i:0;s:46:"\\phpbb\\db\\migration\\data\\v30x\\local_url_bbcode";i:1;s:44:"\\phpbb\\db\\migration\\data\\v30x\\release_3_0_12";i:2;s:57:"\\phpbb\\db\\migration\\data\\v310\\acp_style_components_module";i:3;s:39:"\\phpbb\\db\\migration\\data\\v310\\allow_cdn";i:4;s:49:"\\phpbb\\db\\migration\\data\\v310\\auth_provider_oauth";i:5;s:37:"\\phpbb\\db\\migration\\data\\v310\\avatars";i:6;s:40:"\\phpbb\\db\\migration\\data\\v310\\boardindex";i:7;s:44:"\\phpbb\\db\\migration\\data\\v310\\config_db_text";i:8;s:45:"\\phpbb\\db\\migration\\data\\v310\\forgot_password";i:9;s:41:"\\phpbb\\db\\migration\\data\\v310\\mod_rewrite";i:10;s:49:"\\phpbb\\db\\migration\\data\\v310\\mysql_fulltext_drop";i:11;s:40:"\\phpbb\\db\\migration\\data\\v310\\namespaces";i:12;s:48:"\\phpbb\\db\\migration\\data\\v310\\notifications_cron";i:13;s:60:"\\phpbb\\db\\migration\\data\\v310\\notification_options_reconvert";i:14;s:38:"\\phpbb\\db\\migration\\data\\v310\\plupload";i:15;s:51:"\\phpbb\\db\\migration\\data\\v310\\signature_module_auth";i:16;s:52:"\\phpbb\\db\\migration\\data\\v310\\softdelete_mcp_modules";i:17;s:38:"\\phpbb\\db\\migration\\data\\v310\\teampage";}', 1, 1, '', 1435523276, 1435523276),
('\\phpbb\\db\\migration\\data\\v310\\alpha2', 'a:2:{i:0;s:36:"\\phpbb\\db\\migration\\data\\v310\\alpha1";i:1;s:51:"\\phpbb\\db\\migration\\data\\v310\\notifications_cron_p2";}', 1, 1, '', 1435523276, 1435523276),
('\\phpbb\\db\\migration\\data\\v310\\alpha3', 'a:4:{i:0;s:36:"\\phpbb\\db\\migration\\data\\v310\\alpha2";i:1;s:42:"\\phpbb\\db\\migration\\data\\v310\\avatar_types";i:2;s:39:"\\phpbb\\db\\migration\\data\\v310\\passwords";i:3;s:48:"\\phpbb\\db\\migration\\data\\v310\\profilefield_types";}', 1, 1, '', 1435523276, 1435523276),
('\\phpbb\\db\\migration\\data\\v310\\auth_provider_oauth', 'a:0:{}', 1, 1, '', 1435523276, 1435523276),
('\\phpbb\\db\\migration\\data\\v310\\auth_provider_oauth2', 'a:1:{i:0;s:49:"\\phpbb\\db\\migration\\data\\v310\\auth_provider_oauth";}', 1, 1, '', 1435523276, 1435523276),
('\\phpbb\\db\\migration\\data\\v310\\avatars', 'a:1:{i:0;s:44:"\\phpbb\\db\\migration\\data\\v30x\\release_3_0_11";}', 1, 1, '', 1435523276, 1435523276),
('\\phpbb\\db\\migration\\data\\v310\\avatar_types', 'a:2:{i:0;s:33:"\\phpbb\\db\\migration\\data\\v310\\dev";i:1;s:37:"\\phpbb\\db\\migration\\data\\v310\\avatars";}', 1, 1, '', 1435523276, 1435523276),
('\\phpbb\\db\\migration\\data\\v310\\beta1', 'a:7:{i:0;s:36:"\\phpbb\\db\\migration\\data\\v310\\alpha3";i:1;s:42:"\\phpbb\\db\\migration\\data\\v310\\passwords_p2";i:2;s:52:"\\phpbb\\db\\migration\\data\\v310\\postgres_fulltext_drop";i:3;s:63:"\\phpbb\\db\\migration\\data\\v310\\profilefield_change_load_settings";i:4;s:51:"\\phpbb\\db\\migration\\data\\v310\\profilefield_location";i:5;s:54:"\\phpbb\\db\\migration\\data\\v310\\soft_delete_mod_convert2";i:6;s:48:"\\phpbb\\db\\migration\\data\\v310\\ucp_popuppm_module";}', 1, 1, '', 1435523276, 1435523276),
('\\phpbb\\db\\migration\\data\\v310\\beta2', 'a:3:{i:0;s:35:"\\phpbb\\db\\migration\\data\\v310\\beta1";i:1;s:52:"\\phpbb\\db\\migration\\data\\v310\\acp_prune_users_module";i:2;s:59:"\\phpbb\\db\\migration\\data\\v310\\profilefield_location_cleanup";}', 1, 1, '', 1435523276, 1435523276),
('\\phpbb\\db\\migration\\data\\v310\\beta3', 'a:6:{i:0;s:35:"\\phpbb\\db\\migration\\data\\v310\\beta2";i:1;s:50:"\\phpbb\\db\\migration\\data\\v310\\auth_provider_oauth2";i:2;s:48:"\\phpbb\\db\\migration\\data\\v310\\board_contact_name";i:3;s:44:"\\phpbb\\db\\migration\\data\\v310\\jquery_update2";i:4;s:50:"\\phpbb\\db\\migration\\data\\v310\\live_searches_config";i:5;s:49:"\\phpbb\\db\\migration\\data\\v310\\prune_shadow_topics";}', 1, 1, '', 1435523276, 1435523276),
('\\phpbb\\db\\migration\\data\\v310\\beta4', 'a:3:{i:0;s:35:"\\phpbb\\db\\migration\\data\\v310\\beta3";i:1;s:69:"\\phpbb\\db\\migration\\data\\v310\\extensions_version_check_force_unstable";i:2;s:58:"\\phpbb\\db\\migration\\data\\v310\\reset_missing_captcha_plugin";}', 1, 1, '', 1435523276, 1435523276),
('\\phpbb\\db\\migration\\data\\v310\\boardindex', 'a:0:{}', 1, 1, '', 1435523276, 1435523276),
('\\phpbb\\db\\migration\\data\\v310\\board_contact_name', 'a:1:{i:0;s:35:"\\phpbb\\db\\migration\\data\\v310\\beta2";}', 1, 1, '', 1435523276, 1435523276),
('\\phpbb\\db\\migration\\data\\v310\\bot_update', 'a:1:{i:0;s:33:"\\phpbb\\db\\migration\\data\\v310\\rc6";}', 1, 1, '', 1435523276, 1435523276),
('\\phpbb\\db\\migration\\data\\v310\\captcha_plugins', 'a:1:{i:0;s:33:"\\phpbb\\db\\migration\\data\\v310\\rc2";}', 1, 1, '', 1435523276, 1435523276),
('\\phpbb\\db\\migration\\data\\v310\\dev', 'a:5:{i:0;s:40:"\\phpbb\\db\\migration\\data\\v310\\extensions";i:1;s:45:"\\phpbb\\db\\migration\\data\\v310\\style_update_p2";i:2;s:41:"\\phpbb\\db\\migration\\data\\v310\\timezone_p2";i:3;s:52:"\\phpbb\\db\\migration\\data\\v310\\reported_posts_display";i:4;s:46:"\\phpbb\\db\\migration\\data\\v310\\migrations_table";}', 1, 1, '', 1435523276, 1435523276),
('\\phpbb\\db\\migration\\data\\v310\\config_db_text', 'a:1:{i:0;s:44:"\\phpbb\\db\\migration\\data\\v30x\\release_3_0_11";}', 1, 1, '', 1435523276, 1435523276),
('\\phpbb\\db\\migration\\data\\v310\\contact_admin_acp_module', 'a:0:{}', 1, 1, '', 1435523276, 1435523276),
('\\phpbb\\db\\migration\\data\\v310\\contact_admin_form', 'a:1:{i:0;s:44:"\\phpbb\\db\\migration\\data\\v310\\config_db_text";}', 1, 1, '', 1435523276, 1435523276),
('\\phpbb\\db\\migration\\data\\v310\\extensions', 'a:1:{i:0;s:44:"\\phpbb\\db\\migration\\data\\v30x\\release_3_0_11";}', 1, 1, '', 1435523276, 1435523276),
('\\phpbb\\db\\migration\\data\\v310\\extensions_version_check_force_unstable', 'a:1:{i:0;s:33:"\\phpbb\\db\\migration\\data\\v310\\dev";}', 1, 1, '', 1435523276, 1435523276),
('\\phpbb\\db\\migration\\data\\v310\\forgot_password', 'a:1:{i:0;s:44:"\\phpbb\\db\\migration\\data\\v30x\\release_3_0_11";}', 1, 1, '', 1435523276, 1435523276),
('\\phpbb\\db\\migration\\data\\v310\\gold', 'a:2:{i:0;s:33:"\\phpbb\\db\\migration\\data\\v310\\rc6";i:1;s:40:"\\phpbb\\db\\migration\\data\\v310\\bot_update";}', 1, 1, '', 1435523276, 1435523276),
('\\phpbb\\db\\migration\\data\\v310\\jquery_update', 'a:1:{i:0;s:33:"\\phpbb\\db\\migration\\data\\v310\\dev";}', 1, 1, '', 1435523276, 1435523276),
('\\phpbb\\db\\migration\\data\\v310\\jquery_update2', 'a:1:{i:0;s:43:"\\phpbb\\db\\migration\\data\\v310\\jquery_update";}', 1, 1, '', 1435523276, 1435523276),
('\\phpbb\\db\\migration\\data\\v310\\live_searches_config', 'a:0:{}', 1, 1, '', 1435523276, 1435523276),
('\\phpbb\\db\\migration\\data\\v310\\migrations_table', 'a:0:{}', 1, 1, '', 1435523276, 1435523276),
('\\phpbb\\db\\migration\\data\\v310\\mod_rewrite', 'a:1:{i:0;s:33:"\\phpbb\\db\\migration\\data\\v310\\dev";}', 1, 1, '', 1435523276, 1435523276),
('\\phpbb\\db\\migration\\data\\v310\\mysql_fulltext_drop', 'a:1:{i:0;s:33:"\\phpbb\\db\\migration\\data\\v310\\dev";}', 1, 1, '', 1435523276, 1435523276),
('\\phpbb\\db\\migration\\data\\v310\\namespaces', 'a:1:{i:0;s:33:"\\phpbb\\db\\migration\\data\\v310\\dev";}', 1, 1, '', 1435523276, 1435523276),
('\\phpbb\\db\\migration\\data\\v310\\notifications', 'a:1:{i:0;s:33:"\\phpbb\\db\\migration\\data\\v310\\dev";}', 1, 1, '', 1435523276, 1435523276),
('\\phpbb\\db\\migration\\data\\v310\\notifications_cron', 'a:1:{i:0;s:43:"\\phpbb\\db\\migration\\data\\v310\\notifications";}', 1, 1, '', 1435523276, 1435523276),
('\\phpbb\\db\\migration\\data\\v310\\passwords', 'a:1:{i:0;s:44:"\\phpbb\\db\\migration\\data\\v30x\\release_3_0_11";}', 1, 1, '', 1435523276, 1435523276),
('\\phpbb\\db\\migration\\data\\v310\\notifications_cron_p2', 'a:1:{i:0;s:48:"\\phpbb\\db\\migration\\data\\v310\\notifications_cron";}', 1, 1, '', 1435523276, 1435523276),
('\\phpbb\\db\\migration\\data\\v310\\notifications_schema_fix', 'a:1:{i:0;s:43:"\\phpbb\\db\\migration\\data\\v310\\notifications";}', 1, 1, '', 1435523276, 1435523276),
('\\phpbb\\db\\migration\\data\\v310\\notifications_use_full_name', 'a:1:{i:0;s:33:"\\phpbb\\db\\migration\\data\\v310\\rc3";}', 1, 1, '', 1435523276, 1435523276),
('\\phpbb\\db\\migration\\data\\v310\\notification_options_reconvert', 'a:1:{i:0;s:54:"\\phpbb\\db\\migration\\data\\v310\\notifications_schema_fix";}', 1, 1, '', 1435523276, 1435523276),
('\\phpbb\\db\\migration\\data\\v310\\passwords_convert_p1', 'a:1:{i:0;s:42:"\\phpbb\\db\\migration\\data\\v310\\passwords_p2";}', 1, 1, '', 1435523276, 1435523276),
('\\phpbb\\db\\migration\\data\\v310\\passwords_convert_p2', 'a:1:{i:0;s:50:"\\phpbb\\db\\migration\\data\\v310\\passwords_convert_p1";}', 1, 1, '', 1435523276, 1435523276),
('\\phpbb\\db\\migration\\data\\v310\\passwords_p2', 'a:1:{i:0;s:39:"\\phpbb\\db\\migration\\data\\v310\\passwords";}', 1, 1, '', 1435523276, 1435523276),
('\\phpbb\\db\\migration\\data\\v310\\plupload', 'a:1:{i:0;s:33:"\\phpbb\\db\\migration\\data\\v310\\dev";}', 1, 1, '', 1435523276, 1435523276),
('\\phpbb\\db\\migration\\data\\v310\\postgres_fulltext_drop', 'a:1:{i:0;s:33:"\\phpbb\\db\\migration\\data\\v310\\dev";}', 1, 1, '', 1435523276, 1435523276),
('\\phpbb\\db\\migration\\data\\v310\\profilefield_aol', 'a:1:{i:0;s:56:"\\phpbb\\db\\migration\\data\\v310\\profilefield_yahoo_cleanup";}', 1, 1, '', 1435523276, 1435523276),
('\\phpbb\\db\\migration\\data\\v310\\profilefield_aol_cleanup', 'a:1:{i:0;s:46:"\\phpbb\\db\\migration\\data\\v310\\profilefield_aol";}', 1, 1, '', 1435523276, 1435523276),
('\\phpbb\\db\\migration\\data\\v310\\profilefield_change_load_settings', 'a:1:{i:0;s:54:"\\phpbb\\db\\migration\\data\\v310\\profilefield_aol_cleanup";}', 1, 1, '', 1435523276, 1435523276),
('\\phpbb\\db\\migration\\data\\v310\\profilefield_cleanup', 'a:2:{i:0;s:52:"\\phpbb\\db\\migration\\data\\v310\\profilefield_interests";i:1;s:53:"\\phpbb\\db\\migration\\data\\v310\\profilefield_occupation";}', 1, 1, '', 1435523276, 1435523276),
('\\phpbb\\db\\migration\\data\\v310\\profilefield_facebook', 'a:3:{i:0;s:56:"\\phpbb\\db\\migration\\data\\v310\\profilefield_contact_field";i:1;s:55:"\\phpbb\\db\\migration\\data\\v310\\profilefield_show_novalue";i:2;s:48:"\\phpbb\\db\\migration\\data\\v310\\profilefield_types";}', 1, 1, '', 1435523276, 1435523276),
('\\phpbb\\db\\migration\\data\\v310\\profilefield_contact_field', 'a:1:{i:0;s:56:"\\phpbb\\db\\migration\\data\\v310\\profilefield_on_memberlist";}', 1, 1, '', 1435523276, 1435523276),
('\\phpbb\\db\\migration\\data\\v310\\profilefield_field_validation_length', 'a:1:{i:0;s:33:"\\phpbb\\db\\migration\\data\\v310\\rc3";}', 1, 1, '', 1435523276, 1435523276),
('\\phpbb\\db\\migration\\data\\v310\\profilefield_googleplus', 'a:3:{i:0;s:56:"\\phpbb\\db\\migration\\data\\v310\\profilefield_contact_field";i:1;s:55:"\\phpbb\\db\\migration\\data\\v310\\profilefield_show_novalue";i:2;s:48:"\\phpbb\\db\\migration\\data\\v310\\profilefield_types";}', 1, 1, '', 1435523276, 1435523276),
('\\phpbb\\db\\migration\\data\\v310\\profilefield_icq', 'a:1:{i:0;s:56:"\\phpbb\\db\\migration\\data\\v310\\profilefield_contact_field";}', 1, 1, '', 1435523276, 1435523276),
('\\phpbb\\db\\migration\\data\\v310\\profilefield_icq_cleanup', 'a:1:{i:0;s:46:"\\phpbb\\db\\migration\\data\\v310\\profilefield_icq";}', 1, 1, '', 1435523276, 1435523276),
('\\phpbb\\db\\migration\\data\\v310\\profilefield_interests', 'a:2:{i:0;s:48:"\\phpbb\\db\\migration\\data\\v310\\profilefield_types";i:1;s:55:"\\phpbb\\db\\migration\\data\\v310\\profilefield_show_novalue";}', 1, 1, '', 1435523276, 1435523276),
('\\phpbb\\db\\migration\\data\\v310\\profilefield_location', 'a:2:{i:0;s:48:"\\phpbb\\db\\migration\\data\\v310\\profilefield_types";i:1;s:56:"\\phpbb\\db\\migration\\data\\v310\\profilefield_on_memberlist";}', 1, 1, '', 1435523276, 1435523276),
('\\phpbb\\db\\migration\\data\\v310\\profilefield_location_cleanup', 'a:1:{i:0;s:51:"\\phpbb\\db\\migration\\data\\v310\\profilefield_location";}', 1, 1, '', 1435523276, 1435523276),
('\\phpbb\\db\\migration\\data\\v310\\profilefield_occupation', 'a:1:{i:0;s:52:"\\phpbb\\db\\migration\\data\\v310\\profilefield_interests";}', 1, 1, '', 1435523276, 1435523276),
('\\phpbb\\db\\migration\\data\\v310\\profilefield_on_memberlist', 'a:1:{i:0;s:50:"\\phpbb\\db\\migration\\data\\v310\\profilefield_cleanup";}', 1, 1, '', 1435523276, 1435523276),
('\\phpbb\\db\\migration\\data\\v310\\profilefield_show_novalue', 'a:1:{i:0;s:48:"\\phpbb\\db\\migration\\data\\v310\\profilefield_types";}', 1, 1, '', 1435523276, 1435523276),
('\\phpbb\\db\\migration\\data\\v310\\profilefield_skype', 'a:3:{i:0;s:56:"\\phpbb\\db\\migration\\data\\v310\\profilefield_contact_field";i:1;s:55:"\\phpbb\\db\\migration\\data\\v310\\profilefield_show_novalue";i:2;s:48:"\\phpbb\\db\\migration\\data\\v310\\profilefield_types";}', 1, 1, '', 1435523276, 1435523276),
('\\phpbb\\db\\migration\\data\\v310\\profilefield_twitter', 'a:3:{i:0;s:56:"\\phpbb\\db\\migration\\data\\v310\\profilefield_contact_field";i:1;s:55:"\\phpbb\\db\\migration\\data\\v310\\profilefield_show_novalue";i:2;s:48:"\\phpbb\\db\\migration\\data\\v310\\profilefield_types";}', 1, 1, '', 1435523276, 1435523276),
('\\phpbb\\db\\migration\\data\\v310\\profilefield_types', 'a:1:{i:0;s:36:"\\phpbb\\db\\migration\\data\\v310\\alpha2";}', 1, 1, '', 1435523276, 1435523276),
('\\phpbb\\db\\migration\\data\\v310\\profilefield_website', 'a:2:{i:0;s:56:"\\phpbb\\db\\migration\\data\\v310\\profilefield_on_memberlist";i:1;s:54:"\\phpbb\\db\\migration\\data\\v310\\profilefield_icq_cleanup";}', 1, 1, '', 1435523276, 1435523276),
('\\phpbb\\db\\migration\\data\\v310\\profilefield_website_cleanup', 'a:1:{i:0;s:50:"\\phpbb\\db\\migration\\data\\v310\\profilefield_website";}', 1, 1, '', 1435523276, 1435523276),
('\\phpbb\\db\\migration\\data\\v310\\profilefield_wlm', 'a:1:{i:0;s:58:"\\phpbb\\db\\migration\\data\\v310\\profilefield_website_cleanup";}', 1, 1, '', 1435523276, 1435523276),
('\\phpbb\\db\\migration\\data\\v310\\profilefield_wlm_cleanup', 'a:1:{i:0;s:46:"\\phpbb\\db\\migration\\data\\v310\\profilefield_wlm";}', 1, 1, '', 1435523276, 1435523276),
('\\phpbb\\db\\migration\\data\\v310\\profilefield_yahoo', 'a:1:{i:0;s:54:"\\phpbb\\db\\migration\\data\\v310\\profilefield_wlm_cleanup";}', 1, 1, '', 1435523276, 1435523276),
('\\phpbb\\db\\migration\\data\\v310\\profilefield_yahoo_cleanup', 'a:1:{i:0;s:48:"\\phpbb\\db\\migration\\data\\v310\\profilefield_yahoo";}', 1, 1, '', 1435523276, 1435523276),
('\\phpbb\\db\\migration\\data\\v310\\profilefield_youtube', 'a:3:{i:0;s:56:"\\phpbb\\db\\migration\\data\\v310\\profilefield_contact_field";i:1;s:55:"\\phpbb\\db\\migration\\data\\v310\\profilefield_show_novalue";i:2;s:48:"\\phpbb\\db\\migration\\data\\v310\\profilefield_types";}', 1, 1, '', 1435523276, 1435523276),
('\\phpbb\\db\\migration\\data\\v310\\prune_shadow_topics', 'a:1:{i:0;s:33:"\\phpbb\\db\\migration\\data\\v310\\dev";}', 1, 1, '', 1435523276, 1435523276),
('\\phpbb\\db\\migration\\data\\v310\\rc1', 'a:9:{i:0;s:35:"\\phpbb\\db\\migration\\data\\v310\\beta4";i:1;s:54:"\\phpbb\\db\\migration\\data\\v310\\contact_admin_acp_module";i:2;s:48:"\\phpbb\\db\\migration\\data\\v310\\contact_admin_form";i:3;s:50:"\\phpbb\\db\\migration\\data\\v310\\passwords_convert_p2";i:4;s:51:"\\phpbb\\db\\migration\\data\\v310\\profilefield_facebook";i:5;s:53:"\\phpbb\\db\\migration\\data\\v310\\profilefield_googleplus";i:6;s:48:"\\phpbb\\db\\migration\\data\\v310\\profilefield_skype";i:7;s:50:"\\phpbb\\db\\migration\\data\\v310\\profilefield_twitter";i:8;s:50:"\\phpbb\\db\\migration\\data\\v310\\profilefield_youtube";}', 1, 1, '', 1435523276, 1435523276),
('\\phpbb\\db\\migration\\data\\v310\\rc2', 'a:1:{i:0;s:33:"\\phpbb\\db\\migration\\data\\v310\\rc1";}', 1, 1, '', 1435523276, 1435523276),
('\\phpbb\\db\\migration\\data\\v310\\rc3', 'a:5:{i:0;s:33:"\\phpbb\\db\\migration\\data\\v310\\rc2";i:1;s:45:"\\phpbb\\db\\migration\\data\\v310\\captcha_plugins";i:2;s:53:"\\phpbb\\db\\migration\\data\\v310\\rename_too_long_indexes";i:3;s:41:"\\phpbb\\db\\migration\\data\\v310\\search_type";i:4;s:49:"\\phpbb\\db\\migration\\data\\v310\\topic_sort_username";}', 1, 1, '', 1435523276, 1435523276),
('\\phpbb\\db\\migration\\data\\v310\\rc4', 'a:2:{i:0;s:33:"\\phpbb\\db\\migration\\data\\v310\\rc3";i:1;s:57:"\\phpbb\\db\\migration\\data\\v310\\notifications_use_full_name";}', 1, 1, '', 1435523276, 1435523276),
('\\phpbb\\db\\migration\\data\\v310\\rc5', 'a:3:{i:0;s:33:"\\phpbb\\db\\migration\\data\\v310\\rc4";i:1;s:66:"\\phpbb\\db\\migration\\data\\v310\\profilefield_field_validation_length";i:2;s:53:"\\phpbb\\db\\migration\\data\\v310\\remove_acp_styles_cache";}', 1, 1, '', 1435523276, 1435523276),
('\\phpbb\\db\\migration\\data\\v310\\rc6', 'a:1:{i:0;s:33:"\\phpbb\\db\\migration\\data\\v310\\rc5";}', 1, 1, '', 1435523276, 1435523276),
('\\phpbb\\db\\migration\\data\\v310\\remove_acp_styles_cache', 'a:1:{i:0;s:33:"\\phpbb\\db\\migration\\data\\v310\\rc4";}', 1, 1, '', 1435523276, 1435523276),
('\\phpbb\\db\\migration\\data\\v310\\rename_too_long_indexes', 'a:1:{i:0;s:43:"\\phpbb\\db\\migration\\data\\v30x\\release_3_0_0";}', 1, 1, '', 1435523276, 1435523276),
('\\phpbb\\db\\migration\\data\\v310\\reported_posts_display', 'a:1:{i:0;s:44:"\\phpbb\\db\\migration\\data\\v30x\\release_3_0_11";}', 1, 1, '', 1435523276, 1435523276),
('\\phpbb\\db\\migration\\data\\v310\\reset_missing_captcha_plugin', 'a:1:{i:0;s:33:"\\phpbb\\db\\migration\\data\\v310\\dev";}', 1, 1, '', 1435523276, 1435523276),
('\\phpbb\\db\\migration\\data\\v310\\search_type', 'a:1:{i:0;s:33:"\\phpbb\\db\\migration\\data\\v310\\dev";}', 1, 1, '', 1435523276, 1435523276),
('\\phpbb\\db\\migration\\data\\v310\\signature_module_auth', 'a:1:{i:0;s:33:"\\phpbb\\db\\migration\\data\\v310\\dev";}', 1, 1, '', 1435523276, 1435523276),
('\\phpbb\\db\\migration\\data\\v310\\softdelete_mcp_modules', 'a:2:{i:0;s:33:"\\phpbb\\db\\migration\\data\\v310\\dev";i:1;s:43:"\\phpbb\\db\\migration\\data\\v310\\softdelete_p2";}', 1, 1, '', 1435523276, 1435523276),
('\\phpbb\\db\\migration\\data\\v310\\softdelete_p1', 'a:1:{i:0;s:33:"\\phpbb\\db\\migration\\data\\v310\\dev";}', 1, 1, '', 1435523276, 1435523276),
('\\phpbb\\db\\migration\\data\\v310\\softdelete_p2', 'a:2:{i:0;s:33:"\\phpbb\\db\\migration\\data\\v310\\dev";i:1;s:43:"\\phpbb\\db\\migration\\data\\v310\\softdelete_p1";}', 1, 1, '', 1435523276, 1435523276),
('\\phpbb\\db\\migration\\data\\v310\\soft_delete_mod_convert', 'a:1:{i:0;s:36:"\\phpbb\\db\\migration\\data\\v310\\alpha3";}', 1, 1, '', 1435523276, 1435523276),
('\\phpbb\\db\\migration\\data\\v310\\soft_delete_mod_convert2', 'a:1:{i:0;s:53:"\\phpbb\\db\\migration\\data\\v310\\soft_delete_mod_convert";}', 1, 1, '', 1435523276, 1435523276),
('\\phpbb\\db\\migration\\data\\v310\\style_update_p1', 'a:1:{i:0;s:44:"\\phpbb\\db\\migration\\data\\v30x\\release_3_0_11";}', 1, 1, '', 1435523276, 1435523276),
('\\phpbb\\db\\migration\\data\\v310\\style_update_p2', 'a:1:{i:0;s:45:"\\phpbb\\db\\migration\\data\\v310\\style_update_p1";}', 1, 1, '', 1435523276, 1435523276),
('\\phpbb\\db\\migration\\data\\v310\\teampage', 'a:1:{i:0;s:33:"\\phpbb\\db\\migration\\data\\v310\\dev";}', 1, 1, '', 1435523276, 1435523276),
('\\phpbb\\db\\migration\\data\\v310\\timezone', 'a:1:{i:0;s:44:"\\phpbb\\db\\migration\\data\\v30x\\release_3_0_11";}', 1, 1, '', 1435523276, 1435523276),
('\\phpbb\\db\\migration\\data\\v310\\timezone_p2', 'a:1:{i:0;s:38:"\\phpbb\\db\\migration\\data\\v310\\timezone";}', 1, 1, '', 1435523276, 1435523276),
('\\phpbb\\db\\migration\\data\\v310\\topic_sort_username', 'a:1:{i:0;s:33:"\\phpbb\\db\\migration\\data\\v310\\dev";}', 1, 1, '', 1435523276, 1435523276),
('\\phpbb\\db\\migration\\data\\v310\\ucp_popuppm_module', 'a:1:{i:0;s:33:"\\phpbb\\db\\migration\\data\\v310\\dev";}', 1, 1, '', 1435523276, 1435523276),
('\\phpbb\\db\\migration\\data\\v31x\\plupload_last_gc_dynamic', 'a:1:{i:0;s:34:"\\phpbb\\db\\migration\\data\\v31x\\v312";}', 1, 1, '', 1435523276, 1435523276),
('\\phpbb\\db\\migration\\data\\v31x\\m_softdelete_global', 'a:1:{i:0;s:34:"\\phpbb\\db\\migration\\data\\v31x\\v311";}', 1, 1, '', 1435523276, 1435523276),
('\\phpbb\\db\\migration\\data\\v31x\\profilefield_remove_underscore_from_alpha', 'a:1:{i:0;s:34:"\\phpbb\\db\\migration\\data\\v31x\\v311";}', 1, 1, '', 1435523276, 1435523276),
('\\phpbb\\db\\migration\\data\\v31x\\profilefield_yahoo_update_url', 'a:1:{i:0;s:34:"\\phpbb\\db\\migration\\data\\v31x\\v312";}', 1, 1, '', 1435523276, 1435523276),
('\\phpbb\\db\\migration\\data\\v31x\\style_update', 'a:1:{i:0;s:34:"\\phpbb\\db\\migration\\data\\v310\\gold";}', 1, 1, '', 1435523276, 1435523276),
('\\phpbb\\db\\migration\\data\\v31x\\update_custom_bbcodes_with_idn', 'a:1:{i:0;s:34:"\\phpbb\\db\\migration\\data\\v31x\\v312";}', 1, 1, '', 1435523276, 1435523276),
('\\phpbb\\db\\migration\\data\\v31x\\v311', 'a:2:{i:0;s:34:"\\phpbb\\db\\migration\\data\\v310\\gold";i:1;s:42:"\\phpbb\\db\\migration\\data\\v31x\\style_update";}', 1, 1, '', 1435523276, 1435523276),
('\\phpbb\\db\\migration\\data\\v31x\\v312', 'a:1:{i:0;s:37:"\\phpbb\\db\\migration\\data\\v31x\\v312rc1";}', 1, 1, '', 1435523276, 1435523276),
('\\phpbb\\db\\migration\\data\\v31x\\v312rc1', 'a:2:{i:0;s:34:"\\phpbb\\db\\migration\\data\\v31x\\v311";i:1;s:49:"\\phpbb\\db\\migration\\data\\v31x\\m_softdelete_global";}', 1, 1, '', 1435523276, 1435523276),
('\\phpbb\\db\\migration\\data\\v31x\\v313', 'a:1:{i:0;s:37:"\\phpbb\\db\\migration\\data\\v31x\\v313rc2";}', 1, 1, '', 1435523276, 1435523276),
('\\phpbb\\db\\migration\\data\\v31x\\v313rc1', 'a:5:{i:0;s:48:"\\phpbb\\db\\migration\\data\\v30x\\release_3_0_13_rc1";i:1;s:54:"\\phpbb\\db\\migration\\data\\v31x\\plupload_last_gc_dynamic";i:2;s:71:"\\phpbb\\db\\migration\\data\\v31x\\profilefield_remove_underscore_from_alpha";i:3;s:59:"\\phpbb\\db\\migration\\data\\v31x\\profilefield_yahoo_update_url";i:4;s:60:"\\phpbb\\db\\migration\\data\\v31x\\update_custom_bbcodes_with_idn";}', 1, 1, '', 1435523276, 1435523276),
('\\phpbb\\db\\migration\\data\\v31x\\v313rc2', 'a:2:{i:0;s:48:"\\phpbb\\db\\migration\\data\\v30x\\release_3_0_13_pl1";i:1;s:37:"\\phpbb\\db\\migration\\data\\v31x\\v313rc1";}', 1, 1, '', 1435523276, 1435523276),
('\\phpbb\\db\\migration\\data\\v31x\\v314', 'a:2:{i:0;s:44:"\\phpbb\\db\\migration\\data\\v30x\\release_3_0_14";i:1;s:37:"\\phpbb\\db\\migration\\data\\v31x\\v314rc2";}', 1, 1, '', 1435523276, 1435523276),
('\\phpbb\\db\\migration\\data\\v31x\\v314rc1', 'a:1:{i:0;s:34:"\\phpbb\\db\\migration\\data\\v31x\\v313";}', 1, 1, '', 1435523276, 1435523276),
('\\phpbb\\db\\migration\\data\\v31x\\v314rc2', 'a:2:{i:0;s:48:"\\phpbb\\db\\migration\\data\\v30x\\release_3_0_14_rc1";i:1;s:37:"\\phpbb\\db\\migration\\data\\v31x\\v314rc1";}', 1, 1, '', 1435523276, 1435523276),
('\\phpbb\\db\\migration\\data\\v31x\\v315', 'a:1:{i:0;s:37:"\\phpbb\\db\\migration\\data\\v31x\\v315rc1";}', 1, 1, '', 1435523276, 1435523276),
('\\phpbb\\db\\migration\\data\\v31x\\v315rc1', 'a:1:{i:0;s:34:"\\phpbb\\db\\migration\\data\\v31x\\v314";}', 1, 1, '', 1435523276, 1435523276),
('\\boardtools\\upload\\migrations\\configuration\\add_zip_config', 'a:1:{i:0;s:33:"\\phpbb\\db\\migration\\data\\v310\\dev";}', 1, 1, '', 1438863792, 1438863792),
('\\boardtools\\upload\\migrations\\install_upload', 'a:1:{i:0;s:33:"\\phpbb\\db\\migration\\data\\v310\\dev";}', 1, 1, '', 1438863792, 1438863792),
('\\phpbbireland\\portal\\migrations\\v10x\\release_1_0_0', 'a:1:{i:0;s:33:"\\phpbb\\db\\migration\\data\\v310\\dev";}', 1, 1, '', 1438868021, 1438868022),
('\\phpbbireland\\portal\\migrations\\v10x\\release_1_0_1', 'a:1:{i:0;s:50:"\\phpbbireland\\portal\\migrations\\v10x\\release_1_0_0";}', 1, 1, '', 1438868022, 1438868022);

-- --------------------------------------------------------

--
-- Структура таблицы `phpbb_moderator_cache`
--

CREATE TABLE IF NOT EXISTS `phpbb_moderator_cache` (
  `forum_id` mediumint(8) unsigned NOT NULL DEFAULT '0',
  `user_id` mediumint(8) unsigned NOT NULL DEFAULT '0',
  `username` varchar(255) COLLATE utf8_bin NOT NULL DEFAULT '',
  `group_id` mediumint(8) unsigned NOT NULL DEFAULT '0',
  `group_name` varchar(255) COLLATE utf8_bin NOT NULL DEFAULT '',
  `display_on_index` tinyint(1) unsigned NOT NULL DEFAULT '1',
  KEY `disp_idx` (`display_on_index`),
  KEY `forum_id` (`forum_id`)
) ENGINE=MyISAM DEFAULT CHARSET=utf8 COLLATE=utf8_bin;

--
-- Дамп данных таблицы `phpbb_moderator_cache`
--

INSERT INTO `phpbb_moderator_cache` (`forum_id`, `user_id`, `username`, `group_id`, `group_name`, `display_on_index`) VALUES
(0, 48, 'Fox', 0, '', 1),
(1, 48, 'Fox', 0, '', 1),
(2, 48, 'Fox', 0, '', 1),
(3, 48, 'Fox', 0, '', 1),
(4, 48, 'Fox', 0, '', 1),
(5, 48, 'Fox', 0, '', 1),
(6, 48, 'Fox', 0, '', 1),
(7, 48, 'Fox', 0, '', 1);

-- --------------------------------------------------------

--
-- Структура таблицы `phpbb_modules`
--

CREATE TABLE IF NOT EXISTS `phpbb_modules` (
  `module_id` mediumint(8) unsigned NOT NULL AUTO_INCREMENT,
  `module_enabled` tinyint(1) unsigned NOT NULL DEFAULT '1',
  `module_display` tinyint(1) unsigned NOT NULL DEFAULT '1',
  `module_basename` varchar(255) COLLATE utf8_bin NOT NULL DEFAULT '',
  `module_class` varchar(10) COLLATE utf8_bin NOT NULL DEFAULT '',
  `parent_id` mediumint(8) unsigned NOT NULL DEFAULT '0',
  `left_id` mediumint(8) unsigned NOT NULL DEFAULT '0',
  `right_id` mediumint(8) unsigned NOT NULL DEFAULT '0',
  `module_langname` varchar(255) COLLATE utf8_bin NOT NULL DEFAULT '',
  `module_mode` varchar(255) COLLATE utf8_bin NOT NULL DEFAULT '',
  `module_auth` varchar(255) COLLATE utf8_bin NOT NULL DEFAULT '',
  PRIMARY KEY (`module_id`),
  KEY `left_right_id` (`left_id`,`right_id`),
  KEY `module_enabled` (`module_enabled`),
  KEY `class_left_id` (`module_class`,`left_id`)
) ENGINE=MyISAM  DEFAULT CHARSET=utf8 COLLATE=utf8_bin AUTO_INCREMENT=249 ;

--
-- Дамп данных таблицы `phpbb_modules`
--

INSERT INTO `phpbb_modules` (`module_id`, `module_enabled`, `module_display`, `module_basename`, `module_class`, `parent_id`, `left_id`, `right_id`, `module_langname`, `module_mode`, `module_auth`) VALUES
(1, 1, 1, '', 'acp', 0, 1, 66, 'ACP_CAT_GENERAL', '', ''),
(2, 1, 1, '', 'acp', 1, 4, 17, 'ACP_QUICK_ACCESS', '', ''),
(3, 1, 1, '', 'acp', 1, 18, 43, 'ACP_BOARD_CONFIGURATION', '', ''),
(4, 1, 1, '', 'acp', 1, 44, 51, 'ACP_CLIENT_COMMUNICATION', '', ''),
(5, 1, 1, '', 'acp', 1, 52, 65, 'ACP_SERVER_CONFIGURATION', '', ''),
(6, 1, 1, '', 'acp', 0, 67, 86, 'ACP_CAT_FORUMS', '', ''),
(7, 1, 1, '', 'acp', 6, 68, 73, 'ACP_MANAGE_FORUMS', '', ''),
(8, 1, 1, '', 'acp', 6, 74, 85, 'ACP_FORUM_BASED_PERMISSIONS', '', ''),
(9, 1, 1, '', 'acp', 0, 87, 114, 'ACP_CAT_POSTING', '', ''),
(10, 1, 1, '', 'acp', 9, 88, 101, 'ACP_MESSAGES', '', ''),
(11, 1, 1, '', 'acp', 9, 102, 113, 'ACP_ATTACHMENTS', '', ''),
(12, 1, 1, '', 'acp', 0, 115, 172, 'ACP_CAT_USERGROUP', '', ''),
(13, 1, 1, '', 'acp', 12, 116, 151, 'ACP_CAT_USERS', '', ''),
(14, 1, 1, '', 'acp', 12, 152, 161, 'ACP_GROUPS', '', ''),
(15, 1, 1, '', 'acp', 12, 162, 171, 'ACP_USER_SECURITY', '', ''),
(16, 1, 1, '', 'acp', 0, 173, 222, 'ACP_CAT_PERMISSIONS', '', ''),
(17, 1, 1, '', 'acp', 16, 176, 185, 'ACP_GLOBAL_PERMISSIONS', '', ''),
(18, 1, 1, '', 'acp', 16, 186, 197, 'ACP_FORUM_BASED_PERMISSIONS', '', ''),
(19, 1, 1, '', 'acp', 16, 198, 207, 'ACP_PERMISSION_ROLES', '', ''),
(20, 1, 1, '', 'acp', 16, 208, 221, 'ACP_PERMISSION_MASKS', '', ''),
(21, 1, 1, '', 'acp', 0, 223, 240, 'ACP_CAT_CUSTOMISE', '', ''),
(22, 1, 1, '', 'acp', 21, 230, 235, 'ACP_STYLE_MANAGEMENT', '', ''),
(23, 1, 1, '', 'acp', 21, 224, 229, 'ACP_EXTENSION_MANAGEMENT', '', ''),
(24, 1, 1, '', 'acp', 21, 236, 239, 'ACP_LANGUAGE', '', ''),
(25, 1, 1, '', 'acp', 0, 241, 260, 'ACP_CAT_MAINTENANCE', '', ''),
(26, 1, 1, '', 'acp', 25, 242, 251, 'ACP_FORUM_LOGS', '', ''),
(27, 1, 1, '', 'acp', 25, 252, 259, 'ACP_CAT_DATABASE', '', ''),
(28, 1, 1, '', 'acp', 0, 261, 284, 'ACP_CAT_SYSTEM', '', ''),
(29, 1, 1, '', 'acp', 28, 262, 265, 'ACP_AUTOMATION', '', ''),
(30, 1, 1, '', 'acp', 28, 266, 275, 'ACP_GENERAL_TASKS', '', ''),
(31, 1, 1, '', 'acp', 28, 276, 283, 'ACP_MODULE_MANAGEMENT', '', ''),
(32, 1, 1, '', 'acp', 0, 285, 286, 'ACP_CAT_DOT_MODS', '', ''),
(33, 1, 1, 'acp_attachments', 'acp', 3, 19, 20, 'ACP_ATTACHMENT_SETTINGS', 'attach', 'acl_a_attach'),
(34, 1, 1, 'acp_attachments', 'acp', 11, 103, 104, 'ACP_ATTACHMENT_SETTINGS', 'attach', 'acl_a_attach'),
(35, 1, 1, 'acp_attachments', 'acp', 11, 105, 106, 'ACP_MANAGE_EXTENSIONS', 'extensions', 'acl_a_attach'),
(36, 1, 1, 'acp_attachments', 'acp', 11, 107, 108, 'ACP_EXTENSION_GROUPS', 'ext_groups', 'acl_a_attach'),
(37, 1, 1, 'acp_attachments', 'acp', 11, 109, 110, 'ACP_ORPHAN_ATTACHMENTS', 'orphan', 'acl_a_attach'),
(38, 1, 1, 'acp_attachments', 'acp', 11, 111, 112, 'ACP_MANAGE_ATTACHMENTS', 'manage', 'acl_a_attach'),
(39, 1, 1, 'acp_ban', 'acp', 15, 163, 164, 'ACP_BAN_EMAILS', 'email', 'acl_a_ban'),
(40, 1, 1, 'acp_ban', 'acp', 15, 165, 166, 'ACP_BAN_IPS', 'ip', 'acl_a_ban'),
(41, 1, 1, 'acp_ban', 'acp', 15, 167, 168, 'ACP_BAN_USERNAMES', 'user', 'acl_a_ban'),
(42, 1, 1, 'acp_bbcodes', 'acp', 10, 89, 90, 'ACP_BBCODES', 'bbcodes', 'acl_a_bbcode'),
(43, 1, 1, 'acp_board', 'acp', 3, 21, 22, 'ACP_BOARD_SETTINGS', 'settings', 'acl_a_board'),
(44, 1, 1, 'acp_board', 'acp', 3, 23, 24, 'ACP_BOARD_FEATURES', 'features', 'acl_a_board'),
(45, 1, 1, 'acp_board', 'acp', 3, 25, 26, 'ACP_AVATAR_SETTINGS', 'avatar', 'acl_a_board'),
(46, 1, 1, 'acp_board', 'acp', 3, 27, 28, 'ACP_MESSAGE_SETTINGS', 'message', 'acl_a_board'),
(47, 1, 1, 'acp_board', 'acp', 10, 91, 92, 'ACP_MESSAGE_SETTINGS', 'message', 'acl_a_board'),
(48, 1, 1, 'acp_board', 'acp', 3, 29, 30, 'ACP_POST_SETTINGS', 'post', 'acl_a_board'),
(49, 1, 1, 'acp_board', 'acp', 10, 93, 94, 'ACP_POST_SETTINGS', 'post', 'acl_a_board'),
(50, 1, 1, 'acp_board', 'acp', 3, 31, 32, 'ACP_SIGNATURE_SETTINGS', 'signature', 'acl_a_board'),
(51, 1, 1, 'acp_board', 'acp', 3, 33, 34, 'ACP_FEED_SETTINGS', 'feed', 'acl_a_board'),
(52, 1, 1, 'acp_board', 'acp', 3, 35, 36, 'ACP_REGISTER_SETTINGS', 'registration', 'acl_a_board'),
(53, 1, 1, 'acp_board', 'acp', 4, 45, 46, 'ACP_AUTH_SETTINGS', 'auth', 'acl_a_server'),
(54, 1, 1, 'acp_board', 'acp', 4, 47, 48, 'ACP_EMAIL_SETTINGS', 'email', 'acl_a_server'),
(55, 1, 1, 'acp_board', 'acp', 5, 53, 54, 'ACP_COOKIE_SETTINGS', 'cookie', 'acl_a_server'),
(56, 1, 1, 'acp_board', 'acp', 5, 55, 56, 'ACP_SERVER_SETTINGS', 'server', 'acl_a_server'),
(57, 1, 1, 'acp_board', 'acp', 5, 57, 58, 'ACP_SECURITY_SETTINGS', 'security', 'acl_a_server'),
(58, 1, 1, 'acp_board', 'acp', 5, 59, 60, 'ACP_LOAD_SETTINGS', 'load', 'acl_a_server'),
(59, 1, 1, 'acp_bots', 'acp', 30, 267, 268, 'ACP_BOTS', 'bots', 'acl_a_bots'),
(60, 1, 1, 'acp_captcha', 'acp', 3, 37, 38, 'ACP_VC_SETTINGS', 'visual', 'acl_a_board'),
(61, 1, 0, 'acp_captcha', 'acp', 3, 39, 40, 'ACP_VC_CAPTCHA_DISPLAY', 'img', 'acl_a_board'),
(62, 1, 1, 'acp_contact', 'acp', 3, 41, 42, 'ACP_CONTACT_SETTINGS', 'contact', 'acl_a_board'),
(63, 1, 1, 'acp_database', 'acp', 27, 253, 254, 'ACP_BACKUP', 'backup', 'acl_a_backup'),
(64, 1, 1, 'acp_database', 'acp', 27, 255, 256, 'ACP_RESTORE', 'restore', 'acl_a_backup'),
(65, 1, 1, 'acp_disallow', 'acp', 15, 169, 170, 'ACP_DISALLOW_USERNAMES', 'usernames', 'acl_a_names'),
(66, 1, 1, 'acp_email', 'acp', 30, 269, 270, 'ACP_MASS_EMAIL', 'email', 'acl_a_email && cfg_email_enable'),
(67, 1, 1, 'acp_extensions', 'acp', 23, 225, 226, 'ACP_EXTENSIONS', 'main', 'acl_a_extensions'),
(68, 1, 1, 'acp_forums', 'acp', 7, 69, 70, 'ACP_MANAGE_FORUMS', 'manage', 'acl_a_forum'),
(69, 1, 1, 'acp_groups', 'acp', 14, 153, 154, 'ACP_GROUPS_MANAGE', 'manage', 'acl_a_group'),
(70, 1, 1, 'acp_groups', 'acp', 14, 155, 156, 'ACP_GROUPS_POSITION', 'position', 'acl_a_group'),
(71, 1, 1, 'acp_icons', 'acp', 10, 95, 96, 'ACP_ICONS', 'icons', 'acl_a_icons'),
(72, 1, 1, 'acp_icons', 'acp', 10, 97, 98, 'ACP_SMILIES', 'smilies', 'acl_a_icons'),
(73, 1, 1, 'acp_inactive', 'acp', 13, 117, 118, 'ACP_INACTIVE_USERS', 'list', 'acl_a_user'),
(74, 1, 1, 'acp_jabber', 'acp', 4, 49, 50, 'ACP_JABBER_SETTINGS', 'settings', 'acl_a_jabber'),
(75, 1, 1, 'acp_language', 'acp', 24, 237, 238, 'ACP_LANGUAGE_PACKS', 'lang_packs', 'acl_a_language'),
(76, 1, 1, 'acp_logs', 'acp', 26, 243, 244, 'ACP_ADMIN_LOGS', 'admin', 'acl_a_viewlogs'),
(77, 1, 1, 'acp_logs', 'acp', 26, 245, 246, 'ACP_MOD_LOGS', 'mod', 'acl_a_viewlogs'),
(78, 1, 1, 'acp_logs', 'acp', 26, 247, 248, 'ACP_USERS_LOGS', 'users', 'acl_a_viewlogs'),
(79, 1, 1, 'acp_logs', 'acp', 26, 249, 250, 'ACP_CRITICAL_LOGS', 'critical', 'acl_a_viewlogs'),
(80, 1, 1, 'acp_main', 'acp', 1, 2, 3, 'ACP_INDEX', 'main', ''),
(81, 1, 1, 'acp_modules', 'acp', 31, 277, 278, 'ACP', 'acp', 'acl_a_modules'),
(82, 1, 1, 'acp_modules', 'acp', 31, 279, 280, 'UCP', 'ucp', 'acl_a_modules'),
(83, 1, 1, 'acp_modules', 'acp', 31, 281, 282, 'MCP', 'mcp', 'acl_a_modules'),
(84, 1, 1, 'acp_permission_roles', 'acp', 19, 199, 200, 'ACP_ADMIN_ROLES', 'admin_roles', 'acl_a_roles && acl_a_aauth'),
(85, 1, 1, 'acp_permission_roles', 'acp', 19, 201, 202, 'ACP_USER_ROLES', 'user_roles', 'acl_a_roles && acl_a_uauth'),
(86, 1, 1, 'acp_permission_roles', 'acp', 19, 203, 204, 'ACP_MOD_ROLES', 'mod_roles', 'acl_a_roles && acl_a_mauth'),
(87, 1, 1, 'acp_permission_roles', 'acp', 19, 205, 206, 'ACP_FORUM_ROLES', 'forum_roles', 'acl_a_roles && acl_a_fauth'),
(88, 1, 1, 'acp_permissions', 'acp', 16, 174, 175, 'ACP_PERMISSIONS', 'intro', 'acl_a_authusers || acl_a_authgroups || acl_a_viewauth'),
(89, 1, 0, 'acp_permissions', 'acp', 20, 209, 210, 'ACP_PERMISSION_TRACE', 'trace', 'acl_a_viewauth'),
(90, 1, 1, 'acp_permissions', 'acp', 18, 187, 188, 'ACP_FORUM_PERMISSIONS', 'setting_forum_local', 'acl_a_fauth && (acl_a_authusers || acl_a_authgroups)'),
(91, 1, 1, 'acp_permissions', 'acp', 18, 189, 190, 'ACP_FORUM_PERMISSIONS_COPY', 'setting_forum_copy', 'acl_a_fauth && acl_a_authusers && acl_a_authgroups && acl_a_mauth'),
(92, 1, 1, 'acp_permissions', 'acp', 18, 191, 192, 'ACP_FORUM_MODERATORS', 'setting_mod_local', 'acl_a_mauth && (acl_a_authusers || acl_a_authgroups)'),
(93, 1, 1, 'acp_permissions', 'acp', 17, 177, 178, 'ACP_USERS_PERMISSIONS', 'setting_user_global', 'acl_a_authusers && (acl_a_aauth || acl_a_mauth || acl_a_uauth)'),
(94, 1, 1, 'acp_permissions', 'acp', 13, 121, 122, 'ACP_USERS_PERMISSIONS', 'setting_user_global', 'acl_a_authusers && (acl_a_aauth || acl_a_mauth || acl_a_uauth)'),
(95, 1, 1, 'acp_permissions', 'acp', 18, 193, 194, 'ACP_USERS_FORUM_PERMISSIONS', 'setting_user_local', 'acl_a_authusers && (acl_a_mauth || acl_a_fauth)'),
(96, 1, 1, 'acp_permissions', 'acp', 13, 123, 124, 'ACP_USERS_FORUM_PERMISSIONS', 'setting_user_local', 'acl_a_authusers && (acl_a_mauth || acl_a_fauth)'),
(97, 1, 1, 'acp_permissions', 'acp', 17, 179, 180, 'ACP_GROUPS_PERMISSIONS', 'setting_group_global', 'acl_a_authgroups && (acl_a_aauth || acl_a_mauth || acl_a_uauth)'),
(98, 1, 1, 'acp_permissions', 'acp', 14, 157, 158, 'ACP_GROUPS_PERMISSIONS', 'setting_group_global', 'acl_a_authgroups && (acl_a_aauth || acl_a_mauth || acl_a_uauth)'),
(99, 1, 1, 'acp_permissions', 'acp', 18, 195, 196, 'ACP_GROUPS_FORUM_PERMISSIONS', 'setting_group_local', 'acl_a_authgroups && (acl_a_mauth || acl_a_fauth)'),
(100, 1, 1, 'acp_permissions', 'acp', 14, 159, 160, 'ACP_GROUPS_FORUM_PERMISSIONS', 'setting_group_local', 'acl_a_authgroups && (acl_a_mauth || acl_a_fauth)'),
(101, 1, 1, 'acp_permissions', 'acp', 17, 181, 182, 'ACP_ADMINISTRATORS', 'setting_admin_global', 'acl_a_aauth && (acl_a_authusers || acl_a_authgroups)'),
(102, 1, 1, 'acp_permissions', 'acp', 17, 183, 184, 'ACP_GLOBAL_MODERATORS', 'setting_mod_global', 'acl_a_mauth && (acl_a_authusers || acl_a_authgroups)'),
(103, 1, 1, 'acp_permissions', 'acp', 20, 211, 212, 'ACP_VIEW_ADMIN_PERMISSIONS', 'view_admin_global', 'acl_a_viewauth'),
(104, 1, 1, 'acp_permissions', 'acp', 20, 213, 214, 'ACP_VIEW_USER_PERMISSIONS', 'view_user_global', 'acl_a_viewauth'),
(105, 1, 1, 'acp_permissions', 'acp', 20, 215, 216, 'ACP_VIEW_GLOBAL_MOD_PERMISSIONS', 'view_mod_global', 'acl_a_viewauth'),
(106, 1, 1, 'acp_permissions', 'acp', 20, 217, 218, 'ACP_VIEW_FORUM_MOD_PERMISSIONS', 'view_mod_local', 'acl_a_viewauth'),
(107, 1, 1, 'acp_permissions', 'acp', 20, 219, 220, 'ACP_VIEW_FORUM_PERMISSIONS', 'view_forum_local', 'acl_a_viewauth'),
(108, 1, 1, 'acp_php_info', 'acp', 30, 271, 272, 'ACP_PHP_INFO', 'info', 'acl_a_phpinfo'),
(109, 1, 1, 'acp_profile', 'acp', 13, 125, 126, 'ACP_CUSTOM_PROFILE_FIELDS', 'profile', 'acl_a_profile'),
(110, 1, 1, 'acp_prune', 'acp', 7, 71, 72, 'ACP_PRUNE_FORUMS', 'forums', 'acl_a_prune'),
(111, 1, 1, 'acp_prune', 'acp', 13, 127, 128, 'ACP_PRUNE_USERS', 'users', 'acl_a_userdel'),
(112, 1, 1, 'acp_ranks', 'acp', 13, 129, 130, 'ACP_MANAGE_RANKS', 'ranks', 'acl_a_ranks'),
(113, 1, 1, 'acp_reasons', 'acp', 30, 273, 274, 'ACP_MANAGE_REASONS', 'main', 'acl_a_reasons'),
(114, 1, 1, 'acp_search', 'acp', 5, 61, 62, 'ACP_SEARCH_SETTINGS', 'settings', 'acl_a_search'),
(115, 1, 1, 'acp_search', 'acp', 27, 257, 258, 'ACP_SEARCH_INDEX', 'index', 'acl_a_search'),
(116, 1, 1, 'acp_send_statistics', 'acp', 5, 63, 64, 'ACP_SEND_STATISTICS', 'send_statistics', 'acl_a_server'),
(117, 1, 1, 'acp_styles', 'acp', 22, 231, 232, 'ACP_STYLES', 'style', 'acl_a_styles'),
(118, 1, 1, 'acp_styles', 'acp', 22, 233, 234, 'ACP_STYLES_INSTALL', 'install', 'acl_a_styles'),
(119, 1, 1, 'acp_update', 'acp', 29, 263, 264, 'ACP_VERSION_CHECK', 'version_check', 'acl_a_board'),
(120, 1, 1, 'acp_users', 'acp', 13, 119, 120, 'ACP_MANAGE_USERS', 'overview', 'acl_a_user'),
(121, 1, 0, 'acp_users', 'acp', 13, 131, 132, 'ACP_USER_FEEDBACK', 'feedback', 'acl_a_user'),
(122, 1, 0, 'acp_users', 'acp', 13, 133, 134, 'ACP_USER_WARNINGS', 'warnings', 'acl_a_user'),
(123, 1, 0, 'acp_users', 'acp', 13, 135, 136, 'ACP_USER_PROFILE', 'profile', 'acl_a_user'),
(124, 1, 0, 'acp_users', 'acp', 13, 137, 138, 'ACP_USER_PREFS', 'prefs', 'acl_a_user'),
(125, 1, 0, 'acp_users', 'acp', 13, 139, 140, 'ACP_USER_AVATAR', 'avatar', 'acl_a_user'),
(126, 1, 0, 'acp_users', 'acp', 13, 141, 142, 'ACP_USER_RANK', 'rank', 'acl_a_user'),
(127, 1, 0, 'acp_users', 'acp', 13, 143, 144, 'ACP_USER_SIG', 'sig', 'acl_a_user'),
(128, 1, 0, 'acp_users', 'acp', 13, 145, 146, 'ACP_USER_GROUPS', 'groups', 'acl_a_user && acl_a_group'),
(129, 1, 0, 'acp_users', 'acp', 13, 147, 148, 'ACP_USER_PERM', 'perm', 'acl_a_user && acl_a_viewauth'),
(130, 1, 0, 'acp_users', 'acp', 13, 149, 150, 'ACP_USER_ATTACH', 'attach', 'acl_a_user'),
(131, 1, 1, 'acp_words', 'acp', 10, 99, 100, 'ACP_WORDS', 'words', 'acl_a_words'),
(132, 1, 1, 'acp_users', 'acp', 2, 5, 6, 'ACP_MANAGE_USERS', 'overview', 'acl_a_user'),
(133, 1, 1, 'acp_groups', 'acp', 2, 7, 8, 'ACP_GROUPS_MANAGE', 'manage', 'acl_a_group'),
(134, 1, 1, 'acp_forums', 'acp', 2, 9, 10, 'ACP_MANAGE_FORUMS', 'manage', 'acl_a_forum'),
(135, 1, 1, 'acp_logs', 'acp', 2, 11, 12, 'ACP_MOD_LOGS', 'mod', 'acl_a_viewlogs'),
(136, 1, 1, 'acp_bots', 'acp', 2, 13, 14, 'ACP_BOTS', 'bots', 'acl_a_bots'),
(137, 1, 1, 'acp_php_info', 'acp', 2, 15, 16, 'ACP_PHP_INFO', 'info', 'acl_a_phpinfo'),
(138, 1, 1, 'acp_permissions', 'acp', 8, 75, 76, 'ACP_FORUM_PERMISSIONS', 'setting_forum_local', 'acl_a_fauth && (acl_a_authusers || acl_a_authgroups)'),
(139, 1, 1, 'acp_permissions', 'acp', 8, 77, 78, 'ACP_FORUM_PERMISSIONS_COPY', 'setting_forum_copy', 'acl_a_fauth && acl_a_authusers && acl_a_authgroups && acl_a_mauth'),
(140, 1, 1, 'acp_permissions', 'acp', 8, 79, 80, 'ACP_FORUM_MODERATORS', 'setting_mod_local', 'acl_a_mauth && (acl_a_authusers || acl_a_authgroups)'),
(141, 1, 1, 'acp_permissions', 'acp', 8, 81, 82, 'ACP_USERS_FORUM_PERMISSIONS', 'setting_user_local', 'acl_a_authusers && (acl_a_mauth || acl_a_fauth)'),
(142, 1, 1, 'acp_permissions', 'acp', 8, 83, 84, 'ACP_GROUPS_FORUM_PERMISSIONS', 'setting_group_local', 'acl_a_authgroups && (acl_a_mauth || acl_a_fauth)'),
(143, 1, 1, '', 'mcp', 0, 1, 10, 'MCP_MAIN', '', ''),
(144, 1, 1, '', 'mcp', 0, 11, 22, 'MCP_QUEUE', '', ''),
(145, 1, 1, '', 'mcp', 0, 23, 36, 'MCP_REPORTS', '', ''),
(146, 1, 1, '', 'mcp', 0, 37, 42, 'MCP_NOTES', '', ''),
(147, 1, 1, '', 'mcp', 0, 43, 52, 'MCP_WARN', '', ''),
(148, 1, 1, '', 'mcp', 0, 53, 60, 'MCP_LOGS', '', ''),
(149, 1, 1, '', 'mcp', 0, 61, 68, 'MCP_BAN', '', ''),
(150, 1, 1, 'mcp_ban', 'mcp', 149, 62, 63, 'MCP_BAN_USERNAMES', 'user', 'acl_m_ban'),
(151, 1, 1, 'mcp_ban', 'mcp', 149, 64, 65, 'MCP_BAN_IPS', 'ip', 'acl_m_ban'),
(152, 1, 1, 'mcp_ban', 'mcp', 149, 66, 67, 'MCP_BAN_EMAILS', 'email', 'acl_m_ban'),
(153, 1, 1, 'mcp_logs', 'mcp', 148, 54, 55, 'MCP_LOGS_FRONT', 'front', 'acl_m_ || aclf_m_'),
(154, 1, 1, 'mcp_logs', 'mcp', 148, 56, 57, 'MCP_LOGS_FORUM_VIEW', 'forum_logs', 'acl_m_,$id'),
(155, 1, 1, 'mcp_logs', 'mcp', 148, 58, 59, 'MCP_LOGS_TOPIC_VIEW', 'topic_logs', 'acl_m_,$id'),
(156, 1, 1, 'mcp_main', 'mcp', 143, 2, 3, 'MCP_MAIN_FRONT', 'front', ''),
(157, 1, 1, 'mcp_main', 'mcp', 143, 4, 5, 'MCP_MAIN_FORUM_VIEW', 'forum_view', 'acl_m_,$id'),
(158, 1, 1, 'mcp_main', 'mcp', 143, 6, 7, 'MCP_MAIN_TOPIC_VIEW', 'topic_view', 'acl_m_,$id'),
(159, 1, 1, 'mcp_main', 'mcp', 143, 8, 9, 'MCP_MAIN_POST_DETAILS', 'post_details', 'acl_m_,$id || (!$id && aclf_m_)'),
(160, 1, 1, 'mcp_notes', 'mcp', 146, 38, 39, 'MCP_NOTES_FRONT', 'front', ''),
(161, 1, 1, 'mcp_notes', 'mcp', 146, 40, 41, 'MCP_NOTES_USER', 'user_notes', ''),
(162, 1, 1, 'mcp_pm_reports', 'mcp', 145, 30, 31, 'MCP_PM_REPORTS_OPEN', 'pm_reports', 'aclf_m_report'),
(163, 1, 1, 'mcp_pm_reports', 'mcp', 145, 32, 33, 'MCP_PM_REPORTS_CLOSED', 'pm_reports_closed', 'aclf_m_report'),
(164, 1, 1, 'mcp_pm_reports', 'mcp', 145, 34, 35, 'MCP_PM_REPORT_DETAILS', 'pm_report_details', 'aclf_m_report'),
(165, 1, 1, 'mcp_queue', 'mcp', 144, 12, 13, 'MCP_QUEUE_UNAPPROVED_TOPICS', 'unapproved_topics', 'aclf_m_approve'),
(166, 1, 1, 'mcp_queue', 'mcp', 144, 14, 15, 'MCP_QUEUE_UNAPPROVED_POSTS', 'unapproved_posts', 'aclf_m_approve'),
(167, 1, 1, 'mcp_queue', 'mcp', 144, 16, 17, 'MCP_QUEUE_DELETED_TOPICS', 'deleted_topics', 'aclf_m_approve'),
(168, 1, 1, 'mcp_queue', 'mcp', 144, 18, 19, 'MCP_QUEUE_DELETED_POSTS', 'deleted_posts', 'aclf_m_approve'),
(169, 1, 1, 'mcp_queue', 'mcp', 144, 20, 21, 'MCP_QUEUE_APPROVE_DETAILS', 'approve_details', 'acl_m_approve,$id || (!$id && aclf_m_approve)'),
(170, 1, 1, 'mcp_reports', 'mcp', 145, 24, 25, 'MCP_REPORTS_OPEN', 'reports', 'aclf_m_report'),
(171, 1, 1, 'mcp_reports', 'mcp', 145, 26, 27, 'MCP_REPORTS_CLOSED', 'reports_closed', 'aclf_m_report'),
(172, 1, 1, 'mcp_reports', 'mcp', 145, 28, 29, 'MCP_REPORT_DETAILS', 'report_details', 'acl_m_report,$id || (!$id && aclf_m_report)'),
(173, 1, 1, 'mcp_warn', 'mcp', 147, 44, 45, 'MCP_WARN_FRONT', 'front', 'aclf_m_warn'),
(174, 1, 1, 'mcp_warn', 'mcp', 147, 46, 47, 'MCP_WARN_LIST', 'list', 'aclf_m_warn'),
(175, 1, 1, 'mcp_warn', 'mcp', 147, 48, 49, 'MCP_WARN_USER', 'warn_user', 'aclf_m_warn'),
(176, 1, 1, 'mcp_warn', 'mcp', 147, 50, 51, 'MCP_WARN_POST', 'warn_post', 'acl_m_warn && acl_f_read,$id'),
(177, 1, 1, '', 'ucp', 0, 1, 14, 'UCP_MAIN', '', ''),
(178, 1, 1, '', 'ucp', 0, 15, 28, 'UCP_PROFILE', '', ''),
(179, 1, 1, '', 'ucp', 0, 29, 38, 'UCP_PREFS', '', ''),
(180, 1, 1, 'ucp_pm', 'ucp', 0, 39, 48, 'UCP_PM', '', ''),
(181, 1, 1, '', 'ucp', 0, 49, 54, 'UCP_USERGROUPS', '', ''),
(182, 1, 1, '', 'ucp', 0, 55, 60, 'UCP_ZEBRA', '', ''),
(183, 1, 1, 'ucp_attachments', 'ucp', 177, 10, 11, 'UCP_MAIN_ATTACHMENTS', 'attachments', 'acl_u_attach'),
(184, 1, 1, 'ucp_auth_link', 'ucp', 178, 26, 27, 'UCP_AUTH_LINK_MANAGE', 'auth_link', 'authmethod_oauth'),
(185, 1, 1, 'ucp_groups', 'ucp', 181, 50, 51, 'UCP_USERGROUPS_MEMBER', 'membership', ''),
(186, 1, 1, 'ucp_groups', 'ucp', 181, 52, 53, 'UCP_USERGROUPS_MANAGE', 'manage', ''),
(187, 1, 1, 'ucp_main', 'ucp', 177, 2, 3, 'UCP_MAIN_FRONT', 'front', ''),
(188, 1, 1, 'ucp_main', 'ucp', 177, 4, 5, 'UCP_MAIN_SUBSCRIBED', 'subscribed', ''),
(189, 1, 1, 'ucp_main', 'ucp', 177, 6, 7, 'UCP_MAIN_BOOKMARKS', 'bookmarks', 'cfg_allow_bookmarks'),
(190, 1, 1, 'ucp_main', 'ucp', 177, 8, 9, 'UCP_MAIN_DRAFTS', 'drafts', ''),
(191, 1, 1, 'ucp_notifications', 'ucp', 179, 36, 37, 'UCP_NOTIFICATION_OPTIONS', 'notification_options', ''),
(192, 1, 1, 'ucp_notifications', 'ucp', 177, 12, 13, 'UCP_NOTIFICATION_LIST', 'notification_list', ''),
(193, 1, 0, 'ucp_pm', 'ucp', 180, 40, 41, 'UCP_PM_VIEW', 'view', 'cfg_allow_privmsg'),
(194, 1, 1, 'ucp_pm', 'ucp', 180, 42, 43, 'UCP_PM_COMPOSE', 'compose', 'cfg_allow_privmsg'),
(195, 1, 1, 'ucp_pm', 'ucp', 180, 44, 45, 'UCP_PM_DRAFTS', 'drafts', 'cfg_allow_privmsg'),
(196, 1, 1, 'ucp_pm', 'ucp', 180, 46, 47, 'UCP_PM_OPTIONS', 'options', 'cfg_allow_privmsg'),
(197, 1, 1, 'ucp_prefs', 'ucp', 179, 30, 31, 'UCP_PREFS_PERSONAL', 'personal', ''),
(198, 1, 1, 'ucp_prefs', 'ucp', 179, 32, 33, 'UCP_PREFS_POST', 'post', ''),
(199, 1, 1, 'ucp_prefs', 'ucp', 179, 34, 35, 'UCP_PREFS_VIEW', 'view', ''),
(200, 1, 1, 'ucp_profile', 'ucp', 178, 16, 17, 'UCP_PROFILE_PROFILE_INFO', 'profile_info', 'acl_u_chgprofileinfo'),
(201, 1, 1, 'ucp_profile', 'ucp', 178, 18, 19, 'UCP_PROFILE_SIGNATURE', 'signature', 'acl_u_sig'),
(202, 1, 1, 'ucp_profile', 'ucp', 178, 20, 21, 'UCP_PROFILE_AVATAR', 'avatar', 'cfg_allow_avatar'),
(203, 1, 1, 'ucp_profile', 'ucp', 178, 22, 23, 'UCP_PROFILE_REG_DETAILS', 'reg_details', ''),
(204, 1, 1, 'ucp_profile', 'ucp', 178, 24, 25, 'UCP_PROFILE_AUTOLOGIN_KEYS', 'autologin_keys', ''),
(205, 1, 1, 'ucp_zebra', 'ucp', 182, 56, 57, 'UCP_ZEBRA_FRIENDS', 'friends', ''),
(206, 1, 1, 'ucp_zebra', 'ucp', 182, 58, 59, 'UCP_ZEBRA_FOES', 'foes', ''),
(207, 1, 1, '\\boardtools\\upload\\acp\\upload_module', 'acp', 23, 227, 228, 'ACP_UPLOAD_EXT_CONFIG_TITLE', 'main', 'ext_boardtools/upload && acl_a_extensions'),
(208, 1, 1, '', 'acp', 0, 287, 356, 'ACP_PORTAL_TITLE', '', ''),
(209, 1, 1, '', 'acp', 208, 288, 291, 'ACP_CONFIG_TITLE', '', ''),
(210, 1, 1, '', 'acp', 208, 292, 315, 'ACP_BLOCKS_TITLE', '', ''),
(211, 1, 1, '', 'acp', 208, 316, 337, 'ACP_MENUS_TITLE', '', ''),
(212, 1, 1, '', 'acp', 208, 338, 347, 'ACP_PAGES_TITLE', '', ''),
(213, 1, 1, '', 'acp', 208, 348, 351, 'ACP_RESOURCES_TITLE', '', ''),
(214, 1, 1, '', 'acp', 208, 352, 355, 'ACP_VARS_TITLE', '', ''),
(215, 1, 1, '\\phpbbireland\\portal\\acp\\config_module', 'acp', 209, 289, 290, 'ACP_PORTAL_CONFIG', 'config_portal', 'ext_phpbbireland/portal && acl_a_k_portal'),
(216, 1, 1, '\\phpbbireland\\portal\\acp\\blocks_module', 'acp', 210, 293, 294, 'ACP_K_BLOCKS_ADD', 'add', 'ext_phpbbireland/portal && acl_a_k_portal'),
(217, 1, 0, '\\phpbbireland\\portal\\acp\\blocks_module', 'acp', 210, 295, 296, 'ACP_K_BLOCKS_EDIT', 'edit', 'ext_phpbbireland/portal && acl_a_k_portal'),
(218, 1, 0, '\\phpbbireland\\portal\\acp\\blocks_module', 'acp', 210, 297, 298, 'ACP_K_BLOCKS_DELETE', 'delete', 'ext_phpbbireland/portal && acl_a_k_portal'),
(219, 1, 0, '\\phpbbireland\\portal\\acp\\blocks_module', 'acp', 210, 299, 300, 'ACP_K_UP', 'up', 'ext_phpbbireland/portal && acl_a_k_portal'),
(220, 1, 0, '\\phpbbireland\\portal\\acp\\blocks_module', 'acp', 210, 301, 302, 'ACP_K_DOWN', 'down', 'ext_phpbbireland/portal && acl_a_k_portal'),
(221, 1, 0, '\\phpbbireland\\portal\\acp\\blocks_module', 'acp', 210, 303, 304, 'ACP_K_BLOCKS_REINDEX', 'reindex', 'ext_phpbbireland/portal && acl_a_k_portal'),
(222, 1, 1, '\\phpbbireland\\portal\\acp\\blocks_module', 'acp', 210, 305, 306, 'ACP_K_PAGE_LEFT_BLOCKS', 'L', 'ext_phpbbireland/portal && acl_a_k_portal'),
(223, 1, 1, '\\phpbbireland\\portal\\acp\\blocks_module', 'acp', 210, 307, 308, 'ACP_K_PAGE_CERTRE_BLOCKS', 'C', 'ext_phpbbireland/portal && acl_a_k_portal'),
(224, 1, 1, '\\phpbbireland\\portal\\acp\\blocks_module', 'acp', 210, 309, 310, 'ACP_K_PAGE_RIGHT_BLOCKS', 'R', 'ext_phpbbireland/portal && acl_a_k_portal'),
(225, 1, 1, '\\phpbbireland\\portal\\acp\\blocks_module', 'acp', 210, 311, 312, 'ACP_K_BLOCKS_MANAGE', 'manage', 'ext_phpbbireland/portal && acl_a_k_portal'),
(226, 1, 1, '\\phpbbireland\\portal\\acp\\blocks_module', 'acp', 210, 313, 314, 'ACP_K_BLOCKS_RESET', 'reset', 'ext_phpbbireland/portal && acl_a_k_portal'),
(227, 1, 1, '\\phpbbireland\\portal\\acp\\menus_module', 'acp', 211, 317, 318, 'ACP_K_MENU_ADD', 'add', 'ext_phpbbireland/portal && acl_a_k_portal'),
(228, 1, 1, '\\phpbbireland\\portal\\acp\\menus_module', 'acp', 211, 319, 320, 'ACP_K_MENU_MAIN', 'nav', 'ext_phpbbireland/portal && acl_a_k_portal'),
(229, 1, 1, '\\phpbbireland\\portal\\acp\\menus_module', 'acp', 211, 321, 322, 'ACP_K_MENU_SUB', 'sub', 'ext_phpbbireland/portal && acl_a_k_portal'),
(230, 1, 1, '\\phpbbireland\\portal\\acp\\menus_module', 'acp', 211, 323, 324, 'ACP_K_MENU_LINKS', 'link', 'ext_phpbbireland/portal && acl_a_k_portal'),
(231, 1, 0, '\\phpbbireland\\portal\\acp\\menus_module', 'acp', 211, 325, 326, 'ACP_K_MENU_EDIT', 'edit', 'ext_phpbbireland/portal && acl_a_k_portal'),
(232, 1, 0, '\\phpbbireland\\portal\\acp\\menus_module', 'acp', 211, 327, 328, 'ACP_K_MENU_DELETE', 'delete', 'ext_phpbbireland/portal && acl_a_k_portal'),
(233, 1, 0, '\\phpbbireland\\portal\\acp\\menus_module', 'acp', 211, 329, 330, 'ACP_K_UP', 'up', 'ext_phpbbireland/portal && acl_a_k_portal'),
(234, 1, 0, '\\phpbbireland\\portal\\acp\\menus_module', 'acp', 211, 331, 332, 'ACP_K_DOWN', 'down', 'ext_phpbbireland/portal && acl_a_k_portal'),
(235, 1, 1, '\\phpbbireland\\portal\\acp\\menus_module', 'acp', 211, 333, 334, 'ACP_K_MENU_ALL', 'all', 'ext_phpbbireland/portal && acl_a_k_portal'),
(236, 1, 1, '\\phpbbireland\\portal\\acp\\menus_module', 'acp', 211, 335, 336, 'ACP_K_MENU_UNALLOCATED', 'unalloc', 'ext_phpbbireland/portal && acl_a_k_portal'),
(237, 1, 0, '\\phpbbireland\\portal\\acp\\pages_module', 'acp', 212, 339, 340, 'ACP_K_PAGES_ADD', 'add', 'ext_phpbbireland/portal && acl_a_k_portal'),
(238, 1, 0, '\\phpbbireland\\portal\\acp\\pages_module', 'acp', 212, 341, 342, 'ACP_K_PAGES_DELETE', 'delete', 'ext_phpbbireland/portal && acl_a_k_portal'),
(239, 1, 0, '\\phpbbireland\\portal\\acp\\pages_module', 'acp', 212, 343, 344, 'ACP_K_PAGES_LAND', 'land', 'ext_phpbbireland/portal && acl_a_k_portal'),
(240, 1, 1, '\\phpbbireland\\portal\\acp\\pages_module', 'acp', 212, 345, 346, 'ACP_K_PAGES_MANAGE', 'manage', 'ext_phpbbireland/portal && acl_a_k_portal'),
(241, 1, 1, '\\phpbbireland\\portal\\acp\\resources_module', 'acp', 213, 349, 350, 'ACP_K_RESOURCES', 'select', 'ext_phpbbireland/portal && acl_a_k_portal'),
(242, 1, 1, '\\phpbbireland\\portal\\acp\\vars_module', 'acp', 214, 353, 354, 'ACP_VARS_CONFIG', 'manage', 'ext_phpbbireland/portal && acl_a_k_portal'),
(243, 1, 1, '', 'ucp', 0, 61, 72, 'UCP_PORTAL_TITLE', '', ''),
(244, 1, 1, '\\phpbbireland\\portal\\ucp\\portal_module', 'ucp', 243, 62, 63, 'UCP_K_BLOCKS_INFO', 'info', 'ext_phpbbireland/portal && acl_u_k_portal'),
(245, 1, 1, '\\phpbbireland\\portal\\ucp\\portal_module', 'ucp', 243, 64, 65, 'UCP_K_BLOCKS_ARRANGE', 'arrange', 'ext_phpbbireland/portal && acl_u_k_portal'),
(246, 1, 1, '\\phpbbireland\\portal\\ucp\\portal_module', 'ucp', 243, 66, 67, 'UCP_K_BLOCKS_EDIT', 'edit', 'ext_phpbbireland/portal && acl_u_k_portal'),
(247, 1, 1, '\\phpbbireland\\portal\\ucp\\portal_module', 'ucp', 243, 68, 69, 'UCP_K_BLOCKS_DELETE', 'delete', 'ext_phpbbireland/portal && acl_u_k_portal'),
(248, 1, 1, '\\phpbbireland\\portal\\ucp\\portal_module', 'ucp', 243, 70, 71, 'UCP_K_BLOCKS_WIDTH', 'width', 'ext_phpbbireland/portal && acl_u_k_portal');

-- --------------------------------------------------------

--
-- Структура таблицы `phpbb_notification_types`
--

CREATE TABLE IF NOT EXISTS `phpbb_notification_types` (
  `notification_type_id` smallint(4) unsigned NOT NULL AUTO_INCREMENT,
  `notification_type_name` varchar(255) COLLATE utf8_bin NOT NULL DEFAULT '',
  `notification_type_enabled` tinyint(1) unsigned NOT NULL DEFAULT '1',
  PRIMARY KEY (`notification_type_id`),
  UNIQUE KEY `type` (`notification_type_name`)
) ENGINE=MyISAM  DEFAULT CHARSET=utf8 COLLATE=utf8_bin AUTO_INCREMENT=19 ;

--
-- Дамп данных таблицы `phpbb_notification_types`
--

INSERT INTO `phpbb_notification_types` (`notification_type_id`, `notification_type_name`, `notification_type_enabled`) VALUES
(1, 'notification.type.topic', 1),
(2, 'notification.type.approve_topic', 1),
(3, 'notification.type.quote', 1),
(4, 'notification.type.bookmark', 1),
(5, 'notification.type.post', 1),
(6, 'notification.type.approve_post', 1),
(7, 'notification.type.admin_activate_user', 1),
(8, 'notification.type.post_in_queue', 1),
(9, 'notification.type.topic_in_queue', 1),
(10, 'notification.type.group_request', 1),
(11, 'notification.type.disapprove_post', 1),
(12, 'notification.type.disapprove_topic', 1),
(13, 'notification.type.group_request_approved', 1),
(14, 'notification.type.pm', 1),
(15, 'notification.type.report_pm', 1),
(16, 'notification.type.report_pm_closed', 1),
(17, 'notification.type.report_post', 1),
(18, 'notification.type.report_post_closed', 1);

-- --------------------------------------------------------

--
-- Структура таблицы `phpbb_notifications`
--

CREATE TABLE IF NOT EXISTS `phpbb_notifications` (
  `notification_id` int(10) unsigned NOT NULL AUTO_INCREMENT,
  `notification_type_id` smallint(4) unsigned NOT NULL DEFAULT '0',
  `item_id` mediumint(8) unsigned NOT NULL DEFAULT '0',
  `item_parent_id` mediumint(8) unsigned NOT NULL DEFAULT '0',
  `user_id` mediumint(8) unsigned NOT NULL DEFAULT '0',
  `notification_read` tinyint(1) unsigned NOT NULL DEFAULT '0',
  `notification_time` int(11) unsigned NOT NULL DEFAULT '1',
  `notification_data` text COLLATE utf8_bin NOT NULL,
  PRIMARY KEY (`notification_id`),
  KEY `item_ident` (`notification_type_id`,`item_id`),
  KEY `user` (`user_id`,`notification_read`)
) ENGINE=MyISAM  DEFAULT CHARSET=utf8 COLLATE=utf8_bin AUTO_INCREMENT=16 ;

--
-- Дамп данных таблицы `phpbb_notifications`
--

INSERT INTO `phpbb_notifications` (`notification_id`, `notification_type_id`, `item_id`, `item_parent_id`, `user_id`, `notification_read`, `notification_time`, `notification_data`) VALUES
(10, 5, 13, 7, 53, 0, 1436626372, 'a:6:{s:9:"poster_id";i:50;s:11:"topic_title";s:35:"армения знакомства";s:12:"post_subject";s:39:"Re: армения знакомства";s:13:"post_username";s:0:"";s:8:"forum_id";i:2;s:10:"forum_name";s:18:"Флудильня";}'),
(11, 5, 25, 16, 58, 0, 1436720844, 'a:6:{s:9:"poster_id";i:64;s:11:"topic_title";s:42:"клубничка интим товары";s:12:"post_subject";s:46:"Re: клубничка интим товары";s:13:"post_username";s:0:"";s:8:"forum_id";i:4;s:10:"forum_name";s:15:"Новости?";}');

-- --------------------------------------------------------

--
-- Структура таблицы `phpbb_oauth_accounts`
--

CREATE TABLE IF NOT EXISTS `phpbb_oauth_accounts` (
  `user_id` mediumint(8) unsigned NOT NULL DEFAULT '0',
  `provider` varchar(255) COLLATE utf8_bin NOT NULL DEFAULT '',
  `oauth_provider_id` text COLLATE utf8_bin NOT NULL,
  PRIMARY KEY (`user_id`,`provider`)
) ENGINE=MyISAM DEFAULT CHARSET=utf8 COLLATE=utf8_bin;

-- --------------------------------------------------------

--
-- Структура таблицы `phpbb_oauth_tokens`
--

CREATE TABLE IF NOT EXISTS `phpbb_oauth_tokens` (
  `user_id` mediumint(8) unsigned NOT NULL DEFAULT '0',
  `session_id` char(32) COLLATE utf8_bin NOT NULL DEFAULT '',
  `provider` varchar(255) COLLATE utf8_bin NOT NULL DEFAULT '',
  `oauth_token` mediumtext COLLATE utf8_bin NOT NULL,
  KEY `user_id` (`user_id`),
  KEY `provider` (`provider`)
) ENGINE=MyISAM DEFAULT CHARSET=utf8 COLLATE=utf8_bin;

-- --------------------------------------------------------

--
-- Структура таблицы `phpbb_poll_options`
--

CREATE TABLE IF NOT EXISTS `phpbb_poll_options` (
  `poll_option_id` tinyint(4) NOT NULL DEFAULT '0',
  `topic_id` mediumint(8) unsigned NOT NULL DEFAULT '0',
  `poll_option_text` text COLLATE utf8_bin NOT NULL,
  `poll_option_total` mediumint(8) unsigned NOT NULL DEFAULT '0',
  KEY `poll_opt_id` (`poll_option_id`),
  KEY `topic_id` (`topic_id`)
) ENGINE=MyISAM DEFAULT CHARSET=utf8 COLLATE=utf8_bin;

-- --------------------------------------------------------

--
-- Структура таблицы `phpbb_poll_votes`
--

CREATE TABLE IF NOT EXISTS `phpbb_poll_votes` (
  `topic_id` mediumint(8) unsigned NOT NULL DEFAULT '0',
  `poll_option_id` tinyint(4) NOT NULL DEFAULT '0',
  `vote_user_id` mediumint(8) unsigned NOT NULL DEFAULT '0',
  `vote_user_ip` varchar(40) COLLATE utf8_bin NOT NULL DEFAULT '',
  KEY `topic_id` (`topic_id`),
  KEY `vote_user_id` (`vote_user_id`),
  KEY `vote_user_ip` (`vote_user_ip`)
) ENGINE=MyISAM DEFAULT CHARSET=utf8 COLLATE=utf8_bin;

-- --------------------------------------------------------

--
-- Структура таблицы `phpbb_posts`
--

CREATE TABLE IF NOT EXISTS `phpbb_posts` (
  `post_id` mediumint(8) unsigned NOT NULL AUTO_INCREMENT,
  `topic_id` mediumint(8) unsigned NOT NULL DEFAULT '0',
  `forum_id` mediumint(8) unsigned NOT NULL DEFAULT '0',
  `poster_id` mediumint(8) unsigned NOT NULL DEFAULT '0',
  `icon_id` mediumint(8) unsigned NOT NULL DEFAULT '0',
  `poster_ip` varchar(40) COLLATE utf8_bin NOT NULL DEFAULT '',
  `post_time` int(11) unsigned NOT NULL DEFAULT '0',
  `post_reported` tinyint(1) unsigned NOT NULL DEFAULT '0',
  `enable_bbcode` tinyint(1) unsigned NOT NULL DEFAULT '1',
  `enable_smilies` tinyint(1) unsigned NOT NULL DEFAULT '1',
  `enable_magic_url` tinyint(1) unsigned NOT NULL DEFAULT '1',
  `enable_sig` tinyint(1) unsigned NOT NULL DEFAULT '1',
  `post_username` varchar(255) COLLATE utf8_bin NOT NULL DEFAULT '',
  `post_subject` varchar(255) CHARACTER SET utf8 COLLATE utf8_unicode_ci NOT NULL DEFAULT '',
  `post_text` mediumtext COLLATE utf8_bin NOT NULL,
  `post_checksum` varchar(32) COLLATE utf8_bin NOT NULL DEFAULT '',
  `post_attachment` tinyint(1) unsigned NOT NULL DEFAULT '0',
  `bbcode_bitfield` varchar(255) COLLATE utf8_bin NOT NULL DEFAULT '',
  `bbcode_uid` varchar(8) COLLATE utf8_bin NOT NULL DEFAULT '',
  `post_postcount` tinyint(1) unsigned NOT NULL DEFAULT '1',
  `post_edit_time` int(11) unsigned NOT NULL DEFAULT '0',
  `post_edit_reason` varchar(255) COLLATE utf8_bin NOT NULL DEFAULT '',
  `post_edit_user` mediumint(8) unsigned NOT NULL DEFAULT '0',
  `post_edit_count` smallint(4) unsigned NOT NULL DEFAULT '0',
  `post_edit_locked` tinyint(1) unsigned NOT NULL DEFAULT '0',
  `post_visibility` tinyint(3) NOT NULL DEFAULT '0',
  `post_delete_time` int(11) unsigned NOT NULL DEFAULT '0',
  `post_delete_reason` varchar(255) COLLATE utf8_bin NOT NULL DEFAULT '',
  `post_delete_user` mediumint(8) unsigned NOT NULL DEFAULT '0',
  PRIMARY KEY (`post_id`),
  KEY `forum_id` (`forum_id`),
  KEY `topic_id` (`topic_id`),
  KEY `poster_ip` (`poster_ip`),
  KEY `poster_id` (`poster_id`),
  KEY `tid_post_time` (`topic_id`,`post_time`),
  KEY `post_username` (`post_username`),
  KEY `post_visibility` (`post_visibility`)
) ENGINE=MyISAM  DEFAULT CHARSET=utf8 COLLATE=utf8_bin AUTO_INCREMENT=106 ;

--
-- Дамп данных таблицы `phpbb_posts`
--

INSERT INTO `phpbb_posts` (`post_id`, `topic_id`, `forum_id`, `poster_id`, `icon_id`, `poster_ip`, `post_time`, `post_reported`, `enable_bbcode`, `enable_smilies`, `enable_magic_url`, `enable_sig`, `post_username`, `post_subject`, `post_text`, `post_checksum`, `post_attachment`, `bbcode_bitfield`, `bbcode_uid`, `post_postcount`, `post_edit_time`, `post_edit_reason`, `post_edit_user`, `post_edit_count`, `post_edit_locked`, `post_visibility`, `post_delete_time`, `post_delete_reason`, `post_delete_user`) VALUES
(1, 1, 2, 2, 6, '195.135.239.4', 1435523269, 0, 1, 1, 1, 1, '', 'Добро пожаловать на форумы разработчиков видеоигр 1979!', 'Доброе утро, братки.\nРасклад такой: &quot;Инвайдеры&quot; рубят нехилые бабки, и босс говорит держать нос по ветру, если мы не хотим оплачивать дискотеки из собственных денег. Нам нужны персики, перчики!\nПока не придумаем десять игр, из этой комнаты ни шагу. Итак, что у нас есть?', '09e675b6b92b8f17ce27e375415484a9', 0, '', '1ogfmvb4', 1, 0, '', 0, 0, 0, 1, 1435528980, '', 48),
(2, 2, 4, 2, 0, '83.220.238.125', 1435570404, 0, 1, 1, 1, 1, '', 'Мысли по поводу и не очень.', 'Итак, [b:2cxu253e]форум запущен[/b:2cxu253e]. Все предложения можно оставить тут, либо где-то еще, но не факт, что все будет услышано в этом ''где-то еще''.\nПохоже, что наша цель в каком-то плане ''Догнать И Перегнать'' всяких прочих, и, если я не прав, поправьте меня. В ближайшем будущем хотелось бы создать аналог некогда почившего без времени ''Темного'' форума, которым руководил DarkRider, с небольшим дополнением в виде микроблогов, отсеченных от основного форума, наподобие rpgmaker.net.\nОднако, уже скоро, при таком подходе, встанет вопрос о расширении, так как свободного пространства в связи с архивом игр Антберга очень мало.\nС другой стороны важной задачей является сплочение коллектива в рамках единого физического рабочего пространства, и здесь, боюсь, нам не помогут ни форум, ни микроблоги. Все предложения по этому вопросу также будут рассмотрены.\nНадеюсь, что в скором времени настанет час, когда мы повернем судьбу в нужном направлении.\nНе падайте духом, господа. С вами был, как всегда на энтузиазме, Syrax.', '91b6b2fca75ce04142d53a8036041497', 0, 'QA==', '2cxu253e', 1, 0, '', 0, 0, 0, 1, 0, '', 0),
(4, 4, 6, 50, 0, '77.35.120.207', 1435644955, 0, 1, 1, 1, 1, '', 'Reflection', 'Долгострой, который ждал его - нового форума!\nПсевдосовременный мир.\nДискретное передвижение с видом от первого лица.\nПартия героев.\nИ вообще Персона.\nАпдейты каждый день.', '924def9c4cf8a7a139d660a37d152add', 0, '', '12cley6t', 1, 0, '', 0, 0, 0, 1, 0, '', 0),
(10, 6, 2, 50, 0, '77.35.137.79', 1436258662, 0, 1, 1, 1, 1, '', 'Re: Культ сорванной каски, или что слушаем...', 'Корней Чуковский – Крокодил (читает автор)', 'a3f4b914d9e0c5416f232257440f5b64', 0, '', '1hert1gs', 1, 0, '', 0, 0, 0, 1, 0, '', 0),
(6, 2, 4, 48, 0, '46.138.240.156', 1436130634, 0, 1, 1, 1, 1, '', 'Re: Мысли по поводу и не очень.', 'Конечно наша цель не всем понравиться, особенно кое-каким рыжим, но все же... я даже почти что готов ее поддержать в какой-то мере. Ибо ношу лэйбл бывшего ГДСА на своей шапке и пихаю его логотип в свои игры.\nОсталось затащить сюда ряд людей, и труп Антберга, если он уже того. Но я надеюсь что нет.\nС вами тоже был, Fox.', '17e62c0bffa230c2180ffbf16449f238', 0, '', '28k6wpnd', 1, 0, '', 0, 0, 0, 1, 0, '', 0),
(7, 1, 2, 48, 0, '46.138.240.156', 1436130802, 0, 1, 1, 1, 1, '', 'Re: Добро пожаловать на форумы разработчиков видеоигр 1979!', 'У нас есть... бутылка пива и Скарлепаск. Пока мало.', '81ba749cf0c1b49be9a8264ed1720a3b', 0, '', '46zd1s5q', 1, 0, '', 0, 0, 0, 1, 0, '', 0),
(8, 6, 2, 48, 5, '46.138.240.156', 1436131066, 0, 1, 1, 1, 1, '', 'Культ сорванной каски, или что слушаем...', 'Я не знаю, что побуждаем меня называть темы ЭТИМИ названиями. Но я просто не мог не.\nИтак, на данный момент у меня в ушах звенят...\n\n[b:1gh8ihhw]Foxes - Let Go for Tonight[/b:1gh8ihhw]\n<!-- m --><a class="postlink" href="http://www.youtube.com/watch?v=Pecj5GGjQi8">http://www.youtube.com/watch?v=Pecj5GGjQi8</a><!-- m -->', 'd0e2e3f6a45402d6c0212f4fda6cc9a5', 0, 'QA==', '1gh8ihhw', 1, 0, '', 0, 0, 0, 1, 0, '', 0),
(9, 4, 6, 48, 0, '46.138.240.156', 1436131118, 0, 1, 1, 1, 1, '', 'Re: Reflection', 'Не могу дождаться )', 'd3e7a7cb0856a344db98435d9e94903f', 0, '', '53m0948j', 1, 0, '', 0, 0, 0, 1, 0, '', 0),
(11, 6, 2, 2, 0, '195.135.239.4', 1436606928, 0, 1, 1, 1, 1, '', 'Re: Культ сорванной каски, или что слушаем...', 'Green Day — Barbie Girl (ft. Ska-P)', '2cf04045409c570a9f79865d61aba927', 0, '', '3qy50fnk', 1, 0, '', 0, 0, 0, 1, 0, '', 0),
(71, 64, 4, 2, 0, '195.135.239.4', 1437173497, 0, 1, 1, 1, 1, '', 'Атака спам-ботов.', 'Атака была остановлена. Форум почищен. Зарегистрирована reCaptcha производства Google. Удалены все подозрительные пользователи, кроме одного: VocatiLaw. Если ты реальный человек, просьба сообщить об этом ответом в данной теме.', '1c801acf5575d6ac44c14eb8ca061665', 0, '', '2n2ur5x1', 1, 0, '', 0, 0, 0, 1, 0, '', 0),
(79, 64, 4, 64, 0, '217.115.180.30', 1437552834, 0, 1, 1, 1, 1, '', 'Re: Атака спам-ботов.', 'Алюка, не факт что это бот. -)', '28f1e6dc84ff097c4b937152fa789bf0', 0, '', '2bjnb2d5', 1, 0, '', 0, 0, 0, 1, 0, '', 0),
(80, 64, 4, 2, 0, '83.220.236.175', 1437577585, 0, 1, 1, 1, 1, '', 'Re: Атака спам-ботов.', 'Кто бы/что бы там ни было аккаунт удалил.', '165820dea8602c5c9828b7b5282b0e0d', 0, '', '2x1jycp4', 1, 0, '', 0, 0, 0, 1, 0, '', 0),
(81, 64, 4, 48, 0, '91.76.14.61', 1437582275, 0, 1, 1, 1, 1, '', 'Re: Атака спам-ботов.', 'Не дали боту шанс побыть человеком (', '7004a645ab5cfb285080a0bf69e72e7c', 0, '', '3btht6y2', 1, 0, '', 0, 0, 0, 1, 0, '', 0),
(82, 2, 4, 114, 0, '37.193.199.28', 1438002749, 0, 1, 1, 1, 1, '', 'Re: Мысли по поводу и не очень.', 'Обалдеть. ) Ну спасибо. ))) Да я жив, просто как водится, медитирую тут в реалах. Но творческий порыв никуда не делся! И как раз вот думал, что хорошо бы снова форум какой-нибудь появился. Так что совпадение довольно крутое. Кое какие творческие планы как раз есть, постараюсь действительно не падать духом, и как-то поучавствовать. Кстати, всем привет!', '7d26795fc6c748bc51791f0fb1be9607', 0, '', 'xbbrdkv1', 1, 0, '', 0, 0, 0, 1, 0, '', 0),
(78, 64, 4, 50, 0, '77.34.162.179', 1437368382, 0, 1, 1, 1, 1, '', 'Re: Атака спам-ботов.', 'VocatiLaw в соседнем треде рекламирует женскую одежду.', '2515e59b03cd798c032fc70ae79ea2b9', 0, '', '5owzmp07', 1, 0, '', 0, 0, 0, 1, 0, '', 0),
(83, 6, 2, 114, 0, '37.193.199.28', 1438005318, 0, 1, 1, 1, 1, '', 'Re: Культ сорванной каски, или что слушаем...', 'Эдита Пьеха – Манжерок', 'a74f213be56fd82a79676db15c4ba076', 0, '', '3az6eqif', 1, 0, '', 0, 0, 0, 1, 0, '', 0),
(84, 71, 2, 114, 0, '37.193.199.28', 1438008469, 0, 1, 1, 1, 1, '', 'Манга', 'На случай, если кто читает мангу - можно обсудить её здесь.\nВот например, недавно я прочитал мангу &quot;Акира&quot; небезызвестного Кацухиро Отомо. Недавно её как раз полностью перевели на русский язык - <!-- m --><a class="postlink" href="http://rutracker.org/forum/viewtopic.php?t=4845082">http://rutracker.org/forum/viewtopic.php?t=4845082</a><!-- m -->\nПолный перевод представляет собой компиляцию из работ нескольких команд переводчиков, каждые из которых переводили разные сканы - то японские, то американские, в результате чего читать приходится то справа-налево, то наоборот. ) \n\nСобственно, у нас в основном известно аниме &quot;Акира&quot;, которую снял всё тот-же Отомо. Надо сказать, что сюжет манги сильно отличается от того, что было показано в экранизации. События намного более расширены во времени, и представляют собой неплохую военную фантастику с эпическими размахами событий, хотя и не лишённую некоторых недостатков. \nБудни отмороженных мотоциклистов в мрачном мегаполисе показаны довольно живо, и самым интересным отличием от аниме, я бы назвал личность Канеды - главного героя. В аниме это был тот чел, который всё время рассекал на мотоцикле, пытаясь усмирить своего друга Тетсуо, внезапно отбретшего мощные сверх-естественные способности. Причём, если в аниме Канеда был показан (насколько мне запомнилось) серьёзным и сосредоточенным, то в оригинале он оказывается абсолютно безбашенным, этаким повесой, и местами даже напоминает Камину из TTGL. Из-за его выкрутасов, сюжет порой приобретает комедийную окраску, что одновременно с серьёзным научно-фантастическим контекстом, выглядит даже тонко. Правда, главным образом в первом томе. Где-то в середине, сюжет становится совсем уж детским, превращаясь в набор погонь, и не слишком серьёзных схваток, больше характерных для детских аниме и манг. Но вот дальше, автор делает неожиданный ход - происходит что-то вроде второго Конца Света (первый произошёл до начала сюжета манги), и место действия превращается в руины. Наступает пост-апокалепсис, где немногие выжившие пытаются заново построить какое-то общество... И вот тут то начинаются уже не детские, и по-настоящему страшные вещи. Очень реалистично показано, как люди дичают, сбиваются сначала просто в анклавы, а затем - в какие-то секты религиозных фанатиков, и начинают воевать друг с другом. Мне показалось, что автор здесь попытался изобразить своеобразную аллегорию на наш мир, на нашу историю. В миниатюре. Я не очень понял, что он этим хотел сказать, но получилось жёстко, и в какой-то степени даже поучительно. Да, здесь есть свои правые и виноватые, есть те, кто обороняются, и те кто атакуют, пытаясь завоевать своих соседей. Но всё-же глядя на всё это понимаешь, что мир надо беречь, не доводить его до [i:2it33ayw]такого[/i:2it33ayw] состояния. \n\nВ целом, не считаю эту часть каким-то эталоном пост-апокалептической/реалистической манги, опять-же много погонь, где кто-то тащит кого-то куда-то, отбиваясь от преследований, тогда как можно было придумать что-то по серьёзнее. И тем не менее, серьёзноты хватает. Впечатляют бои за храм, например. Эпизоды, где Тетсуо общается с Жрицей, и пытается постичь эзотерическую суть своих сверх-естественных способностей - также очень интересны (в аниме этого, кажется, совсем не было). Правда, тема эзотерики и вселенских тайн, мне здесь показалась недораскрытой - ожидал большего, что вот-вот пойдут какие-то Откровения. Но в принципе, и так неплохо. Вкупе с финалом - по мне так это по лучше того-же &quot;Евангелиона&quot; (аниме, во всяком случае). Ну, и тема монструозных трансформаций Тетсуо в финале, здесь также раскрыта полнее, чем в экранизации. \n\nОтдельно отмечу самый конец истории. Совсем не такой, как в аниме. Очень светлый, радостный финал показан, который и удивляет неожиданным поворотом, и вдохновляет. В целом, не могу ни порекомендовать эту мангу к прочтению, ни отсоветовать читать. Вроде и не середнячок, но и шедевром не могу назвать. Предположу впрочем, что на фоне современных работ эта манга выделяется в лучшую сторону - суровый олдскул, как-никак. Кстати, ещё очень понравилась рисовка. В ней есть сочетание реализма, и чисто анимешно-манговского очарования. Здесь Кацухиро Отомо сработал на все сто. Ещё в пользу этой манги говорит то, что многое потом было явно и неявно позаимствовано из неё другими авторами. ))) Я постоянно натыкался на знакомые, но более поздние образы. Вообще даже из того, что я в своём творчестве делал - многое обнаружилось здесь. \nКстати, по поводу детей со сверх-способностями, ещё есть это - <!-- m --><a class="postlink" href="http://rutracker.org/forum/viewtopic.php?t=3444766">http://rutracker.org/forum/viewtopic.php?t=3444766</a><!-- m --> - Domu - A Child''s Dream, от того-же автора.', '04f3b7deb6417e59fb8c9aeb189c6749', 0, 'IA==', '2it33ayw', 1, 1438012294, '', 114, 2, 0, 1, 0, '', 0),
(85, 71, 2, 114, 0, '37.193.199.28', 1438011540, 0, 1, 1, 1, 1, '', 'Re: Манга', 'Также по поводу манги. В своё время понравилась манга ужасов &quot;Uzumaki&quot; Дзюндзи Ито, недавно перечитал первый том - показалась мрачной и параноидальной, но всё-же довольно забавной. Однако, речь не об этом. Ещё когда читал в первый раз - возникло ощущение, что таинственная и вдумчивая атмосфера этой манги, вполне годится не только для ужасов, но и для историй в других жанрах. Также, как например &quot;Оно&quot; Стивена Кинга. Вполне возможно, что такие манги, а также книги и фильмы - вполне себе существуют, но я об этом не знаю. Конечно, вещи типа &quot;Тоторо&quot; я смотрел, но они заметно более детские, чем то, что я представлял. И всё-же, пытаясь вспомнить что-то похожее на &quot;Узумаки&quot;, но не в жанре ужасов, я вспомнил одну вещь - это был &quot;Coos World&quot; который мне когда-то давно посоветовал JB-X. Это малоизвестная манга с психоделической атмосферой, собственно я и не надеялся, что её заметят переводчики, но как оказалось на днях - перевод первой главы всё-таки существует.\n\n[img:31x8jfii]http&#58;//colorless-manga&#46;su/projects/coo/cover_detail&#46;jpg[/img:31x8jfii]\n\nСкачать можно тут - <!-- m --><a class="postlink" href="http://colorless-manga.su/projects/coos-world.html">http://colorless-manga.su/projects/coos-world.html</a><!-- m --> \nНастоящее название - &quot;Coo''s World&quot;, то есть &quot;Мир Ку&quot; (так зовут главного героя), или на языке оригинала - &quot;Coo no Sekai&quot;.  \nПо сюжету, главная героиня - маленькая девочка, у которой погибает старший брат, и она очень переживает из-за этого. К тому-же, ей предстоят первые учебные дни в средней школе. В общем, получается так, что она начинает видеть во снах странный мир, напоминающий фэнтезийный, где её брат жив, но совершенно не узнаёт её. Он там вроде пастуха, и пасёт громадных овец с черепами вместо обычных голов (т-е с овечьими черепами). Ещё там проходит горный хребет, по которому очень медленно идёт гигантская ящерица - в день она делает по одному шагу, и жители города отмечают по ней дни месяца. События в том мире развиваются на манер &quot;Алисы в стране чудес&quot; и сюжет таким образом делится на эпизоды, где главная героиня бодрствует, и проживает день в реальном (?) мире, и эпизоды, когда она засыпает, и оказывается сказочном мире. Атмосфера довольно грустная, чувствуется какая-то драма за кадром, и тревога за персонажей. Надеюсь, перевод следующих глав когда-нибудь появится (первая переведённая глава появилась в начале 2014 года....).\n\nКак можно догадаться, манга не &quot;мейнстримовая&quot;, и по рисовке вообще не совсем даже на мангу похожа. Но именно потому я и сравнил её с &quot;Узумаками&quot;. Интересно, существует ли ещё что-то похожее?', '3320a2d8de3106636432656a4ee3671b', 0, 'CA==', '31x8jfii', 1, 0, '', 0, 0, 0, 1, 0, '', 0),
(86, 4, 6, 114, 0, '37.193.199.28', 1438012946, 0, 1, 1, 1, 1, '', 'Re: Reflection', 'Дема, которую я видел в 2012 году - очень впечатлила. Стоящий проект, и технически как я понимаю, не самый сложный: КБС + брождение по мэйкерским локациям. Увидеть бы в готовом виде (понимаю что всё не так просто, но вдруг чудеса бывают...-)).', 'fd54b21d720f110344be606689eb6ce2', 0, '', '3v3qsio1', 1, 0, '', 0, 0, 0, 1, 0, '', 0),
(87, 4, 6, 48, 0, '91.76.14.61', 1438319869, 0, 1, 1, 1, 1, '', 'Re: Reflection', 'А внятная ссылка на эту дему есть?', 'f81fbdaf2ac50365116e395789f57d46', 0, '', '128ctabz', 1, 0, '', 0, 0, 0, 1, 0, '', 0),
(88, 2, 4, 48, 0, '91.76.14.61', 1438319915, 0, 1, 1, 1, 1, '', 'Re: Мысли по поводу и не очень.', 'Привет Ант, здорово что ты нас заметил )', '525c59b7112710491ceebb2784dbef46', 0, '', '1qh0m510', 1, 0, '', 0, 0, 0, 1, 0, '', 0),
(89, 4, 6, 50, 0, '5.143.78.73', 1438334204, 0, 1, 1, 1, 1, '', 'Re: Reflection', 'Ту демку я делал ещё на первом курсе, кажись) Всё поменялось тысячу раз - и мне за неё стыдно %)', '3c076dad1b73719a5ff72b8d1cad3746', 0, '', '2sxmd1bu', 1, 0, '', 0, 0, 0, 1, 0, '', 0),
(90, 4, 6, 114, 0, '37.193.199.28', 1438627276, 0, 1, 1, 1, 1, '', 'Re: Reflection', 'Меж тем, нашёл. Ту, где по поезду побродить можно. Сделана более чем прилично, я бы гордился такой демкой. ) Выложить? Будет первая игра, выложенная на этом форуме. )))', 'cf080b4b0f788d0c4dae97e9a9695372', 0, '', '2nh6wwkd', 1, 0, '', 0, 0, 0, 1, 0, '', 0),
(91, 4, 6, 114, 0, '37.193.199.28', 1438689758, 0, 1, 1, 1, 1, '', 'Re: Reflection', 'Молчание - знак согласия! -))) Первая Игра торжественно выкладывается на этом форуме! -)\n<!-- m --><a class="postlink" href="https://yadi.sk/d/uuZQkkTbiGDvi">https://yadi.sk/d/uuZQkkTbiGDvi</a><!-- m -->', '10b3cb5e8c0f0138a7a7afdf5003567d', 0, '', '1w3lnb2p', 1, 0, '', 0, 0, 0, 1, 0, '', 0),
(92, 2, 4, 2, 0, '195.135.239.4', 1438790526, 0, 1, 1, 1, 1, '', 'Re: Мысли по поводу и не очень.', 'О, да, Антберг! Рады.\n\nМеня вот какой вопрос мучает: плохо ли будет, если учетные записи пользователей сайта будут диференцированы с форумом? Или, все же, необходимо общее пространство сайт/форум?', '5a0b7093ba991e24228c070781b40d9d', 0, '', 'dg28fzad', 1, 0, '', 0, 0, 0, 1, 0, '', 0),
(93, 2, 4, 114, 0, '37.193.199.28', 1438791082, 0, 1, 1, 1, 1, '', 'Re: Мысли по поводу и не очень.', 'Общее конечно удобнее и логичнее, но может быть сложнее сделать, тут уж не знаю. Заметил, у нас обычно мало комментов было во внешних движках сайтов, т-к все постоянно оттуда пароли забывали, и ленились перезаходить. ))) А на Нейтральной вполне удобно сделано (там, кажется, везде одни и те-же аккаунты), правда там и движок довольно продвинутый, судя по всему.', 'd2c2aed80e5f909f520ab6fe5001ede0', 0, '', '10r8y54k', 1, 0, '', 0, 0, 0, 1, 0, '', 0),
(94, 2, 4, 2, 0, '195.135.239.4', 1438850912, 0, 1, 1, 1, 1, '', 'Re: Мысли по поводу и не очень.', '&gt; Общее конечно удобнее и логичнее\nВот только пошел я не тем путем изначально. &gt;__&lt;\nПопробую как-нибудь помучаться.', 'a2fc690ae59251e6db39ffb2a925839a', 0, '', '2wnjtpqj', 1, 0, '', 0, 0, 0, 1, 0, '', 0),
(95, 4, 6, 48, 0, '91.76.14.61', 1438896463, 0, 1, 1, 1, 1, '', 'Re: Reflection', 'И спасибо за ссыль. На днях заценю и даже напишу о.', '1706a1e1c401e4cdbbd4f9815ec004ba', 0, '', '1k9vh5e7', 1, 0, '', 0, 0, 0, 1, 0, '', 0),
(96, 64, 4, 116, 0, '213.24.127.159', 1439177332, 0, 1, 1, 1, 1, '', 'Re: Атака спам-ботов.', '[quote=&quot;Artorahn&quot;:fogbcke3]VocatiLaw в соседнем треде рекламирует женскую одежду.[/quote:fogbcke3]\nКлёво чо', '7eca7a8694a309446f771d2362c69f1b', 0, 'gA==', 'fogbcke3', 1, 0, '', 0, 0, 0, 1, 0, '', 0),
(97, 72, 3, 2, 0, '195.135.239.4', 1439233164, 0, 1, 1, 1, 1, '', '[Без названия]', 'По окончании уборочных работ в поле, не зная, чем себя занять, Тарн отправился в трактир, что находился в полутора милях от деревни. Гордая вывеска &quot;Стертый сапог&quot;, умело украшенная тем самым высоким сапогом с торчащим из него клинком, плохо вязалась с известностью этого края, приобретенной благодаря отменной медовухе. Но удачное расположение вблизи тракта, соединяющего два самых крупных города, Дол и Карон, не оставляло заведение без посетителей ни днем, ни ночью. И в этот день пьяная толчея у порога едва не раздавила Тарна. Решив, что возвращаться, не выпив и глотка, бессмысленно, он направился внутрь. Выловил пару медяков из-за пазухи, взял кружку эля и, не найдя свободной скамьи, вышел на подворье.\nЛицо Тарна переменилось, кружка выпала из затрясшихся рук, звонко разбившись о крыльцо, когда он увидел толпу, несколько мгновений назад веселившуюся, в луже собственной крови. Над телами стоял десяток рыцарей, с мечей которых на землю струилась кровь. Еще мгновение и Тарн упал, скатившись по ступеням, оземь. Кровь брызнула изо рта, легкое горело. Последним, что он услышал, были крики и мольбы о пощаде, доносившиеся из трактира.\n***\n— Войска Ронда день назад напали без предупреждения возле села Каменки, милорд, и в данный момент направляются сюда, в Карон. Число им неизвестно, но войско в пяти днях пути. Письмо об этом прислал феод Крэй. Значит, война, милорд?\n— Значит, война. Отправляй гонца на форпост в Твале, пусть выставляют дозоры по всему тракту и дважды в день отправляют депеши лично мне. Второго гонца к Германику, чтобы он собрал как можно скорее всех вассалов с их войсками. Где Морин, черт бы его побрал?! Он нужен сейчас же здесь. Генерал, через канаву его!\n— Генерал Морин уже знает и будет с минуты на минуту, милорд. Он оповещал городскую стражу, милорд.\n— Хорошо, Марти. По исполнении доложись и, быть может, будешь на сегодня свободен.\n— Здравствуй, Лорин!\n— Ну здравствуй, брат. Некогда обниматься, говори, что со стражей?\n— И вот так ты с братом, государь? Что ж, у Норала очень мало людей. Я сказал, чтобы прошелся по трактирам, но вряд ли он наберет даже сотню. Хвала богам, если среди них отыщется хотя бы пять человек опытных. Да и казна сейчас пустует, если я правильно понимаю?\n— В общем, да. Обозы были отправлены на сбор лишь неделю назад.\nКороль Лорин, казалось, уменьшался на глазах. И если Морин любил битвы, то Лорин всегда старался их избегать, и мысль о предстоящей войне, как заноза на заднице, мешала трезво мыслить королю.\n— Да не переживай ты! Мало мы с тобой славных боев провели?\n— Не так много, чтобы я успел к ним привыкнуть, — король прошел к дубовому столу, плеснул из кувшина пива в кружку и залпом осушил, — Да и дела у нас сейчас не так хороши, чтобы ввязываться в войну. Сдались этим чертям рондовцам земли Крэя, будь они неладны! Уж двадцать лет прошло, а им все неймется! Места силы, говорят они. Плевать я хотел на всю эту магию!\n— Ну, ну, не горячись. Что ты уже предпринял?\n— Отправил весть Германику и в Твал.\n— Хорошо. Завтра к вечеру я встану с двумя сотнями у моста через Навью. Как минимум задержу рондовцев, покуда Германик не притащится со своими войсками. А ты не унывай и займись обороной города, ведь Норал не самый лучший военачальник. Бывай!\nСняв корону, Лорин еще долго молчаливо смотрел в окно на заходящее солнце. Ему думалось, что дни сочтены: он был почти старик, скоро должен был стукнуть пятый десяток, а тут еще война. Вскоре вернулся придворный Марти, сообщил, что гонцы уже в пути, и ушел восвояси. Когда светило скрылось за макушками елей, король отправился в покои.\n***\nРайнару снова снилось, как он убегает от призраков прошлого. Он проснулся среди ночи в весьма скверном расположении духа, взял клинок, что стоял у изголовья кровати, и отправился на двор справить малую нужду. По пути у очага обнаружился хозяин трактира; как и вчера, он казался разбитым.\nПодняв голову на шум и увидев Райнара с клинком на поясе, трактирщик просиял:\n— Господин!..\n— Райнар.\n— Господин Райнар! Скажите, ведь вы... Серый рыцарь?\n— Да. Но сейчас я не заинтересован в работе, меня ждут дела. Прошу меня извинить.\n— Но господин Райнар!.. Я... могу заплатить. Дела идут не так хорошо в последнее время, да и слухи о войне... Но я бережно храню золото. Прошу, господин, выслушайте меня!\n— Хорошо, я выслушаю. Но мне необходимо выйти. Да и коня запрячь.\n— Сию минуту! — с этими словами трактирщик скрылся в подсобке, послышалась возня, пинки и крики. Спустя время из комнаты появился за-спанный мальчишка, а следом за ним и хозяин.\nВыйдя на улицу и выполнив свой долг перед организмом, Райнар проводил взглядом мальчишку, а затем вернулся в трактир. Хозяин сидел за одним из столов, где уже красовалась прохудившаяся мошна, будто в полной уверенности в помощи серого рыцаря. Райнар присел с противоположной стороны, готовый к нудному рассказу.\n— Ну, что у тебя там?\n— Господин, дело в том, что пол месяца назад моя дочурка, Аннушка, ушла в лес за грибами, да так и не вернулась. Поговаривают, что в лесу том, где я сам с детства грибы-то собирал, недавно появилось чудище. Вестимо, газы болотные чудищам всяким больно нравятся. Я долго ждал появления господина такой профессии, как ваша. Вот здесь небольшой задаток, если возьметесь.\n— Никаких чудищ не бывает, а молва о нас... Сильно преувеличена. Мы не охотники за чудищами, мы простые наемники. И не ищейки уж тем более.\n— Подождите, господин! Я говорил с деревенскими, будто и видели они что в лесу: болтают, что страхолюдина там — во! Шерсть во все стороны развевается, зубищи и когти. Они и сами-то в тот лес теперь не ходят, боятся. А потому они согласны финансами-то помочь, случись чего, в гораздо большем количестве.\n&quot;Прогулка по лесу за несколько серебряников? Звучит недурно. Что же там в лесу?&quot;\n— Что ж... Я согласен. Отправляюсь сей час же, и к завтрашнему утру вернусь. Деревня Митки, что дальше по тракту?\n— Да. Большое спасибо, господин.\n— Я загляну туда и передам от твоего имени весточку, чтобы собрали денег. Даже на случай, если я ничего не найду.\n— Х-хорошо, господин. Еще раз большое спасибо, господин.\nК этому моменту мальчишка с лошадью под уздцы уже стоял у входа. Рейнар вручил ему медяк за шуструю работу, запрыгнул на коня и отправился на север. &quot;Слегка не по пути, конечно, но запас денег истощился... А, ничего. Днем раньше, днем позже! Успеть бы только к празднику сбора урожая.&quot;\n***\nК утру рыцарь был уже в деревне Митки. Народ уже занимался хозяйством, а потому не было необходимости ломиться среди ночи в хаты. На встречу с одного из дворов вышла компания трех мужиков с серпами, к коим и направился Рейнар.\n— Неужто по чудищу рыцарь?\n— Ха, да, братцы, он не больше нашего, съест его страхолюдина!\n— Если она существует. Меня прислал трактирщик, и мне нужна ин-формация. А ну, братцы, выкладывайте, что вам известно о, якобы, чудище.\nВсе трое почесали лбы.\n— Ну как, на востоке, в лесу, полнгоду тому назад чудище рыскать стало. Говорят, там с тех пор пять человек пропало. Вот и перестали туда ходить, мало того, что болота, такмо еще и зубастая тварь.\n— Видел ее кто-нибудь?\n— Дык Шорка, да у того спрашивать бестолку. Он как вернулся из леса в тот день, так умом и тронулся.\n— Да вон его изба!\n— Что ж... Собирайте деньги на уничтожение вашего чудища.\nВ сравнении с остальными домами деревни, ухоженными и с огородами, этот, казалось, был заброшен.\n&quot;Не лучший хозяин. Может, он тронулся умом еще до встречи с монстром?&quot;\nРейнар постучал в дверь, но ответа не последовало. Потянув ручку на себя он обнаружил, что дверь не заперта. Войдя внутрь рыцарь ужаснулся: вековая пыль и паутина, казалось, покрывали каждую пядь поверхности. Шорка обнаружился на печке спящим. Рейнар дернул паренька за сапог, Шорка встрепенулся и начал скулить. Увидев постороннего в доме, с ловкостью кошки, деревенщина перекатился, спрыгнул с печки, схватил кочергу и пошел в атаку. Не ожидавший подобного, Рейнар еле успел отпрыгнуть и увернуться. Удар пришелся мимо, что вывело Шорку из равновесия, и тот, уже с грацией свиньи, повалился на пол. Воспользовавшись моментом, серый рыцарь вывернул деревенщине руки.\n— От-отпусти, н-н-нечисть! С-сгинь, сг-гинь из до-до-дома! Не за-забрать тебе м-мою д-д-душу!\n— А ну успокойся! — хорошая аплеуха, похоже, привела Шорку в чувство, и он снова заскулил.\nШорка был парнем молодым, Рейнар даже подумал, что будь у рыцаря дети, деревенщина вполне мог бы сойти по возрасту за сына. Рейнар отпустил руки деревенщины.\n— Вставай, юнец.\nНа лицо Шорки смотреть было противно: сопли пузырем, красные от слез глаза, да к тому же вид такой, будто последний год он без гроша бродил по трактам. Рейнар схватил табурет и силой заставил деревенщину сесть. Не найдя чистой тряпки, рыцарь оторвал от грязной рубахи с пола кусок и бросил парню.\n— Утрись. И рассказывай, что ты знаешь о чудище в лесу.\nУслышав слово &quot;чудище&quot;, Шорка с новой силой принялся пускать сопли, размазывая их тряпкой по всему лицу. Казалось, этому не будет конца. Отчаявшись, Рейнар похлопал парня по лицу.\n— Чу-чуди... Маа... В ле-лесу... Хлюп... Т-тени з-зовут... Т-там лю-люди... Всхлип... К-к-кровь... С-страх ба-ба-большой...\n&quot;Бесполезно.&quot;\n— Ты его видел? Как оно выглядит?\n— Ш-ше-шерсть д-дыбом... Г-г-гигант.\n— Гигант? Большой?\n— Д-да...\n— Покажи направление.\nЕле передвигая ноги, деревенщина вышел из дома, а следом и Рейнар. Пройдя до конца деревни, юнец пальцем указал на тропу, ведущую в лес, а сам внезапно побежал в противоположную сторону. И явно не к своему дому.\nПроверив, как приторочены сумки к седлу, Рейнар взял под уздцы лошадь и направился в березовую чащу. Обилие грибов на опушке подсказывало, что даже к опушке уже некоторое время никто не приближался. И чем гуще становился лес, тем сильнее сжимал рукоять клинка Рейнар.\nСолнце едва просвечивало макушки могучих дубов, разросшихся здесь, покуда глаз хватало. Время приближалось к полудню, когда у рыцаря заурчал живот. Привязав коня к молодому деревцу, он сел на возвышающийся из земли корень и достал из котомки ломоть хлеба и флягу. Не успел даже крошки в рот бросить, как со всех сторон рыцарь услышал потрескивание веток и шелест опавшей листвы: кто-то приближался. Выхватив клинок и приняв боевую позицию, Рейнар затих и стал прислушиваться.\n— Хватай его!\nСо всех сторон разом на рыцаря напали люди, одетые в шкуры медведей, волков, кабанов и прочих жителей леса. В руках у них были палки и камни и ни одного клинка или кинжала. Подумав было, что это только на руку, Рейнар запрыгал в боевом танце.\n&quot;Вот оно что, шкуры! Как можно было подумать, что это какой-то монстр? Видать, Шорка этот совсем умом ослаб.&quot;\nРыцарь уже повалил пятерых, но людей в шкурах было слишком много, казалось, будто их больше сотни. После очередного выпада Рейнар был свален ударом камня на землю. Боль пронзила голову насквозь, на шее он чувствовал, как струится кровь. Попытка подняться была пресечена ударом палкой, после чего его крепко связали и потащили в глубь леса.\n***\n[Продолжение следует...]', '7994c40703886cb95d600f4e3509abdc', 0, '', 'nbw19fp6', 1, 0, '', 0, 0, 0, 1, 0, '', 0),
(98, 72, 3, 114, 0, '37.193.199.28', 1439309274, 0, 1, 1, 1, 1, '', 'Re: [Без названия]', 'Я думаю, что это был...\n[img:32tp6813]http&#58;//www&#46;valenciaplaza&#46;com/bd/imagenes/imagen146821g&#46;jpg[/img:32tp6813]\nА если серьёзно - как я уже говорил, ближе к концу стало интересно читать. Первая половина показалась суховатой, такая среднестатистическая игра на мэйкере как бы. (почему я и подумал, что это нечто вроде сценария) Наверное, главным образом на это повлиял эпизод &quot;получения квеста&quot;. Как-то по компьютерно-игорному он выглядит, хотя уклон в суровизну, который идёт дальше, сглаживает эффект. Как бы то нибыло - рад, что на форуме выкладывается творчество, сам вот думаю выложить чего-нибудь, пусть и чисто зарисовочное. \nЖдём продолжения. -)', '87969114765d7365887fad2eb21b7f88', 0, 'CA==', '32tp6813', 1, 0, '', 0, 0, 0, 1, 0, '', 0),
(99, 6, 2, 117, 0, '46.138.86.68', 1439928788, 0, 1, 1, 1, 1, '', 'Re: Культ сорванной каски, или что слушаем...', 'Panic! At The Disco – Turn Off The Lights ^3^', '38339ce29fcc53d50b8dd7edfd8b5cca', 0, '', '2nhua0o6', 1, 0, '', 0, 0, 0, 1, 0, '', 0);
INSERT INTO `phpbb_posts` (`post_id`, `topic_id`, `forum_id`, `poster_id`, `icon_id`, `poster_ip`, `post_time`, `post_reported`, `enable_bbcode`, `enable_smilies`, `enable_magic_url`, `enable_sig`, `post_username`, `post_subject`, `post_text`, `post_checksum`, `post_attachment`, `bbcode_bitfield`, `bbcode_uid`, `post_postcount`, `post_edit_time`, `post_edit_reason`, `post_edit_user`, `post_edit_count`, `post_edit_locked`, `post_visibility`, `post_delete_time`, `post_delete_reason`, `post_delete_user`) VALUES
(100, 73, 3, 48, 0, '91.76.128.176', 1440098985, 0, 1, 1, 1, 1, '', 'СНЫ (с)', 'Алсо, мне как-то такой бред приснился. - Аутентичная серия Доктора Кто, где его играл молодой Хью Лори, в очках, весь из себя поэтичный и подвижный аля 11-ый. Вместе с ним бегала старушка которая открывала дыры в пространстве, маленький мальчик и еще кто-то. По миру они перемещались как в картах РПГ Мэйкера сделанных Антбергом. А потом убегали от черно-белого Франкенштейна.\n\nПричем с Франкенштейном там типо шутка была - они таки все сидят, А Хью распинается как красиво тут все, и камера так медленно от предмета к предмету, и они эти предметы описывает аля &quot;Взгляните как удивителен&quot;, потом он так описывает ВНЕЗАПНОГО Франкенштейна, после чего он замолкает, камера на него, и он такой ААААААААААААА и все бегут.', 'a4b0bd19ad8966b1382af5a14327c9c9', 0, '', '3izqtazh', 1, 0, '', 0, 0, 0, 1, 0, '', 0),
(101, 73, 3, 114, 0, '37.193.199.28', 1440099633, 0, 1, 1, 1, 1, '', 'Re: СНЫ (с)', 'Сегодня снилось что-то наподобие документального фильма про освоение осознанных сновидений. Причём показывали, как люди прямо в сновидениях тренировались разным навыкам. Завершающий сюжет был о том, как какая-то девушка поставила себе цель - во чтобы то ни стало долететь до Солнца, и войти прямо в него. Делалось много попыток, но неудачных - в одних из них было слишком горячо, и она не могла подлететь, а в других наоборот - можно было спокойно влететь внутрь Солнца, но таким образом становилось понятно, что это уже не по-настоящему. А ей хотелось именно в огонь прямо войти, и как бы сгореть, тем самым переродившись с новыми силами. И вот ей в конце концов это удаётся, на чём документальный фильм завершается.\nУже после пробуждения я подумал, что тут есть некоторые параллели с фильмом &quot;Чайка по имени Джонатан Ливингстон&quot; 1973 г. (который снят по одноимённой книге)', '6d1d24d9804da04e9020a20625ff4899', 0, '', 'wwlmc0o8', 1, 0, '', 0, 0, 0, 1, 0, '', 0),
(102, 74, 4, 2, 0, '46.138.86.68', 1440317220, 0, 1, 1, 1, 1, '', 'Портал? Портал!', 'В общем, потихоньку, по строчке в день, пишется портал.\nНадеюсь, что мне без проблем удастся синхронизировать аккаунты форума и сайта, а также, что сам функционал придется по душе пользователям.\n\nПланируемое на данный момент и практически реализованное:\n— вывод/добавление новостей любым пользователем с премодерацией админами;\n— добавление пользователями игр без премодерации с загрузкой скриншотов и игры, собственно;\n— что-то вроде блога для каждой игры (информация об обновлении и прочий стафф).\n\nС течением времени и при удачных обстоятельствах хотелось бы выйти на уровень rpgmaker.net.\n\nА пока вот скриншот для раздумий:\n[url=http&#58;//pixs&#46;ru/showimage/rmakerpng_6360779_18517350&#46;png:183xtib4][img:183xtib4]http&#58;//i11&#46;pixs&#46;ru/thumbs/3/5/0/rmakerpng_6360779_18517350&#46;jpg[/img:183xtib4][/url:183xtib4]', 'e813f920a4e85716780eff004dc7c47e', 0, 'GA==', '183xtib4', 1, 0, '', 0, 0, 0, 1, 0, '', 0),
(103, 74, 4, 114, 0, '37.193.199.28', 1440563566, 0, 1, 1, 1, 1, '', 'Re: Портал? Портал!', 'Молодец! Как оно, на настоящий момент уже полностью работает (то, что на скриншоте), или ещё нужна доработка?\nНа мой взгляд, для начального этапа не хватает раздела &quot;ресурсы&quot;, ну или хотя-бы раздела &quot;ссылки&quot;, где будут ссылки на разные сайты, в т-ч и с ресурсами.  По размещению рисунков пока что затрудняюсь что-то прикинуть, но когда будет работающий вариант, то думаю, особых проблем с этим не возникнет.', '8afdcb55aec65e730abbcb3edc615dee', 0, '', 'wwqzm0zb', 1, 0, '', 0, 0, 0, 1, 0, '', 0),
(104, 6, 2, 114, 0, '37.193.199.28', 1440563997, 0, 1, 1, 1, 1, '', 'Re: Культ сорванной каски, или что слушаем...', 'Михаил Боярский - Дикий Сад', 'e4c1db2f8b20bef7211353422bb8778a', 0, '', '3kq5oqlo', 1, 0, '', 0, 0, 0, 1, 0, '', 0),
(105, 74, 4, 2, 0, '94.29.124.206', 1440748550, 0, 1, 1, 1, 1, '', 'Re: Портал? Портал!', '&gt; не хватает раздела &quot;ресурсы&quot;, ну или хотя-бы раздела &quot;ссылки&quot;\nСо временем. Так как я вышел на основную работу, а я — учитель, времени пока не очень много, и основная цель закончить основной функционал, залить на хостинг и начать рекламу. А дальше, конечно, можно будет развивать функциональность.', 'c06efc61bf62f9d13549042ce75f8df2', 0, '', '2twnwkl3', 1, 0, '', 0, 0, 0, 1, 0, '', 0);

-- --------------------------------------------------------

--
-- Структура таблицы `phpbb_privmsgs`
--

CREATE TABLE IF NOT EXISTS `phpbb_privmsgs` (
  `msg_id` mediumint(8) unsigned NOT NULL AUTO_INCREMENT,
  `root_level` mediumint(8) unsigned NOT NULL DEFAULT '0',
  `author_id` mediumint(8) unsigned NOT NULL DEFAULT '0',
  `icon_id` mediumint(8) unsigned NOT NULL DEFAULT '0',
  `author_ip` varchar(40) COLLATE utf8_bin NOT NULL DEFAULT '',
  `message_time` int(11) unsigned NOT NULL DEFAULT '0',
  `enable_bbcode` tinyint(1) unsigned NOT NULL DEFAULT '1',
  `enable_smilies` tinyint(1) unsigned NOT NULL DEFAULT '1',
  `enable_magic_url` tinyint(1) unsigned NOT NULL DEFAULT '1',
  `enable_sig` tinyint(1) unsigned NOT NULL DEFAULT '1',
  `message_subject` varchar(255) COLLATE utf8_bin NOT NULL DEFAULT '',
  `message_text` mediumtext COLLATE utf8_bin NOT NULL,
  `message_edit_reason` varchar(255) COLLATE utf8_bin NOT NULL DEFAULT '',
  `message_edit_user` mediumint(8) unsigned NOT NULL DEFAULT '0',
  `message_attachment` tinyint(1) unsigned NOT NULL DEFAULT '0',
  `bbcode_bitfield` varchar(255) COLLATE utf8_bin NOT NULL DEFAULT '',
  `bbcode_uid` varchar(8) COLLATE utf8_bin NOT NULL DEFAULT '',
  `message_edit_time` int(11) unsigned NOT NULL DEFAULT '0',
  `message_edit_count` smallint(4) unsigned NOT NULL DEFAULT '0',
  `to_address` text COLLATE utf8_bin NOT NULL,
  `bcc_address` text COLLATE utf8_bin NOT NULL,
  `message_reported` tinyint(1) unsigned NOT NULL DEFAULT '0',
  PRIMARY KEY (`msg_id`),
  KEY `author_ip` (`author_ip`),
  KEY `message_time` (`message_time`),
  KEY `author_id` (`author_id`),
  KEY `root_level` (`root_level`)
) ENGINE=MyISAM DEFAULT CHARSET=utf8 COLLATE=utf8_bin AUTO_INCREMENT=1 ;

-- --------------------------------------------------------

--
-- Структура таблицы `phpbb_privmsgs_folder`
--

CREATE TABLE IF NOT EXISTS `phpbb_privmsgs_folder` (
  `folder_id` mediumint(8) unsigned NOT NULL AUTO_INCREMENT,
  `user_id` mediumint(8) unsigned NOT NULL DEFAULT '0',
  `folder_name` varchar(255) COLLATE utf8_bin NOT NULL DEFAULT '',
  `pm_count` mediumint(8) unsigned NOT NULL DEFAULT '0',
  PRIMARY KEY (`folder_id`),
  KEY `user_id` (`user_id`)
) ENGINE=MyISAM DEFAULT CHARSET=utf8 COLLATE=utf8_bin AUTO_INCREMENT=1 ;

-- --------------------------------------------------------

--
-- Структура таблицы `phpbb_privmsgs_rules`
--

CREATE TABLE IF NOT EXISTS `phpbb_privmsgs_rules` (
  `rule_id` mediumint(8) unsigned NOT NULL AUTO_INCREMENT,
  `user_id` mediumint(8) unsigned NOT NULL DEFAULT '0',
  `rule_check` mediumint(8) unsigned NOT NULL DEFAULT '0',
  `rule_connection` mediumint(8) unsigned NOT NULL DEFAULT '0',
  `rule_string` varchar(255) COLLATE utf8_bin NOT NULL DEFAULT '',
  `rule_user_id` mediumint(8) unsigned NOT NULL DEFAULT '0',
  `rule_group_id` mediumint(8) unsigned NOT NULL DEFAULT '0',
  `rule_action` mediumint(8) unsigned NOT NULL DEFAULT '0',
  `rule_folder_id` int(11) NOT NULL DEFAULT '0',
  PRIMARY KEY (`rule_id`),
  KEY `user_id` (`user_id`)
) ENGINE=MyISAM DEFAULT CHARSET=utf8 COLLATE=utf8_bin AUTO_INCREMENT=1 ;

-- --------------------------------------------------------

--
-- Структура таблицы `phpbb_privmsgs_to`
--

CREATE TABLE IF NOT EXISTS `phpbb_privmsgs_to` (
  `msg_id` mediumint(8) unsigned NOT NULL DEFAULT '0',
  `user_id` mediumint(8) unsigned NOT NULL DEFAULT '0',
  `author_id` mediumint(8) unsigned NOT NULL DEFAULT '0',
  `pm_deleted` tinyint(1) unsigned NOT NULL DEFAULT '0',
  `pm_new` tinyint(1) unsigned NOT NULL DEFAULT '1',
  `pm_unread` tinyint(1) unsigned NOT NULL DEFAULT '1',
  `pm_replied` tinyint(1) unsigned NOT NULL DEFAULT '0',
  `pm_marked` tinyint(1) unsigned NOT NULL DEFAULT '0',
  `pm_forwarded` tinyint(1) unsigned NOT NULL DEFAULT '0',
  `folder_id` int(11) NOT NULL DEFAULT '0',
  KEY `msg_id` (`msg_id`),
  KEY `author_id` (`author_id`),
  KEY `usr_flder_id` (`user_id`,`folder_id`)
) ENGINE=MyISAM DEFAULT CHARSET=utf8 COLLATE=utf8_bin;

-- --------------------------------------------------------

--
-- Структура таблицы `phpbb_profile_fields`
--

CREATE TABLE IF NOT EXISTS `phpbb_profile_fields` (
  `field_id` mediumint(8) unsigned NOT NULL AUTO_INCREMENT,
  `field_name` varchar(255) COLLATE utf8_bin NOT NULL DEFAULT '',
  `field_type` varchar(100) COLLATE utf8_bin NOT NULL DEFAULT '',
  `field_ident` varchar(20) COLLATE utf8_bin NOT NULL DEFAULT '',
  `field_length` varchar(20) COLLATE utf8_bin NOT NULL DEFAULT '',
  `field_minlen` varchar(255) COLLATE utf8_bin NOT NULL DEFAULT '',
  `field_maxlen` varchar(255) COLLATE utf8_bin NOT NULL DEFAULT '',
  `field_novalue` varchar(255) COLLATE utf8_bin NOT NULL DEFAULT '',
  `field_default_value` varchar(255) COLLATE utf8_bin NOT NULL DEFAULT '',
  `field_validation` varchar(64) COLLATE utf8_bin NOT NULL DEFAULT '',
  `field_required` tinyint(1) unsigned NOT NULL DEFAULT '0',
  `field_show_on_reg` tinyint(1) unsigned NOT NULL DEFAULT '0',
  `field_hide` tinyint(1) unsigned NOT NULL DEFAULT '0',
  `field_no_view` tinyint(1) unsigned NOT NULL DEFAULT '0',
  `field_active` tinyint(1) unsigned NOT NULL DEFAULT '0',
  `field_order` mediumint(8) unsigned NOT NULL DEFAULT '0',
  `field_show_profile` tinyint(1) unsigned NOT NULL DEFAULT '0',
  `field_show_on_vt` tinyint(1) unsigned NOT NULL DEFAULT '0',
  `field_show_novalue` tinyint(1) unsigned NOT NULL DEFAULT '0',
  `field_show_on_pm` tinyint(1) unsigned NOT NULL DEFAULT '0',
  `field_show_on_ml` tinyint(1) unsigned NOT NULL DEFAULT '0',
  `field_is_contact` tinyint(1) unsigned NOT NULL DEFAULT '0',
  `field_contact_desc` varchar(255) COLLATE utf8_bin NOT NULL DEFAULT '',
  `field_contact_url` varchar(255) COLLATE utf8_bin NOT NULL DEFAULT '',
  PRIMARY KEY (`field_id`),
  KEY `fld_type` (`field_type`),
  KEY `fld_ordr` (`field_order`)
) ENGINE=MyISAM  DEFAULT CHARSET=utf8 COLLATE=utf8_bin AUTO_INCREMENT=16 ;

--
-- Дамп данных таблицы `phpbb_profile_fields`
--

INSERT INTO `phpbb_profile_fields` (`field_id`, `field_name`, `field_type`, `field_ident`, `field_length`, `field_minlen`, `field_maxlen`, `field_novalue`, `field_default_value`, `field_validation`, `field_required`, `field_show_on_reg`, `field_hide`, `field_no_view`, `field_active`, `field_order`, `field_show_profile`, `field_show_on_vt`, `field_show_novalue`, `field_show_on_pm`, `field_show_on_ml`, `field_is_contact`, `field_contact_desc`, `field_contact_url`) VALUES
(1, 'phpbb_location', 'profilefields.type.string', 'phpbb_location', '20', '2', '100', '', '', '.*', 0, 0, 0, 0, 1, 2, 1, 1, 0, 1, 1, 0, '', ''),
(2, 'phpbb_website', 'profilefields.type.url', 'phpbb_website', '40', '12', '255', '', '', '', 0, 0, 0, 0, 1, 3, 1, 1, 0, 1, 1, 1, 'VISIT_WEBSITE', '%s'),
(3, 'phpbb_interests', 'profilefields.type.text', 'phpbb_interests', '3|30', '2', '500', '', '', '.*', 0, 0, 0, 0, 1, 4, 1, 0, 0, 0, 0, 0, '', ''),
(4, 'phpbb_occupation', 'profilefields.type.text', 'phpbb_occupation', '3|30', '2', '500', '', '', '.*', 0, 0, 0, 0, 0, 5, 1, 0, 0, 0, 0, 0, '', ''),
(5, 'phpbb_aol', 'profilefields.type.string', 'phpbb_aol', '40', '5', '255', '', '', '.*', 0, 0, 0, 0, 0, 6, 1, 1, 0, 1, 1, 1, '', ''),
(6, 'phpbb_icq', 'profilefields.type.string', 'phpbb_icq', '20', '3', '15', '', '', '[0-9]+', 0, 0, 0, 0, 0, 7, 1, 1, 0, 1, 1, 1, 'SEND_ICQ_MESSAGE', 'https://www.icq.com/people/%s/'),
(7, 'phpbb_wlm', 'profilefields.type.string', 'phpbb_wlm', '40', '5', '255', '', '', '.*', 0, 0, 0, 0, 0, 8, 1, 1, 0, 1, 1, 1, '', ''),
(8, 'phpbb_yahoo', 'profilefields.type.string', 'phpbb_yahoo', '40', '5', '255', '', '', '.*', 0, 0, 0, 0, 0, 9, 1, 1, 0, 1, 1, 1, 'SEND_YIM_MESSAGE', 'ymsgr:sendim?%s'),
(9, 'phpbb_facebook', 'profilefields.type.string', 'phpbb_facebook', '20', '5', '50', '', '', '[\\w.]+', 0, 0, 0, 0, 1, 10, 1, 1, 0, 1, 1, 1, 'VIEW_FACEBOOK_PROFILE', 'http://facebook.com/%s/'),
(10, 'phpbb_twitter', 'profilefields.type.string', 'phpbb_twitter', '20', '1', '15', '', '', '[\\w_]+', 0, 0, 0, 0, 1, 11, 1, 1, 0, 1, 1, 1, 'VIEW_TWITTER_PROFILE', 'http://twitter.com/%s'),
(11, 'phpbb_skype', 'profilefields.type.string', 'phpbb_skype', '20', '6', '32', '', '', '[a-zA-Z][\\w\\.,\\-_]+', 0, 0, 0, 0, 1, 12, 1, 1, 0, 1, 1, 1, 'VIEW_SKYPE_PROFILE', 'skype:%s?userinfo'),
(12, 'phpbb_youtube', 'profilefields.type.string', 'phpbb_youtube', '20', '3', '60', '', '', '[a-zA-Z][\\w\\.,\\-_]+', 0, 0, 0, 0, 1, 13, 1, 1, 0, 1, 1, 1, 'VIEW_YOUTUBE_CHANNEL', 'http://youtube.com/user/%s'),
(13, 'phpbb_googleplus', 'profilefields.type.googleplus', 'phpbb_googleplus', '20', '3', '255', '', '', '[\\w]+', 0, 0, 0, 0, 1, 14, 1, 1, 0, 1, 1, 1, 'VIEW_GOOGLEPLUS_PROFILE', 'http://plus.google.com/%s'),
(14, 'phpbb_capability', 'profilefields.type.text', 'phpbb_capability', '5|80', '0', '1000', '', '', '.*', 1, 1, 0, 0, 1, 1, 1, 0, 1, 0, 0, 0, '', ''),
(15, 'phpbb_wrongnumber', 'profilefields.type.int', 'phpbb_wrongnumber', '5', '77', '77', '0', '', '', 1, 1, 0, 0, 1, 15, 0, 0, 0, 0, 0, 0, '', '');

-- --------------------------------------------------------

--
-- Структура таблицы `phpbb_profile_fields_data`
--

CREATE TABLE IF NOT EXISTS `phpbb_profile_fields_data` (
  `user_id` mediumint(8) unsigned NOT NULL DEFAULT '0',
  `pf_phpbb_interests` mediumtext COLLATE utf8_bin NOT NULL,
  `pf_phpbb_occupation` mediumtext COLLATE utf8_bin NOT NULL,
  `pf_phpbb_googleplus` varchar(255) COLLATE utf8_bin NOT NULL DEFAULT '',
  `pf_phpbb_icq` varchar(255) COLLATE utf8_bin NOT NULL DEFAULT '',
  `pf_phpbb_location` varchar(255) COLLATE utf8_bin NOT NULL DEFAULT '',
  `pf_phpbb_skype` varchar(255) COLLATE utf8_bin NOT NULL DEFAULT '',
  `pf_phpbb_twitter` varchar(255) COLLATE utf8_bin NOT NULL DEFAULT '',
  `pf_phpbb_website` varchar(255) COLLATE utf8_bin NOT NULL DEFAULT '',
  `pf_phpbb_wlm` varchar(255) COLLATE utf8_bin NOT NULL DEFAULT '',
  `pf_phpbb_yahoo` varchar(255) COLLATE utf8_bin NOT NULL DEFAULT '',
  `pf_phpbb_youtube` varchar(255) COLLATE utf8_bin NOT NULL DEFAULT '',
  `pf_phpbb_aol` varchar(255) COLLATE utf8_bin NOT NULL DEFAULT '',
  `pf_phpbb_facebook` varchar(255) COLLATE utf8_bin NOT NULL DEFAULT '',
  `pf_phpbb_capability` mediumtext COLLATE utf8_bin,
  `pf_phpbb_wrongnumber` bigint(20) DEFAULT NULL,
  PRIMARY KEY (`user_id`)
) ENGINE=MyISAM DEFAULT CHARSET=utf8 COLLATE=utf8_bin;

--
-- Дамп данных таблицы `phpbb_profile_fields_data`
--

INSERT INTO `phpbb_profile_fields_data` (`user_id`, `pf_phpbb_interests`, `pf_phpbb_occupation`, `pf_phpbb_googleplus`, `pf_phpbb_icq`, `pf_phpbb_location`, `pf_phpbb_skype`, `pf_phpbb_twitter`, `pf_phpbb_website`, `pf_phpbb_wlm`, `pf_phpbb_yahoo`, `pf_phpbb_youtube`, `pf_phpbb_aol`, `pf_phpbb_facebook`, `pf_phpbb_capability`, `pf_phpbb_wrongnumber`) VALUES
(2, '', '', '', '', 'Москва', 'alex666surk', '', 'http://rmaker.ru/', '', '', '', '', '', 'Средние.', NULL),
(64, '', '', '', '', '', 'ghelat', '', '', '', '', '', '', '', NULL, NULL),
(114, '', '', '', '', '', '', '', '', '', '', '', '', '', 'Игры на уровне &quot;Некромантов&quot; и &quot;Мью-Три&quot;, + КБС на уровне &quot;ДББХ&quot; и &quot;WSHR&quot;. -)\nНа новых мэйкерах - способность тырения скриптов.', 77),
(115, '', '', '', '', '', '', '', '', '', '', '', '', '', 'Bla!', 77),
(116, '', '', '', '', '', '', '', '', '', '', '', '', '', 'Продвинутые', 77),
(117, '', '', '', '', '', '', '', '', '', '', '', '', '', 'Хех.', 77),
(48, 'РПГ Мэйкер, рисование', '', '', '', 'Москва', 'dragol', 'MakerZaslanetz', 'http://dragol.deviantart.com', '', '', 'Maker_Zaslanetz', '', '', 'OVER9000', 77);

-- --------------------------------------------------------

--
-- Структура таблицы `phpbb_profile_fields_lang`
--

CREATE TABLE IF NOT EXISTS `phpbb_profile_fields_lang` (
  `field_id` mediumint(8) unsigned NOT NULL DEFAULT '0',
  `lang_id` mediumint(8) unsigned NOT NULL DEFAULT '0',
  `option_id` mediumint(8) unsigned NOT NULL DEFAULT '0',
  `field_type` varchar(100) COLLATE utf8_bin NOT NULL DEFAULT '',
  `lang_value` varchar(255) COLLATE utf8_bin NOT NULL DEFAULT '',
  PRIMARY KEY (`field_id`,`lang_id`,`option_id`)
) ENGINE=MyISAM DEFAULT CHARSET=utf8 COLLATE=utf8_bin;

-- --------------------------------------------------------

--
-- Структура таблицы `phpbb_profile_lang`
--

CREATE TABLE IF NOT EXISTS `phpbb_profile_lang` (
  `field_id` mediumint(8) unsigned NOT NULL DEFAULT '0',
  `lang_id` mediumint(8) unsigned NOT NULL DEFAULT '0',
  `lang_name` varchar(255) COLLATE utf8_bin NOT NULL DEFAULT '',
  `lang_explain` text COLLATE utf8_bin NOT NULL,
  `lang_default_value` varchar(255) COLLATE utf8_bin NOT NULL DEFAULT '',
  PRIMARY KEY (`field_id`,`lang_id`)
) ENGINE=MyISAM DEFAULT CHARSET=utf8 COLLATE=utf8_bin;

--
-- Дамп данных таблицы `phpbb_profile_lang`
--

INSERT INTO `phpbb_profile_lang` (`field_id`, `lang_id`, `lang_name`, `lang_explain`, `lang_default_value`) VALUES
(1, 1, 'LOCATION', '', ''),
(1, 2, 'LOCATION', '', ''),
(2, 1, 'WEBSITE', '', ''),
(2, 2, 'WEBSITE', '', ''),
(3, 1, 'INTERESTS', '', ''),
(3, 2, 'INTERESTS', '', ''),
(4, 1, 'OCCUPATION', '', ''),
(4, 2, 'OCCUPATION', '', ''),
(5, 1, 'AOL', '', ''),
(5, 2, 'AOL', '', ''),
(6, 1, 'ICQ', '', ''),
(6, 2, 'ICQ', '', ''),
(7, 1, 'WLM', '', ''),
(7, 2, 'WLM', '', ''),
(8, 1, 'YAHOO', '', ''),
(8, 2, 'YAHOO', '', ''),
(9, 1, 'FACEBOOK', '', ''),
(9, 2, 'FACEBOOK', '', ''),
(10, 1, 'TWITTER', '', ''),
(10, 2, 'TWITTER', '', ''),
(11, 1, 'SKYPE', '', ''),
(11, 2, 'SKYPE', '', ''),
(12, 1, 'YOUTUBE', '', ''),
(12, 2, 'YOUTUBE', '', ''),
(13, 1, 'GOOGLEPLUS', '', ''),
(13, 2, 'GOOGLEPLUS', '', ''),
(14, 2, 'Возможности в RPG Maker', 'Краткое описание ваших возможностей в программе RPG Maker', ''),
(14, 1, 'phpbb_capability', 'Возможности в RPG Maker', ''),
(15, 2, 'Антиспам', '2+75', ''),
(15, 1, 'Антиспам', '2+75', '');

-- --------------------------------------------------------

--
-- Структура таблицы `phpbb_ranks`
--

CREATE TABLE IF NOT EXISTS `phpbb_ranks` (
  `rank_id` mediumint(8) unsigned NOT NULL AUTO_INCREMENT,
  `rank_title` varchar(255) COLLATE utf8_bin NOT NULL DEFAULT '',
  `rank_min` mediumint(8) unsigned NOT NULL DEFAULT '0',
  `rank_special` tinyint(1) unsigned NOT NULL DEFAULT '0',
  `rank_image` varchar(255) COLLATE utf8_bin NOT NULL DEFAULT '',
  PRIMARY KEY (`rank_id`)
) ENGINE=MyISAM  DEFAULT CHARSET=utf8 COLLATE=utf8_bin AUTO_INCREMENT=2 ;

--
-- Дамп данных таблицы `phpbb_ranks`
--

INSERT INTO `phpbb_ranks` (`rank_id`, `rank_title`, `rank_min`, `rank_special`, `rank_image`) VALUES
(1, 'Администратор', 0, 1, '');

-- --------------------------------------------------------

--
-- Структура таблицы `phpbb_reports`
--

CREATE TABLE IF NOT EXISTS `phpbb_reports` (
  `report_id` mediumint(8) unsigned NOT NULL AUTO_INCREMENT,
  `reason_id` smallint(4) unsigned NOT NULL DEFAULT '0',
  `post_id` mediumint(8) unsigned NOT NULL DEFAULT '0',
  `user_id` mediumint(8) unsigned NOT NULL DEFAULT '0',
  `user_notify` tinyint(1) unsigned NOT NULL DEFAULT '0',
  `report_closed` tinyint(1) unsigned NOT NULL DEFAULT '0',
  `report_time` int(11) unsigned NOT NULL DEFAULT '0',
  `report_text` mediumtext COLLATE utf8_bin NOT NULL,
  `pm_id` mediumint(8) unsigned NOT NULL DEFAULT '0',
  `reported_post_enable_bbcode` tinyint(1) unsigned NOT NULL DEFAULT '1',
  `reported_post_enable_smilies` tinyint(1) unsigned NOT NULL DEFAULT '1',
  `reported_post_enable_magic_url` tinyint(1) unsigned NOT NULL DEFAULT '1',
  `reported_post_text` mediumtext COLLATE utf8_bin NOT NULL,
  `reported_post_uid` varchar(8) COLLATE utf8_bin NOT NULL DEFAULT '',
  `reported_post_bitfield` varchar(255) COLLATE utf8_bin NOT NULL DEFAULT '',
  PRIMARY KEY (`report_id`),
  KEY `post_id` (`post_id`),
  KEY `pm_id` (`pm_id`)
) ENGINE=MyISAM DEFAULT CHARSET=utf8 COLLATE=utf8_bin AUTO_INCREMENT=1 ;

-- --------------------------------------------------------

--
-- Структура таблицы `phpbb_reports_reasons`
--

CREATE TABLE IF NOT EXISTS `phpbb_reports_reasons` (
  `reason_id` smallint(4) unsigned NOT NULL AUTO_INCREMENT,
  `reason_title` varchar(255) COLLATE utf8_bin NOT NULL DEFAULT '',
  `reason_description` mediumtext COLLATE utf8_bin NOT NULL,
  `reason_order` smallint(4) unsigned NOT NULL DEFAULT '0',
  PRIMARY KEY (`reason_id`)
) ENGINE=MyISAM  DEFAULT CHARSET=utf8 COLLATE=utf8_bin AUTO_INCREMENT=5 ;

--
-- Дамп данных таблицы `phpbb_reports_reasons`
--

INSERT INTO `phpbb_reports_reasons` (`reason_id`, `reason_title`, `reason_description`, `reason_order`) VALUES
(1, 'warez', 'Сообщение содержит ссылки на незаконные или пиратские программы.', 1),
(2, 'spam', 'Сообщение имеет единственной целью рекламу сайтов, программ или других продуктов, товаров, услуг и пр.', 2),
(3, 'off_topic', 'Сообщение не относится к обсуждаемой теме.', 3),
(4, 'other', 'Причина обжалования не относится ни к одной из перечисленных, используйте поле дополнительной информации.', 4);

-- --------------------------------------------------------

--
-- Структура таблицы `phpbb_search_results`
--

CREATE TABLE IF NOT EXISTS `phpbb_search_results` (
  `search_key` varchar(32) COLLATE utf8_bin NOT NULL DEFAULT '',
  `search_time` int(11) unsigned NOT NULL DEFAULT '0',
  `search_keywords` mediumtext COLLATE utf8_bin NOT NULL,
  `search_authors` mediumtext COLLATE utf8_bin NOT NULL,
  PRIMARY KEY (`search_key`)
) ENGINE=MyISAM DEFAULT CHARSET=utf8 COLLATE=utf8_bin;

-- --------------------------------------------------------

--
-- Структура таблицы `phpbb_search_wordlist`
--

CREATE TABLE IF NOT EXISTS `phpbb_search_wordlist` (
  `word_id` mediumint(8) unsigned NOT NULL AUTO_INCREMENT,
  `word_text` varchar(255) COLLATE utf8_bin NOT NULL DEFAULT '',
  `word_common` tinyint(1) unsigned NOT NULL DEFAULT '0',
  `word_count` mediumint(8) unsigned NOT NULL DEFAULT '0',
  PRIMARY KEY (`word_id`),
  UNIQUE KEY `wrd_txt` (`word_text`),
  KEY `wrd_cnt` (`word_count`)
) ENGINE=MyISAM  DEFAULT CHARSET=utf8 COLLATE=utf8_bin AUTO_INCREMENT=3736 ;

--
-- Дамп данных таблицы `phpbb_search_wordlist`
--

INSERT INTO `phpbb_search_wordlist` (`word_id`, `word_text`, `word_common`, `word_count`) VALUES
(1, 'это', 0, 6),
(2, 'пример', 0, 0),
(3, 'сообщения', 0, 0),
(4, 'вашей', 0, 0),
(5, 'конференции', 0, 0),
(6, 'phpbb3', 0, 0),
(7, 'всё', 0, 4),
(8, 'работает', 0, 1),
(9, 'правильно', 0, 1),
(10, 'можете', 0, 0),
(11, 'удалить', 0, 0),
(12, 'сообщение', 0, 0),
(13, 'продолжить', 0, 0),
(14, 'настройку', 0, 0),
(15, 'процессе', 0, 0),
(16, 'установки', 0, 0),
(17, 'первой', 0, 1),
(18, 'категории', 0, 0),
(19, 'первому', 0, 0),
(20, 'форуму', 0, 0),
(21, 'были', 0, 1),
(22, 'заданы', 0, 0),
(23, 'подходящие', 0, 0),
(24, 'права', 0, 0),
(25, 'доступа', 0, 0),
(26, 'для', 0, 4),
(27, 'предустановленных', 0, 0),
(28, 'групп', 0, 0),
(29, 'администраторов', 0, 0),
(30, 'супермодераторов', 0, 0),
(31, 'гостей', 0, 0),
(32, 'зарегистрированных', 0, 0),
(33, 'пользователей', 0, 1),
(34, 'соответствии', 0, 0),
(35, 'coppa', 0, 0),
(36, 'если', 0, 8),
(37, 'решите', 0, 0),
(38, 'вашу', 0, 0),
(39, 'первую', 0, 0),
(40, 'категорию', 0, 0),
(41, 'первый', 0, 2),
(42, 'форум', 0, 4),
(43, 'забудьте', 0, 0),
(44, 'установить', 0, 0),
(45, 'всех', 0, 1),
(46, 'новых', 0, 0),
(47, 'категорий', 0, 0),
(48, 'форумов', 0, 0),
(49, 'которые', 0, 0),
(50, 'создаёте', 0, 0),
(51, 'рекомендуем', 0, 0),
(52, 'переименовать', 0, 0),
(53, 'копировать', 0, 0),
(54, 'них', 0, 2),
(55, 'вновь', 0, 0),
(56, 'создаваемым', 0, 0),
(57, 'категориям', 0, 0),
(58, 'форумам', 0, 0),
(59, 'удачи', 0, 0),
(60, 'добро', 0, 2),
(61, 'пожаловать', 0, 2),
(118, 'догнать', 0, 1),
(117, 'плане', 0, 1),
(116, 'каком', 0, 1),
(115, 'цель', 0, 4),
(114, 'наша', 0, 2),
(113, 'похоже', 0, 2),
(112, 'этом', 0, 6),
(111, 'услышано', 0, 1),
(110, 'будет', 0, 6),
(109, 'факт', 0, 2),
(108, 'еще', 0, 3),
(107, 'где', 0, 7),
(106, 'либо', 0, 1),
(105, 'тут', 0, 8),
(104, 'оставить', 0, 1),
(103, 'можно', 0, 7),
(102, 'предложения', 0, 1),
(101, 'все', 0, 8),
(100, 'запущен', 0, 1),
(62, 'доброе', 0, 1),
(63, 'утро', 0, 1),
(64, 'братки', 0, 1),
(65, 'расклад', 0, 1),
(66, 'такой', 0, 5),
(67, 'инвайдеры', 0, 1),
(68, 'рубят', 0, 1),
(69, 'нехилые', 0, 1),
(70, 'бабки', 0, 1),
(71, 'босс', 0, 1),
(72, 'говорит', 0, 2),
(73, 'держать', 0, 1),
(74, 'нос', 0, 1),
(75, 'ветру', 0, 1),
(76, 'хотим', 0, 1),
(77, 'оплачивать', 0, 1),
(78, 'дискотеки', 0, 1),
(79, 'собственных', 0, 1),
(80, 'денег', 0, 2),
(81, 'нам', 0, 2),
(82, 'нужны', 0, 1),
(83, 'персики', 0, 1),
(84, 'перчики', 0, 1),
(85, 'пока', 0, 5),
(86, 'придумаем', 0, 1),
(87, 'десять', 0, 1),
(88, 'игр', 0, 3),
(89, 'этой', 0, 3),
(90, 'комнаты', 0, 2),
(91, 'шагу', 0, 2),
(92, 'итак', 0, 3),
(93, 'что', 0, 22),
(94, 'нас', 0, 6),
(95, 'есть', 0, 7),
(96, 'форумы', 0, 2),
(97, 'разработчиков', 0, 2),
(98, 'видеоигр', 0, 2),
(99, '1979', 0, 2),
(119, 'перегнать', 0, 1),
(120, 'всяких', 0, 1),
(121, 'прочих', 0, 2),
(122, 'прав', 0, 1),
(123, 'поправьте', 0, 1),
(124, 'меня', 0, 4),
(125, 'ближайшем', 0, 1),
(126, 'будущем', 0, 1),
(127, 'хотелось', 0, 3),
(128, 'создать', 0, 1),
(129, 'аналог', 0, 1),
(130, 'некогда', 0, 2),
(131, 'почившего', 0, 1),
(132, 'без', 0, 5),
(133, 'времени', 0, 4),
(134, 'темного', 0, 1),
(135, 'форума', 0, 3),
(136, 'которым', 0, 1),
(137, 'руководил', 0, 1),
(138, 'darkrider', 0, 1),
(139, 'небольшим', 0, 1),
(140, 'дополнением', 0, 1),
(141, 'виде', 0, 2),
(142, 'микроблогов', 0, 1),
(143, 'отсеченных', 0, 1),
(144, 'основного', 0, 1),
(145, 'наподобие', 0, 2),
(146, 'rpgmaker', 0, 2),
(147, 'net', 0, 2),
(148, 'однако', 0, 2),
(149, 'уже', 0, 7),
(150, 'скоро', 0, 2),
(151, 'при', 0, 2),
(152, 'таком', 0, 1),
(153, 'подходе', 0, 1),
(154, 'встанет', 0, 1),
(155, 'вопрос', 0, 2),
(156, 'расширении', 0, 1),
(157, 'так', 0, 8),
(158, 'как', 0, 12),
(159, 'свободного', 0, 1),
(160, 'пространства', 0, 1),
(161, 'связи', 0, 1),
(162, 'архивом', 0, 1),
(163, 'антберга', 0, 2),
(164, 'очень', 0, 13),
(165, 'мало', 0, 4),
(166, 'другой', 0, 1),
(167, 'стороны', 0, 2),
(168, 'важной', 0, 1),
(169, 'задачей', 0, 1),
(170, 'является', 0, 1),
(171, 'сплочение', 0, 1),
(172, 'коллектива', 0, 1),
(173, 'рамках', 0, 1),
(174, 'единого', 0, 1),
(175, 'физического', 0, 1),
(176, 'рабочего', 0, 1),
(177, 'здесь', 0, 3),
(178, 'боюсь', 0, 1),
(179, 'помогут', 0, 1),
(180, 'микроблоги', 0, 1),
(181, 'этому', 0, 2),
(182, 'вопросу', 0, 1),
(183, 'также', 0, 4),
(184, 'будут', 0, 3),
(185, 'рассмотрены', 0, 1),
(186, 'надеюсь', 0, 4),
(187, 'скором', 0, 1),
(188, 'настанет', 0, 1),
(189, 'час', 0, 2),
(190, 'когда', 0, 4),
(191, 'повернем', 0, 1),
(192, 'судьбу', 0, 1),
(193, 'нужном', 0, 1),
(194, 'направлении', 0, 1),
(195, 'падайте', 0, 1),
(196, 'духом', 0, 2),
(197, 'господа', 0, 1),
(198, 'вами', 0, 2),
(199, 'был', 0, 7),
(200, 'всегда', 0, 2),
(201, 'энтузиазме', 0, 1),
(202, 'syrax', 0, 1),
(203, 'мысли', 0, 7),
(204, 'поводу', 0, 9),
(205, 'test', 0, 0),
(206, 'долгострой', 0, 1),
(207, 'который', 0, 5),
(208, 'ждал', 0, 2),
(209, 'его', 0, 5),
(210, 'нового', 0, 1),
(211, 'псевдосовременный', 0, 1),
(212, 'мир', 0, 3),
(213, 'дискретное', 0, 1),
(214, 'передвижение', 0, 1),
(215, 'видом', 0, 1),
(216, 'первого', 0, 1),
(217, 'лица', 0, 1),
(218, 'партия', 0, 1),
(219, 'героев', 0, 1),
(220, 'вообще', 0, 3),
(221, 'персона', 0, 1),
(222, 'апдейты', 0, 1),
(223, 'каждый', 0, 1),
(224, 'день', 0, 4),
(225, 'reflection', 0, 8),
(226, 'конечно', 0, 6),
(227, 'всем', 0, 2),
(228, 'понравиться', 0, 1),
(229, 'особенно', 0, 1),
(230, 'кое', 0, 2),
(231, 'каким', 0, 2),
(232, 'рыжим', 0, 1),
(233, 'даже', 0, 5),
(234, 'почти', 0, 2),
(235, 'готов', 0, 1),
(236, 'поддержать', 0, 1),
(237, 'какой', 0, 5),
(238, 'мере', 0, 1),
(239, 'ибо', 0, 1),
(240, 'ношу', 0, 1),
(241, 'лэйбл', 0, 1),
(242, 'бывшего', 0, 1),
(243, 'гдса', 0, 1),
(244, 'своей', 0, 1),
(245, 'шапке', 0, 1),
(246, 'пихаю', 0, 1),
(247, 'логотип', 0, 1),
(248, 'свои', 0, 2),
(249, 'игры', 0, 2),
(250, 'осталось', 0, 1),
(251, 'затащить', 0, 1),
(252, 'сюда', 0, 2),
(253, 'ряд', 0, 1),
(254, 'людей', 0, 2),
(255, 'труп', 0, 1),
(256, 'того', 0, 3),
(257, 'нет', 0, 1),
(258, 'тоже', 0, 1),
(259, 'fox', 0, 1),
(260, 'бутылка', 0, 1),
(261, 'пива', 0, 2),
(262, 'скарлепаск', 0, 1),
(263, 'знаю', 0, 3),
(264, 'побуждаем', 0, 1),
(265, 'называть', 0, 1),
(266, 'темы', 0, 1),
(267, 'этими', 0, 2),
(268, 'названиями', 0, 1),
(269, 'просто', 0, 4),
(270, 'мог', 0, 2),
(271, 'данный', 0, 3),
(272, 'момент', 0, 4),
(273, 'ушах', 0, 1),
(274, 'звенят', 0, 1),
(275, 'foxes', 0, 1),
(276, 'let', 0, 1),
(277, 'for', 0, 1),
(278, 'tonight', 0, 1),
(279, 'http', 0, 5),
(280, 'www', 0, 2),
(281, 'youtube', 0, 1),
(282, 'com', 0, 2),
(283, 'watch', 0, 1),
(284, 'pecj5ggjqi8', 0, 1),
(285, 'культ', 0, 6),
(286, 'сорванной', 0, 6),
(287, 'каски', 0, 6),
(288, 'или', 0, 11),
(289, 'слушаем', 0, 6),
(290, 'могу', 0, 3),
(291, 'дождаться', 0, 1),
(292, 'корней', 0, 1),
(293, 'чуковский', 0, 1),
(294, 'крокодил', 0, 1),
(295, 'читает', 0, 2),
(296, 'автор', 0, 2),
(297, 'green', 0, 1),
(298, 'day', 0, 1),
(299, 'barbie', 0, 1),
(300, 'girl', 0, 1),
(301, 'ska', 0, 1),
(302, 'клуб', 0, 0),
(303, 'знакомств', 0, 0),
(304, 'тольятти', 0, 0),
(305, 'секс', 0, 0),
(306, 'знакомства', 0, 0),
(307, 'спб', 0, 0),
(308, 'познакомлюсь', 0, 0),
(309, 'кореянкой', 0, 0),
(310, 'сумы', 0, 0),
(311, 'досуг', 0, 0),
(312, 'интим', 0, 0),
(313, 'оренбурге', 0, 0),
(314, 'красивых', 0, 0),
(315, 'сайт', 0, 1),
(316, 'салавате', 0, 0),
(317, 'сайты', 0, 1),
(318, 'новгороде', 0, 0),
(319, 'тихорецк', 0, 0),
(320, 'город', 0, 0),
(321, 'ейск', 0, 0),
(322, 'руруто', 0, 0),
(323, 'ком', 0, 0),
(324, 'краматорск', 0, 0),
(325, 'знакомство', 0, 0),
(326, 'семейной', 0, 0),
(327, 'парой', 0, 0),
(328, 'против', 0, 0),
(329, 'познакомится', 0, 0),
(330, 'театр', 0, 0),
(331, 'томск', 0, 0),
(332, 'ишимбай', 0, 0),
(333, 'чат', 0, 0),
(334, 'хочу', 0, 0),
(335, 'секса', 0, 0),
(336, 'серпухов', 0, 0),
(337, 'новоалександровск', 0, 0),
(338, 'губкине', 0, 0),
(339, 'частные', 0, 0),
(340, 'приморский', 0, 0),
(341, 'край', 0, 0),
(342, 'рязанской', 0, 0),
(343, 'области', 0, 0),
(344, 'таразе', 0, 0),
(345, 'тирасполь', 0, 0),
(346, 'нирвана', 0, 0),
(347, 'омские', 0, 0),
(348, 'познакомиться', 0, 0),
(349, 'красивой', 0, 0),
(350, 'девушкой', 0, 0),
(351, 'рамблер', 0, 0),
(352, 'почта', 0, 0),
(353, 'лавпланет', 0, 0),
(354, 'армения', 0, 0),
(1975, 'фотострана', 0, 0),
(1945, 'была', 0, 3),
(2220, 'мотоцикле', 0, 1),
(1974, 'курск', 0, 0),
(1984, 'реалистические', 0, 0),
(1983, 'мужчина', 0, 0),
(2219, 'рассекал', 0, 1),
(2022, 'мужиков', 0, 1),
(2236, 'запомнилось', 0, 1),
(1973, 'границей', 0, 0),
(1972, 'кубинка', 0, 0),
(2021, 'бабы', 0, 0),
(2310, 'дичают', 0, 1),
(2355, 'опять', 0, 1),
(2020, 'сасово', 0, 0),
(2018, 'сдевушками', 0, 0),
(2019, 'мальчиком', 0, 0),
(1944, 'атака', 0, 7),
(355, 'boy', 0, 0),
(356, 'степное', 0, 0),
(357, 'телефоны', 0, 0),
(358, 'индивидуалок', 0, 0),
(359, 'москвы', 0, 0),
(360, 'пошехонье', 0, 0),
(361, 'александров', 0, 0),
(362, 'гай', 0, 0),
(363, 'пестово', 0, 0),
(364, 'устье', 0, 0),
(365, 'интима', 0, 0),
(366, 'кувандык', 0, 0),
(367, 'соколе', 0, 0),
(368, 'гуляйполе', 0, 0),
(369, 'киквидзе', 0, 0),
(370, 'фаленки', 0, 0),
(371, 'терек', 0, 0),
(372, 'узин', 0, 0),
(373, 'житомир', 0, 0),
(374, 'бобровица', 0, 0),
(375, 'днепропетровск', 0, 0),
(376, 'рябиновка', 0, 0),
(377, 'звериноголовское', 0, 0),
(378, 'вышгород', 0, 0),
(379, 'ирпень', 0, 0),
(380, 'пограничный', 0, 0),
(381, 'бузулуке', 0, 0),
(382, 'нижнекамск', 0, 0),
(383, 'орехово', 0, 0),
(384, 'зуево', 0, 0),
(385, 'учалы', 0, 0),
(386, 'успенское', 0, 0),
(387, 'муравленко', 0, 0),
(388, 'харовск', 0, 0),
(389, 'чистоозерное', 0, 0),
(390, 'новый', 0, 0),
(391, 'некоуз', 0, 0),
(392, 'приаргунск', 0, 0),
(393, 'коллегой', 0, 0),
(394, 'городище', 0, 0),
(395, 'спас', 0, 0),
(396, 'клепики', 0, 0),
(2441, 'реализма', 0, 1),
(2440, 'сочетание', 0, 1),
(1971, 'нюшей', 0, 0),
(2256, 'фантастическим', 0, 1),
(2293, 'наступает', 0, 1),
(2309, 'люди', 0, 3),
(2255, 'научно', 0, 1),
(2308, 'реалистично', 0, 1),
(2292, 'руины', 0, 1),
(397, 'телефону', 0, 0),
(398, 'новоград', 0, 0),
(399, 'волынский', 0, 0),
(400, 'новоуральск', 0, 0),
(401, 'полярный', 0, 0),
(402, 'израильский', 0, 0),
(403, 'тула', 0, 0),
(404, 'одинокая', 0, 0),
(405, 'женщина', 0, 0),
(406, 'желает', 0, 0),
(407, 'онлайн', 0, 0),
(408, 'бесплатные', 0, 0),
(409, 'девушками', 0, 0),
(410, 'доска', 0, 0),
(411, 'объявлений', 0, 0),
(412, 'деловые', 0, 0),
(413, 'темрюк', 0, 0),
(414, 'боровичи', 0, 0),
(415, 'сальск', 0, 0),
(416, 'армавир', 0, 0),
(417, 'девушка', 0, 1),
(418, 'хочет', 0, 0),
(419, 'минет', 0, 0),
(420, 'дагестан', 0, 0),
(421, 'девочки', 0, 0),
(422, 'вызову', 0, 0),
(423, 'сегодня', 0, 2),
(424, 'одну', 0, 1),
(425, 'ночь', 0, 0),
(426, 'липецке', 0, 0),
(427, 'вирт', 0, 0),
(428, 'белорецк', 0, 0),
(429, 'красное', 0, 0),
(430, 'кмв', 0, 0),
(431, 'семёнов', 0, 0),
(432, 'москва', 0, 0),
(433, 'канаше', 0, 0),
(434, 'смоленская', 0, 0),
(435, 'область', 0, 0),
(436, 'услуги', 0, 0),
(2425, 'впрочем', 0, 1),
(2424, 'предположу', 0, 1),
(2017, 'надежда', 0, 0),
(1999, 'зарайск', 0, 0),
(1982, 'кукла', 0, 0),
(2273, 'больше', 0, 2),
(2381, 'интересны', 0, 1),
(2235, 'насколько', 0, 1),
(2016, 'два', 0, 1),
(1970, 'сузун', 0, 0),
(2218, 'время', 0, 3),
(2254, 'одновременно', 0, 1),
(1969, 'саранске', 0, 0),
(437, 'индивидуалки', 0, 0),
(438, 'подать', 0, 0),
(439, 'объявление', 0, 0),
(440, 'знакомстве', 0, 0),
(441, 'мой', 0, 1),
(442, 'майл', 0, 0),
(443, 'золотухино', 0, 0),
(444, 'панкрушиха', 0, 0),
(445, 'служба', 0, 0),
(446, 'солтон', 0, 0),
(447, 'явас', 0, 0),
(448, 'невельск', 0, 0),
(449, 'новгород', 0, 0),
(450, 'северский', 0, 0),
(451, 'один', 0, 0),
(452, 'раз', 0, 5),
(453, 'шумерля', 0, 0),
(454, 'самарской', 0, 0),
(455, 'онона', 0, 0),
(456, 'украине', 0, 0),
(457, 'транс', 0, 0),
(458, 'парнем', 0, 1),
(459, 'усть', 0, 0),
(460, 'донецкий', 0, 0),
(461, 'яшкино', 0, 0),
(462, 'волочаевское', 0, 0),
(463, 'урус', 0, 0),
(464, 'мартан', 0, 0),
(465, 'чечня', 0, 0),
(466, 'шумячи', 0, 0),
(467, 'устилуг', 0, 0),
(468, 'норильск', 0, 0),
(469, 'екатериновка', 0, 0),
(470, 'харьковский', 0, 0),
(471, 'коломна', 0, 0),
(472, 'идеал', 0, 0),
(473, 'липово', 0, 0),
(474, 'пугачёв', 0, 0),
(2476, 'ито', 0, 1),
(2475, 'дзюндзи', 0, 1),
(2474, 'uzumaki', 0, 1),
(2374, 'жрицей', 0, 1),
(1968, 'губкин', 0, 0),
(2473, 'ужасов', 0, 1),
(2472, 'своё', 0, 1),
(2272, 'схваток', 0, 1),
(2439, 'ней', 0, 2),
(2015, 'камера', 0, 1),
(2253, 'окраску', 0, 1),
(2217, 'чел', 0, 1),
(2432, 'сторону', 0, 2),
(475, 'ярославле', 0, 0),
(476, 'регистрации', 0, 0),
(477, 'шилово', 0, 0),
(478, 'новомичуринск', 0, 0),
(479, 'новокубанске', 0, 0),
(480, 'лет', 0, 1),
(481, 'кирова', 0, 0),
(482, 'пермь', 0, 0),
(483, 'вологодской', 0, 0),
(484, 'обл', 0, 0),
(485, 'ленинском', 0, 0),
(486, 'нижний', 0, 0),
(487, 'тагил', 0, 0),
(488, 'телефоном', 0, 0),
(489, 'порно', 0, 0),
(490, 'бесплатно', 0, 0),
(491, 'смс', 0, 0),
(492, 'сказка', 0, 0),
(493, 'великий', 0, 0),
(494, 'ленинск', 0, 0),
(495, 'кузнецкий', 0, 0),
(496, 'интимных', 0, 0),
(497, 'встреч', 0, 0),
(498, 'другую', 0, 0),
(499, 'девушку', 0, 0),
(500, 'шумиха', 0, 0),
(501, 'мобимеет', 0, 0),
(502, 'саратов', 0, 0),
(503, 'печоры', 0, 0),
(504, 'мжм', 0, 0),
(505, 'котельниково', 0, 0),
(506, 'стихи', 0, 0),
(507, 'салоны', 0, 0),
(508, 'сочи', 0, 0),
(509, 'донецк', 0, 0),
(510, 'украина', 0, 0),
(511, 'первоуральск', 0, 0),
(512, 'сайте', 0, 0),
(513, 'мон', 0, 0),
(514, 'амур', 0, 0),
(515, 'разные', 0, 2),
(516, 'кисловодск', 0, 0),
(517, 'номерами', 0, 0),
(518, 'телефонов', 0, 0),
(519, 'ярославль', 0, 0),
(2409, 'истории', 0, 1),
(2307, 'вещи', 0, 2),
(2471, 'автора', 0, 1),
(2470, 'dream', 0, 1),
(2469, 'child', 0, 1),
(2398, 'евангелиона', 0, 1),
(1981, 'самостоятельно', 0, 0),
(2468, 'domu', 0, 1),
(2467, '3444766', 0, 1),
(2452, 'неявно', 0, 1),
(2397, 'финалом', 0, 1),
(2466, 'способностями', 0, 1),
(2252, 'комедийную', 0, 1),
(2465, 'детей', 0, 1),
(2354, 'реалистической', 0, 1),
(1967, 'кимрах', 0, 0),
(2216, 'героя', 0, 2),
(2408, 'конец', 0, 1),
(520, 'двумя', 0, 1),
(521, 'красный', 0, 0),
(522, 'переславль', 0, 0),
(523, 'аше', 0, 0),
(524, 'буденновск', 0, 0),
(525, 'архангельская', 0, 0),
(526, 'чебаркуле', 0, 0),
(527, 'скайпу', 0, 0),
(528, 'жуковский', 0, 0),
(529, 'пензенский', 0, 0),
(530, 'качканар', 0, 0),
(531, 'корейцем', 0, 0),
(532, 'александрове', 0, 0),
(533, 'асбест', 0, 0),
(534, 'суровикино', 0, 0),
(535, 'интимные', 0, 0),
(536, 'отношения', 0, 0),
(537, 'спонсорами', 0, 0),
(538, 'нальчик', 0, 0),
(539, 'саратовские', 0, 0),
(540, 'ужгород', 0, 0),
(541, 'приморском', 0, 0),
(542, 'крае', 0, 0),
(543, 'марьино', 0, 0),
(544, 'николаевск', 0, 0),
(545, 'амуре', 0, 0),
(546, 'кут', 0, 0),
(547, 'лесосибирске', 0, 0),
(548, 'петрово', 0, 0),
(549, 'мурманске', 0, 0),
(550, 'макеевка', 0, 0),
(551, 'кривой', 0, 0),
(552, 'рог', 0, 0),
(553, 'балашов', 0, 0),
(554, 'пензенской', 0, 0),
(555, 'саратове', 0, 0),
(556, 'архангельске', 0, 0),
(2477, 'перечитал', 0, 1),
(2161, 'каждые', 0, 1),
(2164, 'сканы', 0, 1),
(2166, 'результате', 0, 1),
(2162, 'которых', 0, 2),
(2098, 'дали', 0, 1),
(2099, 'боту', 0, 1),
(2100, 'шанс', 0, 1),
(2101, 'побыть', 0, 1),
(2102, 'человеком', 0, 1),
(2103, 'обалдеть', 0, 1),
(2104, 'спасибо', 0, 3),
(2105, 'жив', 0, 2),
(2106, 'водится', 0, 1),
(2107, 'медитирую', 0, 1),
(2014, 'тимашёвск', 0, 0),
(557, 'курлово', 0, 0),
(558, 'каменогорск', 0, 0),
(559, 'орловский', 0, 0),
(560, 'югорск', 0, 0),
(561, '24open', 0, 0),
(562, 'сокаль', 0, 0),
(563, 'викулово', 0, 0),
(564, 'уфа', 0, 0),
(565, 'новосибирская', 0, 0),
(566, 'лихославль', 0, 0),
(567, 'новая', 0, 0),
(568, 'ладога', 0, 0),
(569, 'ермаково', 0, 0),
(570, 'долгоруково', 0, 0),
(571, 'буинск', 0, 0),
(572, 'котельники', 0, 0),
(573, 'стройный', 0, 0),
(574, 'лениногорск', 0, 0),
(575, 'бураево', 0, 0),
(576, 'багратионово', 0, 0),
(577, 'победино', 0, 0),
(578, 'перещепино', 0, 0),
(579, 'апрелевка', 0, 0),
(580, 'путивль', 0, 0),
(581, 'волгодонск', 0, 0),
(582, 'ханты', 0, 0),
(583, 'мансийский', 0, 0),
(584, 'автономный', 0, 0),
(585, 'округ', 0, 0),
(586, 'калманка', 0, 0),
(587, 'мишкино', 0, 0),
(588, 'шовгеновский', 0, 0),
(589, 'панино', 0, 0),
(590, 'завитинск', 0, 0),
(2460, 'образы', 0, 1),
(2342, 'своих', 0, 1),
(2326, 'аллегорию', 0, 1),
(2431, 'лучшую', 0, 1),
(2464, 'обнаружилось', 0, 1),
(2463, 'делал', 0, 2),
(2461, 'своём', 0, 1),
(2459, 'поздние', 0, 1),
(2234, 'показан', 0, 1),
(2421, 'середнячок', 0, 1),
(2422, 'шедевром', 0, 1),
(2423, 'назвать', 0, 1),
(2462, 'творчестве', 0, 1),
(591, 'вакуумный', 0, 0),
(592, 'мастурбатор', 0, 0),
(593, 'золотой', 0, 0),
(594, 'презерватив', 0, 0),
(595, 'жесткие', 0, 0),
(596, 'машины', 0, 0),
(597, 'эротическое', 0, 0),
(598, 'белье', 0, 0),
(599, 'красноярск', 0, 0),
(600, 'чем', 0, 4),
(601, 'заменить', 0, 0),
(602, 'игрушки', 0, 0),
(603, 'магазин', 0, 0),
(604, 'гей', 0, 0),
(605, 'эротический', 0, 0),
(606, 'костюм', 0, 0),
(607, 'медсестры', 0, 0),
(608, 'маленьких', 0, 0),
(609, 'размеров', 0, 0),
(610, 'шоп', 0, 0),
(611, 'пояс', 0, 0),
(612, 'верности', 0, 0),
(613, 'кольца', 0, 0),
(614, 'презервативы', 0, 0),
(615, 'пролонгирующей', 0, 0),
(616, 'смазкой', 0, 0),
(617, 'нижнее', 0, 0),
(618, 'заказать', 0, 0),
(619, 'красивое', 0, 0),
(620, 'купить', 0, 0),
(621, 'низким', 0, 0),
(622, 'ценам', 0, 0),
(623, 'попперс', 0, 0),
(624, 'использовать', 0, 0),
(625, 'мастурбация', 0, 0),
(626, 'игрушками', 0, 0),
(627, 'фаллоимитатор', 0, 0),
(628, 'двухсторонний', 0, 0),
(629, 'духи', 0, 0),
(630, 'феромонами', 0, 0),
(631, 'аптеке', 0, 0),
(632, 'мужчин', 0, 0),
(633, 'cobra', 0, 0),
(634, 'libre', 0, 0),
(635, 'сколько', 0, 0),
(636, 'стоит', 0, 0),
(637, 'смазка', 0, 0),
(638, 'продажа', 0, 0),
(639, 'женского', 0, 0),
(640, 'эротического', 0, 0),
(641, 'белья', 0, 0),
(642, 'вакуумная', 0, 0),
(643, 'помпа', 0, 0),
(644, 'члена', 0, 0),
(645, 'самодельные', 0, 0),
(646, 'фото', 0, 0),
(647, 'женское', 0, 0),
(648, 'розовый', 0, 0),
(649, 'фалоимитатор', 0, 0),
(650, 'семяизвержением', 0, 0),
(651, 'страпон', 0, 0),
(652, 'краснодаре', 0, 0),
(653, 'могилеве', 0, 0),
(654, 'анальные', 0, 0),
(655, 'лесбиянок', 0, 0),
(656, 'самотык', 0, 0),
(657, 'эротические', 0, 0),
(658, 'взрослых', 0, 0),
(659, 'гигантская', 0, 1),
(660, 'анальная', 0, 0),
(661, 'пробка', 0, 0),
(662, 'бабочка', 0, 0),
(663, 'игрушка', 0, 0),
(2458, 'знакомые', 0, 1),
(1998, 'новосибирские', 0, 0),
(2189, 'более', 0, 4),
(2113, 'вот', 0, 8),
(1966, 'ботов', 0, 6),
(1997, 'мурманск', 0, 0),
(1996, 'липецк', 0, 0),
(2453, 'позаимствовано', 0, 1),
(2457, 'натыкался', 0, 1),
(2456, 'авторами', 0, 1),
(1995, 'верещагино', 0, 0),
(2455, 'другими', 0, 1),
(1994, 'динская', 0, 0),
(2454, 'неё', 0, 2),
(1993, 'бузулук', 0, 0),
(2160, 'переводчиков', 0, 1),
(2158, 'нескольких', 0, 1),
(2159, 'команд', 0, 1),
(2150, 'php', 0, 1),
(2051, 'летнего', 0, 0),
(2052, 'периода', 0, 0),
(2053, '2015', 0, 0),
(2054, 'немецкого', 0, 0),
(2038, 'женщин', 0, 0),
(2039, 'ремне', 0, 0),
(2040, 'выбор', 0, 0),
(2041, 'долго', 0, 1),
(2042, 'кончать', 0, 0),
(2043, 'радиоуправлении', 0, 0),
(2044, 'травы', 0, 0),
(2084, 'качества', 0, 0),
(2085, 'счастие', 0, 0),
(664, 'городе', 0, 0),
(665, 'рубцовске', 0, 0),
(666, 'александровск', 0, 0),
(667, 'частоозерье', 0, 0),
(668, 'любви', 0, 0),
(669, 'нежности', 0, 0),
(670, 'голицыно', 0, 0),
(671, 'беременной', 0, 0),
(672, 'омчуг', 0, 0),
(673, 'левобережное', 0, 0),
(674, 'апшеронске', 0, 0),
(675, 'москве', 0, 0),
(676, 'лагань', 0, 0),
(677, 'зуевка', 0, 0),
(678, 'щёлкино', 0, 0),
(679, 'russianeuro', 0, 0),
(680, 'международная', 0, 0),
(681, 'экспресс', 0, 0),
(682, 'каменское', 0, 0),
(683, 'мамба', 0, 0),
(684, 'общение', 0, 0),
(685, 'ленинске', 0, 0),
(686, 'кузнецком', 0, 0),
(687, 'уруссу', 0, 0),
(688, 'ачинское', 0, 0),
(689, 'ясное', 0, 0),
(690, 'короленково', 0, 0),
(691, 'куровское', 0, 0),
(692, 'лубны', 0, 0),
(693, 'курганская', 0, 0),
(694, 'атня', 0, 0),
(695, 'железнодорожный', 0, 0),
(696, 'дрожжаное', 0, 0),
(697, 'пушкино', 0, 0),
(698, 'маевка', 0, 0),
(699, 'енисейск', 0, 0),
(2480, 'параноидальной', 0, 1),
(2288, 'сюжета', 0, 1),
(2289, 'место', 0, 1),
(2290, 'действия', 0, 1),
(2291, 'превращается', 0, 1),
(2341, 'завоевать', 0, 1),
(2482, 'речь', 0, 1),
(2478, 'том', 0, 3),
(2396, 'вкупе', 0, 1),
(2430, 'выделяется', 0, 1),
(2215, 'главного', 0, 2),
(2483, 'читал', 0, 1),
(2233, 'канеда', 0, 1),
(2481, 'забавной', 0, 1),
(2485, 'ощущение', 0, 1),
(2484, 'возникло', 0, 1),
(2479, 'мрачной', 0, 1),
(700, 'латексные', 0, 0),
(701, 'куклы', 0, 0),
(702, 'увеличение', 0, 0),
(703, 'полового', 0, 0),
(704, 'ростове', 0, 0),
(705, 'девушек', 0, 0),
(706, 'интернет', 0, 0),
(707, 'товаров', 0, 0),
(708, 'наручники', 0, 0),
(709, 'мехом', 0, 0),
(710, 'модная', 0, 0),
(711, 'сексуальная', 0, 0),
(712, 'одежда', 0, 0),
(713, 'маски', 0, 0),
(714, 'сделать', 0, 1),
(715, 'вагинальные', 0, 0),
(716, 'шарики', 0, 0),
(717, 'геев', 0, 0),
(718, 'инструкция', 0, 0),
(719, 'стриптиза', 0, 0),
(720, 'бруно', 0, 0),
(721, 'супер', 0, 0),
(722, 'доставка', 0, 0),
(723, 'живых', 0, 0),
(724, 'игрушек', 0, 0),
(725, 'твери', 0, 0),
(726, 'двоих', 0, 0),
(727, 'машин', 0, 0),
(728, 'эротичное', 0, 0),
(729, 'ошейник', 0, 0),
(730, 'оригинальное', 0, 0),
(731, 'пользоваться', 0, 0),
(732, 'анальной', 0, 0),
(733, 'пробкой', 0, 0),
(734, 'резиновые', 0, 0),
(735, 'женщины', 0, 0),
(736, 'фаллоимитаторы', 0, 0),
(737, 'почтой', 0, 0),
(738, 'конский', 0, 0),
(739, 'возбудитель', 0, 0),
(740, 'народным', 0, 0),
(741, 'способом', 0, 0),
(742, 'магазины', 0, 0),
(743, 'нижнего', 0, 0),
(744, 'новгорода', 0, 0),
(745, 'женские', 0, 0),
(746, 'какие', 0, 2),
(747, 'упражнения', 0, 0),
(748, 'увеличения', 0, 0),
(749, 'приколы', 0, 0),
(750, 'клубничка', 0, 0),
(751, 'товары', 0, 0),
(2359, 'куда', 0, 1),
(2096, 'аккаунт', 0, 1),
(2081, 'каталога', 0, 0),
(2060, 'моды', 0, 0),
(2061, 'хочется', 0, 0),
(2062, 'постоянно', 0, 2),
(2063, 'оставаться', 0, 0),
(2064, 'тренде', 0, 0),
(2055, 'концерна', 0, 0),
(2056, 'квелле', 0, 0),
(2057, 'любите', 0, 0),
(2030, 'tenga', 0, 0),
(2031, 'egg', 0, 0),
(2032, 'двусторонний', 0, 0),
(2033, 'изготовить', 0, 0),
(2034, 'ххх', 0, 0),
(2035, 'плотные', 0, 0),
(2036, 'искусственный', 0, 0),
(1980, 'большие', 0, 0),
(2108, 'реалах', 0, 1),
(2109, 'творческий', 0, 1),
(2140, 'небезызвестного', 0, 1),
(2037, 'сибирский', 0, 0),
(2188, 'намного', 0, 1),
(752, 'препарат', 0, 0),
(753, 'продолжительного', 0, 0),
(754, 'самый', 0, 3),
(755, 'длинный', 0, 0),
(756, 'вазелин', 0, 0),
(757, 'сексе', 0, 0),
(758, 'черное', 0, 0),
(759, 'куплю', 0, 0),
(760, 'oblivion', 0, 0),
(761, 'оренбург', 0, 0),
(762, 'китая', 0, 0),
(763, 'домашних', 0, 0),
(764, 'условиях', 0, 0),
(765, 'ur3', 0, 0),
(766, 'какая', 0, 2),
(767, 'лучше', 0, 1),
(768, 'дружок', 0, 0),
(769, 'красивые', 0, 0),
(770, 'самое', 0, 0),
(771, 'сексуальное', 0, 0),
(772, 'сексуальные', 0, 0),
(773, 'бельё', 0, 0),
(774, 'вместо', 0, 1),
(775, 'смазки', 0, 0),
(776, 'танца', 0, 0),
(777, 'изготовление', 0, 0),
(778, 'мастурбатора', 0, 0),
(779, 'девочек', 0, 0),
(780, 'масло', 0, 0),
(781, 'подсолнечное', 0, 0),
(782, 'pony', 0, 0),
(783, 'play', 0, 0),
(2149, 'viewtopic', 0, 1),
(2092, 'бот', 0, 1),
(2058, 'следить', 0, 0),
(2059, 'изменениями', 0, 0),
(2050, 'весенне', 0, 0),
(2083, 'европейского', 0, 0),
(2045, 'только', 0, 3),
(2091, 'алюка', 0, 1),
(2082, 'поистине', 0, 0),
(2046, 'вам', 0, 1),
(2047, 'предлагается', 0, 0),
(2048, 'главный', 0, 0),
(2049, 'quelle', 0, 0),
(784, 'ефремов', 0, 0),
(785, 'прически', 0, 0),
(786, 'казань', 0, 0),
(787, 'екатеринбург', 0, 0),
(788, 'тульская', 0, 0),
(789, 'белый', 0, 0),
(790, 'черкесск', 0, 0),
(791, 'подольск', 0, 0),
(792, 'мобимет', 0, 0),
(793, 'сыктывкар', 0, 0),
(794, 'беларуси', 0, 0),
(795, 'отношений', 0, 0),
(796, 'оленегорск', 0, 0),
(797, 'камчатка', 0, 0),
(798, 'республике', 0, 0),
(799, 'беларусь', 0, 0),
(800, 'белгородская', 0, 0),
(801, 'новокузнецк', 0, 0),
(802, 'гродно', 0, 0),
(803, 'чернигове', 0, 0),
(804, 'мужчинами', 0, 0),
(805, 'иркутск', 0, 0),
(806, 'социальная', 0, 0),
(807, 'сеть', 0, 0),
(808, 'одноклассники', 0, 0),
(809, 'мордовии', 0, 0),
(810, 'кузнецк', 0, 0),
(811, 'балаково', 0, 0),
(812, 'вязьме', 0, 0),
(813, 'артемовском', 0, 0),
(814, 'кострома', 0, 0),
(815, 'череповец', 0, 0),
(816, 'большой', 0, 1),
(817, 'сервер', 0, 0),
(818, 'кумертау', 0, 0),
(819, 'златоуст', 0, 0),
(820, 'ставрополь', 0, 0),
(2450, 'потом', 0, 2),
(2451, 'явно', 0, 2),
(2306, 'страшные', 0, 1),
(2214, 'канеды', 0, 1),
(2449, 'многое', 0, 1),
(2178, 'тот', 0, 2),
(2179, 'надо', 0, 1),
(2180, 'сказать', 0, 1),
(2181, 'сюжет', 0, 3),
(2182, 'манги', 0, 2),
(2183, 'сильно', 0, 2),
(2184, 'отличается', 0, 1),
(2185, 'показано', 0, 1),
(2186, 'экранизации', 0, 1),
(2187, 'события', 0, 2),
(2168, 'приходится', 0, 1),
(2165, 'американские', 0, 1),
(2163, 'переводили', 0, 1),
(821, 'найс', 0, 0),
(822, 'мои', 0, 0),
(823, 'любимые', 0, 0),
(824, 'хороший', 0, 0),
(825, 'интересные', 0, 0),
(2325, 'своеобразную', 0, 1),
(2486, 'таинственная', 0, 1),
(826, 'саха', 0, 0),
(827, 'якутия', 0, 0),
(828, 'уссурийск', 0, 0),
(829, 'геленджике', 0, 0),
(830, 'марксе', 0, 0),
(831, 'новокуйбышевск', 0, 0),
(832, 'саяногорск', 0, 0),
(833, 'лысьва', 0, 0),
(834, 'лав', 0, 0),
(835, 'планет', 0, 0),
(836, 'белая', 0, 0),
(837, 'церковь', 0, 0),
(838, 'объявления', 0, 0),
(839, 'сарапул', 0, 0),
(840, 'поиск', 0, 0),
(841, 'партнера', 0, 0),
(842, 'богатыми', 0, 0),
(843, 'сек', 0, 0),
(844, 'ульяновской', 0, 0),
(845, 'маленькая', 0, 1),
(846, 'девочка', 0, 1),
(847, 'куйбышево', 0, 0),
(848, 'приветик', 0, 0),
(849, 'познакомимся', 0, 0),
(850, 'богородицк', 0, 0),
(851, 'петропавловск', 0, 0),
(852, 'казахстан', 0, 0),
(853, 'тимашевск', 0, 0),
(854, 'свердловской', 0, 0),
(855, 'чехове', 0, 0),
(856, 'дону', 0, 0),
(857, 'печоре', 0, 0),
(2444, 'манговского', 0, 1),
(2447, 'сто', 0, 1),
(2448, 'пользу', 0, 1),
(2213, 'личность', 0, 1),
(2445, 'очарования', 0, 1),
(2407, 'отмечу', 0, 1),
(2446, 'сработал', 0, 1),
(2420, 'отсоветовать', 0, 1),
(2442, 'чисто', 0, 2),
(2443, 'анимешно', 0, 1),
(2287, 'начала', 0, 1),
(858, 'кирово', 0, 0),
(859, 'ковылкино', 0, 0),
(860, 'печора', 0, 0),
(861, 'соц', 0, 0),
(862, 'новосибирске', 0, 0),
(863, 'одесса', 0, 0),
(864, 'тюмень', 0, 0),
(865, 'южноукраинск', 0, 0),
(866, 'челябинске', 0, 0),
(867, 'запорожье', 0, 0),
(868, 'ишиме', 0, 0),
(869, 'нижневартовске', 0, 0),
(870, 'самаре', 0, 0),
(871, 'мордовия', 0, 0),
(872, 'после', 0, 3),
(873, 'золушка', 0, 0),
(874, 'тел', 0, 0),
(875, 'уфе', 0, 0),
(876, 'урюпинск', 0, 0),
(877, 'мобильный', 0, 0),
(878, 'сервис', 0, 0),
(879, 'шаблоны', 0, 0),
(880, 'татарином', 0, 0),
(881, 'арзамаса', 0, 0),
(2488, 'атмосфера', 0, 1),
(2487, 'вдумчивая', 0, 1),
(2211, 'отличием', 0, 1),
(2232, 'причём', 0, 2),
(2212, 'назвал', 0, 1),
(2095, 'было', 0, 5),
(2093, 'кто', 0, 4),
(2094, 'там', 0, 5),
(2086, 'соседнем', 0, 2),
(2087, 'треде', 0, 2),
(882, 'красноуральск', 0, 0),
(883, 'обнинске', 0, 0),
(884, 'ленинский', 0, 0),
(885, 'познакомились', 0, 0),
(886, 'абакане', 0, 0),
(887, 'через', 0, 1),
(888, 'максатиха', 0, 0),
(889, 'кому', 0, 0),
(890, 'тридцать', 0, 0),
(891, 'ruruto', 0, 0),
(892, 'харьков', 0, 0),
(893, 'верхняя', 0, 0),
(894, 'салда', 0, 0),
(895, 'сковородино', 0, 0),
(896, 'соблазнение', 0, 0),
(897, 'рязань', 0, 0),
(898, 'суоярви', 0, 0),
(899, 'вытегра', 0, 0),
(900, 'урай', 0, 0),
(901, 'комсомольск', 0, 0),
(902, 'ельце', 0, 0),
(903, 'плесецк', 0, 0),
(904, 'трехгорный', 0, 0),
(905, 'артём', 0, 0),
(906, 'богатой', 0, 0),
(907, 'тараз', 0, 0),
(2497, 'возможно', 0, 1),
(2490, 'годится', 0, 1),
(2489, 'вполне', 0, 3),
(2492, 'других', 0, 2),
(2496, 'кинга', 0, 1),
(2491, 'историй', 0, 1),
(2494, 'оно', 0, 3),
(2495, 'стивена', 0, 1),
(2493, 'жанрах', 0, 1),
(2271, 'серьёзных', 0, 1),
(2203, 'отмороженных', 0, 1),
(908, 'партизанск', 0, 0),
(909, 'муром', 0, 0),
(910, 'балахна', 0, 0),
(911, 'горное', 0, 0),
(912, 'яворов', 0, 0),
(913, 'ульяновск', 0, 0),
(914, 'кимовск', 0, 0),
(915, 'спасск', 0, 0),
(916, 'рязанский', 0, 0),
(917, 'муж', 0, 0),
(918, 'оплаты', 0, 0),
(919, 'курская', 0, 0),
(920, 'мытищи', 0, 0),
(921, 'касторное', 0, 0),
(922, 'киренск', 0, 0),
(923, 'агентства', 0, 0),
(924, 'виннице', 0, 0),
(925, 'смоленске', 0, 0),
(926, 'пермские', 0, 0),
(927, 'дальнереченск', 0, 0),
(928, 'заречное', 0, 0),
(929, 'октябрьск', 0, 0),
(930, 'вожега', 0, 0),
(931, 'шлиссельбург', 0, 0),
(932, 'васильково', 0, 0),
(933, 'астрахане', 0, 0),
(934, 'лучшие', 0, 0),
(935, 'отсосать', 0, 0),
(936, 'девушки', 0, 0),
(937, 'угледар', 0, 0),
(2438, 'рисовка', 0, 1),
(2434, 'олдскул', 0, 1),
(2435, 'никак', 0, 1),
(2437, 'понравилась', 0, 2),
(2351, 'считаю', 0, 1),
(2352, 'эталоном', 0, 1),
(1965, 'спам', 0, 6),
(2436, 'ещё', 0, 4),
(2433, 'суровый', 0, 1),
(2353, 'апокалептической', 0, 1),
(938, 'дневники', 0, 0),
(939, 'озерск', 0, 0),
(940, 'чернушка', 0, 0),
(941, 'нижнем', 0, 0),
(942, 'макеевке', 0, 0),
(943, 'николаеве', 0, 0),
(944, 'мичуринск', 0, 0),
(945, 'видео', 0, 0),
(946, 'первое', 0, 0),
(947, 'приозерск', 0, 0),
(948, 'метро', 0, 0),
(949, 'сем', 0, 0),
(950, 'парами', 0, 0),
(951, 'псков', 0, 0),
(952, 'новороссийск', 0, 0),
(953, 'методы', 0, 0),
(954, 'женщиной', 0, 0),
(955, 'возрасте', 0, 0),
(956, 'турки', 0, 0),
(957, 'шахты', 0, 0),
(958, 'кременчуг', 0, 0),
(959, 'барнаул', 0, 0),
(960, 'звенигород', 0, 0),
(961, 'моя', 0, 1),
(962, 'страница', 0, 0),
(963, 'королеве', 0, 0),
(964, 'пары', 0, 0),
(2427, 'современных', 0, 1),
(2286, 'произошёл', 0, 1),
(2426, 'фоне', 0, 1),
(2428, 'эта', 0, 1),
(2429, 'манга', 0, 4),
(2130, 'пьеха', 0, 1),
(2131, 'эдита', 0, 1),
(2132, 'манжерок', 0, 1),
(2133, 'случай', 0, 2),
(965, 'каспийск', 0, 0),
(966, 'дама', 0, 0),
(967, 'дмитровск', 0, 0),
(968, 'слюдянка', 0, 0),
(969, 'кожевниково', 0, 0),
(970, 'черемисиново', 0, 0),
(971, 'западный', 0, 0),
(972, 'коломыя', 0, 0),
(973, 'медынь', 0, 0),
(974, 'ватутино', 0, 0),
(975, 'кемерово', 0, 0),
(976, 'александро', 0, 0),
(977, 'невский', 0, 0),
(978, 'пудож', 0, 0),
(979, 'батагай', 0, 0),
(980, 'алыта', 0, 0),
(981, 'молчаново', 0, 0),
(982, 'лыткарино', 0, 0),
(983, 'керчь', 0, 0),
(984, 'киясово', 0, 0),
(985, 'xxx', 0, 0),
(986, 'колпашево', 0, 0),
(987, 'спонсор', 0, 0),
(988, 'северодонецк', 0, 0),
(989, 'нытва', 0, 0),
(990, 'старый', 0, 0),
(991, 'оскол', 0, 0),
(992, 'певек', 0, 0),
(993, 'краснодар', 0, 0),
(994, 'арзгир', 0, 0),
(995, 'палатка', 0, 0),
(2419, 'прочтению', 0, 1),
(2418, 'эту', 0, 3),
(2410, 'светлый', 0, 1),
(2411, 'радостный', 0, 1),
(2412, 'финал', 0, 1),
(2413, 'удивляет', 0, 1),
(2285, 'света', 0, 1),
(2416, 'вдохновляет', 0, 1),
(2415, 'поворотом', 0, 1),
(2414, 'неожиданным', 0, 1),
(2417, 'порекомендовать', 0, 1),
(996, 'примеры', 0, 0),
(997, 'кстово', 0, 0),
(998, 'усинск', 0, 0),
(999, 'фотомир', 0, 0),
(1000, 'ухте', 0, 0),
(1001, 'омске', 0, 0),
(1002, 'новоалтайск', 0, 0),
(1003, 'мариуполе', 0, 0),
(1004, 'кириши', 0, 0),
(1005, 'грязи', 0, 0),
(1006, 'дмитрове', 0, 0),
(1007, 'пензе', 0, 0),
(1008, 'реально', 0, 0),
(1009, 'лесозаводск', 0, 0),
(1010, 'львовское', 0, 0),
(1011, 'mylove', 0, 0),
(1012, 'славянске', 0, 0),
(1013, 'егорьевск', 0, 0),
(1014, 'мирный', 0, 0),
(1015, 'архангельской', 0, 0),
(1016, 'россошь', 0, 0),
(1017, 'жуковка', 0, 0),
(1018, 'железногорск', 0, 0),
(1019, 'кунилингус', 0, 0),
(1020, 'социальные', 0, 0),
(1021, 'германией', 0, 0),
(2500, 'фильмы', 0, 1),
(2406, 'отдельно', 0, 1),
(2324, 'изобразить', 0, 1),
(2502, 'существуют', 0, 1),
(1964, 'теме', 0, 1),
(2373, 'общается', 0, 1),
(2501, 'себе', 0, 2),
(2504, 'тоторо', 0, 1),
(2503, 'типа', 0, 1),
(2499, 'книги', 0, 1),
(2498, 'такие', 0, 1),
(2505, 'смотрел', 0, 2),
(1022, 'мичуринске', 0, 0),
(1023, 'пенза', 0, 0),
(1024, 'удмуртии', 0, 0),
(1025, 'нижней', 0, 0),
(1026, 'туре', 0, 0),
(1027, 'молодым', 0, 1),
(1028, 'изюм', 0, 0),
(1029, 'питкяранта', 0, 0),
(1030, 'тотьма', 0, 0),
(1031, 'пикалево', 0, 0),
(1032, 'усолье', 0, 0),
(1033, 'брест', 0, 0),
(1034, 'нурлаты', 0, 0),
(1035, 'лове', 0, 0),
(1036, 'выкса', 0, 0),
(1037, 'замужние', 0, 0),
(1038, 'хотят', 0, 0),
(1039, 'салон', 0, 0),
(1040, 'немцами', 0, 0),
(1041, 'светелка', 0, 0),
(1042, 'томске', 0, 0),
(1043, 'бор', 0, 0),
(1044, 'кизнер', 0, 0),
(1045, 'кировской', 0, 0),
(1046, 'кукмор', 0, 0),
(1047, 'северодвинске', 0, 0),
(2404, 'раскрыта', 0, 1),
(2403, 'финале', 0, 1),
(2400, 'случае', 0, 1),
(2399, 'всяком', 0, 1),
(2167, 'читать', 0, 2),
(2122, 'творческие', 0, 1),
(2123, 'планы', 0, 1),
(2402, 'трансформаций', 0, 1),
(2401, 'монструозных', 0, 1),
(2405, 'полнее', 0, 1),
(1048, 'кавказская', 0, 0),
(1049, 'полевской', 0, 0),
(1050, 'апастово', 0, 0),
(1051, 'новониколаевский', 0, 0),
(1052, 'спартанцами', 0, 0),
(1053, 'кино', 0, 0),
(1054, 'ясная', 0, 0),
(1055, 'поляна', 0, 0),
(1056, 'рамонь', 0, 0),
(1057, 'кривом', 0, 0),
(1058, 'роге', 0, 0),
(1059, 'волчанск', 0, 0),
(1060, 'звездный', 0, 0),
(1061, 'белебей', 0, 0),
(1062, 'олонец', 0, 0),
(1063, 'вашковцы', 0, 0),
(1064, 'галич', 0, 0),
(1065, 'взломанная', 0, 0),
(1066, 'галактика', 0, 0),
(1067, 'комп', 0, 0),
(1068, 'касимов', 0, 0),
(1069, 'берёзовский', 0, 0),
(1070, 'сети', 0, 0),
(1071, 'барвенково', 0, 0),
(1072, 'уренгой', 0, 0),
(1073, 'переяслав', 0, 0),
(1074, 'хмельницкий', 0, 0),
(1075, 'большая', 0, 0),
(1076, 'черниговка', 0, 0),
(1077, 'кирове', 0, 0),
(1078, 'апатиты', 0, 0),
(1079, 'троицко', 0, 0),
(1080, 'печорск', 0, 0),
(2513, 'вспомнил', 0, 1),
(2507, 'заметно', 0, 1),
(2231, 'способности', 0, 1),
(2284, 'конца', 0, 2),
(2510, 'похожее', 0, 1),
(2509, 'вспомнить', 0, 1),
(2323, 'попытался', 0, 1),
(2511, 'узумаки', 0, 1),
(2512, 'жанре', 0, 1),
(2506, 'они', 0, 3),
(2508, 'представлял', 0, 1),
(2202, 'будни', 0, 1),
(1081, 'полизать', 0, 0),
(1082, 'amour', 0, 0),
(1083, 'брянске', 0, 0),
(1084, 'калуга', 0, 0),
(1085, 'павлово', 0, 0),
(1086, 'медногорске', 0, 0),
(1087, 'владикавказ', 0, 0),
(1088, 'глазов', 0, 0),
(1089, 'переписки', 0, 0),
(1090, 'кингисеппе', 0, 0),
(1091, 'люблю', 0, 0),
(1092, 'говорить', 0, 0),
(1093, 'нальчике', 0, 0),
(1094, 'новороссийске', 0, 0),
(1095, 'русской', 0, 0),
(1096, 'судьба', 0, 0),
(1097, 'ржев', 0, 0),
(1098, 'поспелиха', 0, 0),
(1099, 'таганрог', 0, 0),
(1100, 'шостка', 0, 0),
(1101, 'изнасиловать', 0, 0),
(2395, 'неплохо', 0, 1),
(2389, 'недораскрытой', 0, 1),
(2201, 'недостатков', 0, 1),
(2393, 'откровения', 0, 1),
(2305, 'настоящему', 0, 2),
(2394, 'принципе', 0, 1),
(2392, 'пойдут', 0, 1),
(2391, 'большего', 0, 1),
(2390, 'ожидал', 0, 1),
(1102, 'китайские', 0, 0),
(1103, 'эксклюзивные', 0, 0),
(1104, 'надувной', 0, 0),
(1105, 'дорогое', 0, 0),
(1106, 'выглядит', 0, 3),
(1107, 'домашний', 0, 0),
(1108, 'комплекты', 0, 0),
(1109, 'метровый', 0, 0),
(1110, 'зеленоград', 0, 0),
(1111, 'вводить', 0, 0),
(1112, 'анальную', 0, 0),
(1113, 'пробку', 0, 0),
(1114, 'фалоимитаторы', 0, 0),
(1115, 'анального', 0, 0),
(1116, 'боди', 0, 0),
(1117, 'крем', 0, 0),
(1118, 'работают', 0, 0),
(1119, 'женский', 0, 0),
(1120, 'каплях', 0, 0),
(1121, 'крупный', 0, 0),
(1122, 'присоске', 0, 0),
(1123, 'сшить', 0, 0),
(1124, 'порка', 0, 0),
(1125, 'fun', 0, 0),
(1126, 'factory', 0, 0),
(1127, 'быстро', 0, 0),
(1128, 'эротическая', 0, 0),
(1129, 'увеличенного', 0, 0),
(1130, 'размера', 0, 0),
(1131, 'сексигрушки', 0, 0),
(1132, 'орле', 0, 0),
(1133, 'вагинальными', 0, 0),
(1134, 'шариками', 0, 0),
(1135, 'мариуполь', 0, 0),
(2387, 'тайн', 0, 1),
(2386, 'вселенских', 0, 1),
(2382, 'этого', 0, 3),
(2388, 'показалась', 0, 3),
(2210, 'интересным', 0, 1),
(2358, 'кого', 0, 1),
(2152, 'полный', 0, 1),
(2153, 'перевод', 0, 2),
(2154, 'представляет', 0, 1),
(2383, 'кажется', 0, 2),
(2384, 'тема', 0, 1),
(2357, 'тащит', 0, 1),
(2385, 'эзотерики', 0, 1),
(1136, 'тихвине', 0, 0),
(1137, 'киров', 0, 0),
(1138, 'елабуге', 0, 0),
(1139, 'ялта', 0, 0),
(1140, 'моем', 0, 0),
(1141, 'зрелыми', 0, 0),
(1142, 'златоусте', 0, 0),
(1143, 'найти', 0, 0),
(1144, 'парня', 0, 1),
(1145, 'курсантом', 0, 0),
(1146, 'можга', 0, 0),
(1147, 'алейск', 0, 0),
(1148, 'жестокого', 0, 0),
(1149, 'истра', 0, 0),
(1150, 'ярцево', 0, 0),
(1151, 'киеве', 0, 0),
(1152, 'однолюбовницы', 0, 0),
(1153, 'тех', 0, 1),
(1154, 'приятно', 0, 0),
(1155, 'создания', 0, 0),
(1156, 'семьи', 0, 0),
(1157, 'алматы', 0, 0),
(1158, 'старом', 0, 0),
(1159, 'осколе', 0, 0),
(1160, 'лиман', 0, 0),
(1161, 'трахнуть', 0, 0),
(1162, 'лов', 0, 0),
(2518, 'посоветовал', 0, 1),
(2514, 'вещь', 0, 1),
(2517, 'давно', 0, 1),
(2350, 'целом', 0, 1),
(2516, 'world', 0, 1),
(2119, 'совпадение', 0, 1),
(2120, 'довольно', 0, 4),
(2013, 'шахтинский', 0, 0),
(1962, 'ответом', 0, 1),
(2515, 'coos', 0, 1),
(1963, 'данной', 0, 1),
(1163, 'рославль', 0, 0),
(1164, 'вяземский', 0, 0),
(1165, 'удомля', 0, 0),
(1166, 'октябрьское', 0, 0),
(1167, 'грудью', 0, 0),
(1168, 'рамешки', 0, 0),
(1169, 'нефтекамске', 0, 0),
(1170, 'ржевское', 0, 0),
(1171, 'лесосибирск', 0, 0),
(1172, 'ивано', 0, 0),
(1173, 'франковск', 0, 0),
(1174, 'лоо', 0, 0),
(1175, 'нижние', 0, 0),
(1176, 'серги', 0, 0),
(1177, 'свинг', 0, 0),
(1178, 'казани', 0, 0),
(1179, 'пильна', 0, 0),
(1180, 'новокиевский', 0, 0),
(1181, 'увал', 0, 0),
(1182, 'базарный', 0, 0),
(1183, 'сызган', 0, 0),
(1184, 'теребовля', 0, 0),
(1185, 'ухолово', 0, 0),
(1186, 'саянск', 0, 0),
(1187, 'тимирязево', 0, 0),
(1188, 'vip', 0, 0),
(1189, 'ржищев', 0, 0),
(1190, 'грайворон', 0, 0),
(1191, 'валуйки', 0, 0),
(1192, 'чекмагуш', 0, 0),
(1193, 'mamba', 0, 0),
(1194, 'кадом', 0, 0),
(1195, 'вязьма', 0, 0),
(1196, 'соловьево', 0, 0),
(2268, 'набор', 0, 1),
(2375, 'пытается', 0, 1),
(2304, 'детские', 0, 2),
(2376, 'постичь', 0, 1),
(2322, 'показалось', 0, 1),
(2380, 'способностей', 0, 1),
(2340, 'атакуют', 0, 1),
(2377, 'эзотерическую', 0, 1),
(2269, 'погонь', 0, 1),
(2270, 'слишком', 0, 3),
(2379, 'естественных', 0, 1),
(2378, 'суть', 0, 1),
(2321, 'другом', 0, 1),
(1197, 'короча', 0, 0),
(1198, 'бугульма', 0, 0),
(1199, 'ордынское', 0, 0),
(1200, 'лямбирь', 0, 0),
(1201, 'бокситогорск', 0, 0),
(1202, 'емельяново', 0, 0),
(1203, 'далматово', 0, 0),
(1204, 'хороль', 0, 0),
(1205, 'зеленоградск', 0, 0),
(1206, 'лужки', 0, 0),
(1207, 'верхоянск', 0, 0),
(1208, 'калининград', 0, 0),
(1209, 'большеустьикинское', 0, 0),
(1210, 'северодвинск', 0, 0),
(1211, 'пестяки', 0, 0),
(1212, 'парни', 0, 0),
(1213, 'рыбное', 0, 0),
(1214, 'трансом', 0, 0),
(1215, 'теплое', 0, 0),
(1216, 'нефтеюганск', 0, 0),
(1217, 'горный', 0, 1),
(1218, 'николаевка', 0, 0),
(1219, 'владимирская', 0, 0),
(1220, 'верхний', 0, 0),
(1221, 'стерлитамак', 0, 0),
(1222, 'верхнеяркеево', 0, 0),
(1223, 'чумикан', 0, 0),
(1224, 'копьево', 0, 0),
(1225, 'башмаково', 0, 0),
(1226, 'херсон', 0, 0),
(1227, 'нерчинск', 0, 0),
(2362, 'тогда', 0, 1),
(2371, 'храм', 0, 1),
(2367, 'серьёзноты', 0, 1),
(2368, 'хватает', 0, 3),
(2372, 'эпизоды', 0, 2),
(2363, 'придумать', 0, 1),
(2360, 'отбиваясь', 0, 1),
(2369, 'впечатляют', 0, 1),
(2370, 'бои', 0, 1),
(2012, 'пара', 0, 0),
(2365, 'тем', 0, 5),
(2366, 'менее', 0, 1),
(2361, 'преследований', 0, 1),
(2364, 'серьёзнее', 0, 1),
(1228, 'корсеты', 0, 0),
(1229, 'дилдо', 0, 0),
(1230, 'сексуальной', 0, 0),
(1231, 'одежды', 0, 0),
(1232, 'зачем', 0, 0),
(1233, 'гигант', 0, 1),
(1234, 'вакуумной', 0, 0),
(1235, 'помпой', 0, 0),
(1236, 'таблетки', 0, 0),
(1237, 'японские', 0, 1),
(1238, 'hustler', 0, 0),
(1239, 'польза', 0, 0),
(1240, 'вагинальных', 0, 0),
(1241, 'шариков', 0, 0),
(1242, 'анальный', 0, 0),
(1243, 'стимулятор', 0, 0),
(1244, 'простаты', 0, 0),
(1245, 'своими', 0, 1),
(1246, 'руками', 0, 0),
(1247, 'двойной', 0, 0),
(1248, 'насадки', 0, 0),
(1249, 'владивосток', 0, 0),
(1250, 'трусики', 0, 0),
(1251, 'страпона', 0, 0),
(1252, 'стоимость', 0, 0),
(1253, 'виды', 0, 0),
(1254, 'страпонов', 0, 0),
(1255, 'мазь', 0, 0),
(1256, 'микрофибры', 0, 0),
(1257, 'женской', 0, 0),
(1258, 'оральные', 0, 0),
(1259, 'ночное', 0, 0),
(1260, 'экстендером', 0, 0),
(1261, 'стекло', 0, 0),
(2356, 'много', 0, 4),
(2066, 'потому', 0, 2),
(2067, 'современной', 0, 0),
(2068, 'станет', 0, 0),
(2069, 'вас', 0, 0),
(2070, 'самой', 0, 0),
(2071, 'настоящей', 0, 0),
(2072, 'находкой', 0, 0),
(2073, 'наш', 0, 1),
(2074, 'находится', 0, 0),
(2075, 'роли', 0, 0),
(2076, 'лучших', 0, 0),
(2077, 'мировых', 0, 0),
(2078, 'лидеров', 0, 0),
(2079, 'модной', 0, 0),
(2080, 'страницах', 0, 0),
(1262, 'бакал', 0, 0),
(1263, 'староалейское', 0, 0),
(1264, 'заокский', 0, 0),
(1265, 'николаев', 0, 0),
(1266, 'уват', 0, 0),
(1267, 'электроугли', 0, 0),
(1268, 'нема', 0, 0),
(1269, 'борисполь', 0, 0),
(1270, 'мартыновка', 0, 0),
(1271, 'арбаж', 0, 0),
(1272, 'тим', 0, 0),
(1273, 'тимофеевка', 0, 0),
(1274, 'тамбове', 0, 0),
(1275, 'карловка', 0, 0),
(1276, 'россия', 0, 0),
(1277, 'лянтор', 0, 0),
(1278, 'тейково', 0, 0),
(1279, 'ставрополе', 0, 0),
(1280, 'октябрьский', 0, 0),
(1281, 'башкирия', 0, 0),
(1282, 'вольногорск', 0, 0),
(1283, 'камызяк', 0, 0),
(1284, 'острог', 0, 0),
(1285, 'чайковский', 0, 0),
(1286, 'долгопрудный', 0, 0),
(1287, 'ингаш', 0, 0),
(1288, 'реале', 0, 0),
(1289, 'черняховске', 0, 0),
(1290, 'ногинск', 0, 0),
(2520, 'психоделической', 0, 1),
(2246, 'напоминает', 0, 1),
(2247, 'камину', 0, 1),
(2248, 'ttgl', 0, 1),
(2249, 'выкрутасов', 0, 1),
(2250, 'порой', 0, 1),
(2251, 'приобретает', 0, 1),
(2177, 'снял', 0, 1),
(1961, 'сообщить', 0, 1);
INSERT INTO `phpbb_search_wordlist` (`word_id`, `word_text`, `word_common`, `word_count`) VALUES
(2519, 'малоизвестная', 0, 1),
(1291, 'громадный', 0, 0),
(1292, 'кольцо', 0, 0),
(1293, 'головку', 0, 0),
(1294, 'сексуального', 0, 0),
(1295, 'реалистик', 0, 0),
(1296, 'чего', 0, 4),
(1297, 'нужна', 0, 2),
(1298, 'смазку', 0, 0),
(1299, 'фалоимитатора', 0, 0),
(1300, 'надувные', 0, 0),
(1301, 'массаж', 0, 0),
(1302, 'урологический', 0, 0),
(1303, 'серпухове', 0, 0),
(1304, 'блондинки', 0, 0),
(1305, 'каталог', 0, 0),
(1306, 'эротической', 0, 0),
(1307, 'самара', 0, 0),
(1308, 'купальники', 0, 0),
(1309, 'прозрачное', 0, 0),
(1310, 'платье', 0, 0),
(1311, 'названия', 0, 2),
(2529, 'существует', 0, 2),
(2528, 'таки', 0, 2),
(2175, 'аниме', 0, 1),
(2176, 'которую', 0, 2),
(2134, 'мангу', 0, 2),
(2135, 'обсудить', 0, 1),
(2136, 'например', 0, 2),
(2137, 'недавно', 0, 3),
(2138, 'прочитал', 0, 1),
(2139, 'акира', 0, 1),
(1312, 'кировоград', 0, 0),
(1313, 'коврово', 0, 0),
(1314, 'винница', 0, 0),
(1315, 'самарская', 0, 0),
(1316, 'татарские', 0, 0),
(1317, 'ульяновске', 0, 0),
(1318, 'тамбовской', 0, 0),
(1319, 'зеленодольск', 0, 0),
(1320, 'татарстан', 0, 0),
(1321, 'тихвин', 0, 0),
(1322, 'молодечно', 0, 0),
(1323, 'балашиха', 0, 0),
(1324, 'дон', 0, 0),
(1325, 'обнинск', 0, 0),
(1326, 'курской', 0, 0),
(1327, 'туле', 0, 0),
(1328, 'эмо', 0, 0),
(1329, 'вологда', 0, 0),
(1330, 'буденновске', 0, 0),
(1331, 'гусеве', 0, 0),
(1332, 'егорьевске', 0, 0),
(1333, 'отдых', 0, 0),
(2348, 'такого', 0, 1),
(2345, 'понимаешь', 0, 1),
(2346, 'беречь', 0, 1),
(2344, 'глядя', 0, 1),
(2343, 'соседей', 0, 1),
(2267, 'превращаясь', 0, 1),
(2347, 'доводить', 0, 1),
(2349, 'состояния', 0, 1),
(2199, 'лишённую', 0, 1),
(2200, 'некоторых', 0, 1),
(1334, 'славинск', 0, 0),
(1335, 'мысовка', 0, 0),
(1336, 'ташла', 0, 0),
(1337, 'карачаево', 0, 0),
(1338, 'черкесия', 0, 0),
(1339, 'первомайск', 0, 0),
(1340, 'деменск', 0, 0),
(1341, 'старая', 0, 0),
(1342, 'кулатка', 0, 0),
(1343, 'мерефа', 0, 0),
(1344, 'липин', 0, 0),
(1345, 'вешкайма', 0, 0),
(1346, 'антропово', 0, 0),
(1347, 'рощино', 0, 0),
(1348, 'серышево', 0, 0),
(1349, 'сельцо', 0, 0),
(1350, 'покровское', 0, 0),
(1351, 'клявлино', 0, 0),
(1352, 'смотреть', 0, 1),
(1353, 'русское', 0, 0),
(1354, 'козьмодемьянск', 0, 0),
(1355, 'дальнее', 0, 0),
(1356, 'константиново', 0, 0),
(1357, 'острогожское', 0, 0),
(1358, 'волоколамск', 0, 0),
(1359, 'карпогоры', 0, 0),
(1360, 'ромоданово', 0, 0),
(2338, 'виноватые', 0, 1),
(2328, 'историю', 0, 1),
(2329, 'миниатюре', 0, 1),
(2327, 'нашу', 0, 1),
(2331, 'этим', 0, 3),
(2330, 'понял', 0, 1),
(2339, 'обороняются', 0, 1),
(2320, 'друг', 0, 1),
(2337, 'правые', 0, 1),
(2332, 'хотел', 0, 2),
(2333, 'получилось', 0, 1),
(2334, 'жёстко', 0, 1),
(2335, 'степени', 0, 1),
(2336, 'поучительно', 0, 1),
(1361, 'новоржев', 0, 0),
(1362, 'боровске', 0, 0),
(1363, 'целинное', 0, 0),
(1364, 'кочкурово', 0, 0),
(1365, 'южное', 0, 0),
(1366, 'бахчисарай', 0, 0),
(1367, 'исетское', 0, 0),
(1368, 'волгореченск', 0, 0),
(1369, 'реальные', 0, 0),
(1370, 'солдатово', 0, 0),
(1371, 'колышлей', 0, 0),
(1372, 'артемовский', 0, 0),
(1373, 'импотентом', 0, 0),
(1374, 'ершичи', 0, 0),
(1375, 'каширское', 0, 0),
(1376, 'димитровграде', 0, 0),
(1377, 'билибино', 0, 0),
(1378, 'новоколозное', 0, 0),
(1379, 'тиама', 0, 0),
(1380, 'канев', 0, 0),
(1381, 'волге', 0, 0),
(1382, 'константиновск', 0, 0),
(1383, 'каховка', 0, 0),
(1384, 'хасавюрт', 0, 0),
(1385, 'называевск', 0, 0),
(1386, 'адреаполь', 0, 0),
(2314, 'затем', 0, 2),
(2317, 'фанатиков', 0, 1),
(2245, 'местами', 0, 1),
(2315, 'секты', 0, 1),
(2312, 'сначала', 0, 1),
(2313, 'анклавы', 0, 1),
(2311, 'сбиваются', 0, 1),
(2198, 'хотя', 0, 5),
(2318, 'начинают', 0, 1),
(2316, 'религиозных', 0, 1),
(2319, 'воевать', 0, 1),
(1387, 'шаля', 0, 0),
(1388, 'онега', 0, 0),
(1389, 'никольск', 0, 0),
(1390, 'могилёв', 0, 0),
(1391, 'подольский', 0, 0),
(1392, 'крестцы', 0, 0),
(1393, 'кан', 0, 0),
(1394, 'загорское', 0, 0),
(1395, 'дебальцево', 0, 0),
(1396, 'бабушкино', 0, 0),
(1397, 'кондоль', 0, 0),
(1398, 'великолукское', 0, 0),
(1399, 'чеово', 0, 0),
(1400, 'mail', 0, 0),
(1401, 'белебее', 0, 0),
(1402, 'ишеевка', 0, 0),
(1403, 'коми', 0, 0),
(1404, 'ушаково', 0, 0),
(1405, 'лунино', 0, 0),
(1406, 'южный', 0, 0),
(1407, 'камешково', 0, 0),
(1408, 'новоульяновск', 0, 0),
(2526, 'днях', 0, 3),
(2525, 'оказалось', 0, 1),
(2524, 'переводчики', 0, 1),
(2522, 'надеялся', 0, 1),
(2523, 'заметят', 0, 1),
(2521, 'атмосферой', 0, 1),
(2527, 'главы', 0, 1),
(1960, 'просьба', 0, 1),
(2209, 'самым', 0, 3),
(1409, 'дружба', 0, 0),
(1410, 'любовь', 0, 0),
(1411, 'вопросы', 0, 0),
(1412, 'задаваемые', 0, 0),
(1413, 'тужа', 0, 0),
(1414, 'знаменское', 0, 0),
(1415, 'орел', 0, 0),
(1416, 'каргополь', 0, 0),
(1417, 'уйское', 0, 0),
(1418, 'майна', 0, 0),
(1419, 'дзержинск', 0, 0),
(1420, 'нижегородской', 0, 0),
(1421, 'белз', 0, 0),
(1422, 'поддорье', 0, 0),
(1423, 'луговское', 0, 0),
(1424, 'инта', 0, 0),
(1425, 'подгородное', 0, 0),
(1426, 'духовницкое', 0, 0),
(1427, 'родники', 0, 0),
(1428, 'гончарово', 0, 0),
(1429, 'вохма', 0, 0),
(1430, 'чернобыль', 0, 0),
(1431, 'арск', 0, 0),
(1432, 'кропоткин', 0, 0),
(1433, 'залари', 0, 0),
(1434, 'новохоперск', 0, 0),
(1435, 'адамовка', 0, 0),
(1436, 'каргат', 0, 0),
(2530, 'colorless', 0, 1),
(2011, 'семейная', 0, 0),
(2128, 'кстати', 0, 2),
(2121, 'крутое', 0, 1),
(2124, 'постараюсь', 0, 1),
(2115, 'хорошо', 0, 2),
(2088, 'рекламирует', 0, 2),
(2089, 'женскую', 0, 2),
(2090, 'одежду', 0, 2),
(2097, 'удалил', 0, 1),
(1959, 'человек', 0, 2),
(2531, 'manga', 0, 1),
(1437, 'пятигорск', 0, 0),
(1438, 'першотравенск', 0, 0),
(1439, 'каховке', 0, 0),
(1440, 'орловской', 0, 0),
(1441, 'анапе', 0, 0),
(1442, 'бесплатного', 0, 0),
(1443, 'елец', 0, 0),
(1444, 'российские', 0, 0),
(1445, 'кемеровский', 0, 0),
(1446, 'вольск', 0, 0),
(1447, 'анжеро', 0, 0),
(1448, 'судженск', 0, 0),
(1449, 'иванове', 0, 0),
(1450, 'петровское', 0, 0),
(1451, 'мне', 0, 6),
(1452, 'знакомиться', 0, 0),
(1453, 'сайтах', 0, 0),
(1454, 'таре', 0, 0),
(1455, 'можайск', 0, 0),
(1456, 'кунгур', 0, 0),
(1457, 'замужней', 0, 0),
(1458, 'невинномысске', 0, 0),
(1459, 'приключения', 0, 0),
(1460, 'пышки', 0, 0),
(1461, 'иваново', 0, 0),
(1462, 'сейчас', 0, 1),
(1463, 'башкирский', 0, 0),
(2301, 'какое', 0, 1),
(2302, 'общество', 0, 1),
(2298, 'пытаются', 0, 1),
(2295, 'апокалепсис', 0, 1),
(2299, 'заново', 0, 1),
(2297, 'выжившие', 0, 1),
(2296, 'немногие', 0, 1),
(2303, 'начинаются', 0, 1),
(2300, 'построить', 0, 1),
(2294, 'пост', 0, 1),
(1464, 'рыбинск', 0, 0),
(1465, 'лозовой', 0, 0),
(1466, 'журнал', 0, 0),
(1467, 'дамами', 0, 0),
(1468, 'курганинск', 0, 0),
(1469, 'дарлинг', 0, 0),
(1470, 'евгений', 0, 0),
(1471, 'ижевск', 0, 0),
(1472, 'катав', 0, 0),
(1473, 'парню', 0, 1),
(1474, 'лизать', 0, 0),
(1475, 'девушке', 0, 0),
(1476, 'славянск', 0, 0),
(1477, 'кубани', 0, 0),
(1478, 'санкт', 0, 0),
(1479, 'петербурге', 0, 0),
(1480, 'ищу', 0, 0),
(1481, 'мужа', 0, 0),
(1482, 'магнитогорск', 0, 0),
(1483, 'жду', 0, 0),
(1484, 'полной', 0, 1),
(1485, 'челябинск', 0, 0),
(2539, 'настоящее', 0, 1),
(2536, 'jpg', 0, 3),
(2537, 'скачать', 0, 1),
(2538, 'html', 0, 1),
(2535, 'detail', 0, 1),
(1958, 'реальный', 0, 1),
(2533, 'coo', 0, 1),
(2534, 'cover', 0, 1),
(2532, 'projects', 0, 1),
(2156, 'компиляцию', 0, 1),
(1486, 'майя', 0, 0),
(1487, 'покачи', 0, 0),
(1488, 'лабинск', 0, 0),
(1489, 'арсеньево', 0, 0),
(1490, 'ардон', 0, 0),
(1491, 'гурьевск', 0, 0),
(1492, 'новокузнецке', 0, 0),
(1493, 'чунский', 0, 0),
(1494, 'лесби', 0, 0),
(1495, 'бережаны', 0, 0),
(1496, 'камышин', 0, 0),
(1497, 'залукокоаже', 0, 0),
(1498, 'карабаш', 0, 0),
(1499, 'алексеевское', 0, 0),
(1500, 'аркадак', 0, 0),
(1501, 'томари', 0, 0),
(1502, 'кодыма', 0, 0),
(1503, 'трансвеститом', 0, 0),
(1504, 'севастополь', 0, 0),
(1505, 'вилючинск', 0, 0),
(1506, 'сколе', 0, 0),
(1507, 'торъял', 0, 0),
(1508, 'плюс', 0, 0),
(1509, 'глушково', 0, 0),
(2279, 'неожиданный', 0, 1),
(2278, 'делает', 0, 2),
(2282, 'вроде', 0, 4),
(2276, 'манг', 0, 1),
(2281, 'происходит', 0, 1),
(2280, 'ход', 0, 1),
(1957, 'vocatilaw', 0, 3),
(2283, 'второго', 0, 2),
(2277, 'дальше', 0, 4),
(2274, 'характерных', 0, 1),
(2275, 'детских', 0, 1),
(1510, 'черкассы', 0, 0),
(1511, 'демидово', 0, 0),
(1512, 'подволочиск', 0, 0),
(1513, 'голые', 0, 0),
(1514, 'грузинский', 0, 0),
(1515, 'верхнеуральск', 0, 0),
(1516, 'бавлы', 0, 0),
(1517, 'сахалин', 0, 0),
(1518, 'вязники', 0, 0),
(1519, 'лисичанск', 0, 0),
(1520, 'жуковском', 0, 0),
(1521, 'лешуконское', 0, 0),
(1522, 'ковернино', 0, 0),
(1523, 'довурак', 0, 0),
(1524, 'сосновское', 0, 0),
(1525, 'воркуте', 0, 0),
(1526, 'мукачево', 0, 0),
(1527, 'вольное', 0, 0),
(1528, 'дубовка', 0, 0),
(1529, 'киргиз', 0, 0),
(1530, 'мияки', 0, 0),
(1531, 'ручьи', 0, 0),
(1532, 'зеленогорск', 0, 0),
(2266, 'детским', 0, 1),
(2262, 'томе', 0, 1),
(2263, 'середине', 0, 1),
(2264, 'становится', 0, 1),
(2261, 'первом', 0, 2),
(2259, 'главным', 0, 2),
(2260, 'образом', 0, 4),
(2258, 'тонко', 0, 1),
(2257, 'контекстом', 0, 1),
(2265, 'совсем', 0, 3),
(1533, 'невель', 0, 0),
(1534, 'фурманово', 0, 0),
(1535, 'ивановск', 0, 0),
(1536, 'анатолия', 0, 0),
(1537, 'ивановича', 0, 0),
(1538, 'балта', 0, 0),
(1539, 'города', 0, 2),
(1540, 'камышина', 0, 0),
(1541, 'ростовский', 0, 0),
(1542, 'брянка', 0, 0),
(1543, 'шелопугино', 0, 0),
(1544, 'янтарный', 0, 0),
(1545, 'гайворон', 0, 0),
(1546, 'олёкминск', 0, 0),
(1547, 'оренбургские', 0, 0),
(1548, 'нижняя', 0, 0),
(1549, 'тавда', 0, 0),
(1550, 'довольное', 0, 0),
(1551, 'припять', 0, 0),
(1552, 'курья', 0, 0),
(1553, 'десногорск', 0, 0),
(1554, 'куйбышевское', 0, 0),
(1555, 'плешаново', 0, 0),
(2550, 'старший', 0, 1),
(2549, 'погибает', 0, 1),
(2541, 'зовут', 0, 2),
(2542, 'языке', 0, 1),
(2543, 'оригинала', 0, 1),
(2540, 'название', 0, 1),
(2546, 'главная', 0, 1),
(2547, 'героиня', 0, 1),
(2544, 'sekai', 0, 1),
(2545, 'сюжету', 0, 1),
(2548, 'которой', 0, 1),
(2197, 'событий', 0, 1),
(1556, 'перелюб', 0, 0),
(1557, 'береговое', 0, 0),
(1558, 'нерехта', 0, 0),
(1559, 'крыловская', 0, 0),
(1560, 'агинское', 0, 0),
(1561, 'волжске', 0, 0),
(1562, 'малмыж', 0, 0),
(1563, 'снежногорск', 0, 0),
(1564, 'май', 0, 0),
(1565, 'краснолесье', 0, 0),
(1566, 'алтайский', 0, 0),
(1567, 'малиники', 0, 0),
(1568, 'ипатово', 0, 0),
(1569, 'ленинградская', 0, 0),
(1570, 'межгорье', 0, 0),
(1571, 'петино', 0, 0),
(1572, 'сергач', 0, 0),
(1573, 'заозерье', 0, 0),
(1574, 'хоринск', 0, 0),
(1575, 'майма', 0, 0),
(1576, 'коноша', 0, 0),
(1577, 'гаджиево', 0, 0),
(1578, 'сретенск', 0, 0),
(1579, 'озинки', 0, 0),
(2244, 'повесой', 0, 1),
(2243, 'этаким', 0, 1),
(2237, 'серьёзным', 0, 1),
(2238, 'сосредоточенным', 0, 1),
(2242, 'безбашенным', 0, 1),
(2239, 'оригинале', 0, 1),
(2241, 'абсолютно', 0, 1),
(2240, 'оказывается', 0, 2),
(1580, 'солнечногорск', 0, 0),
(1581, 'шоссейный', 0, 0),
(1582, 'инкерман', 0, 0),
(1583, 'сольцы', 0, 0),
(1584, 'каспийский', 0, 0),
(1585, 'колючий', 0, 0),
(1586, 'саров', 0, 0),
(1587, 'оренбурга', 0, 0),
(1588, 'льгов', 0, 0),
(1589, 'кременец', 0, 0),
(1590, 'хвойная', 0, 0),
(1591, 'чебоксары', 0, 0),
(1592, 'серебрянные', 0, 0),
(1593, 'пруды', 0, 0),
(1594, 'нилово', 0, 0),
(1595, 'евпатория', 0, 0),
(1596, 'котлас', 0, 0),
(1597, 'соловки', 0, 0),
(1598, 'раменское', 0, 0),
(1599, 'ишим', 0, 0),
(1600, 'верхошижемье', 0, 0),
(1601, 'батырево', 0, 0),
(1602, 'шатура', 0, 0),
(1603, 'димитров', 0, 0),
(1604, 'высокая', 0, 0),
(1605, 'гора', 0, 0),
(1606, 'прооровка', 0, 0),
(2223, 'своего', 0, 1),
(2221, 'пытаясь', 0, 2),
(2230, 'естественные', 0, 1),
(2225, 'тетсуо', 0, 1),
(2226, 'внезапно', 0, 2),
(2227, 'отбретшего', 0, 1),
(2174, 'известно', 0, 2),
(2224, 'друга', 0, 1),
(2229, 'сверх', 0, 1),
(2228, 'мощные', 0, 1),
(2222, 'усмирить', 0, 1),
(1607, 'исилькуль', 0, 0),
(1608, 'советском', 0, 0),
(1609, 'сайтов', 0, 1),
(1610, 'караганде', 0, 0),
(1611, 'всемирный', 0, 0),
(1612, 'владимир', 0, 0),
(1613, 'еврейский', 0, 0),
(1614, 'ровно', 0, 0),
(1615, 'мужчиной', 0, 0),
(1616, 'коврове', 0, 0),
(1617, 'фразы', 0, 0),
(1618, 'миассе', 0, 0),
(1619, 'челнах', 0, 0),
(1620, 'вебке', 0, 0),
(2207, 'показаны', 0, 1),
(2206, 'мегаполисе', 0, 1),
(2208, 'живо', 0, 1),
(2205, 'мрачном', 0, 1),
(2009, 'глаза', 0, 1),
(2010, 'нижневартовск', 0, 0),
(2204, 'мотоциклистов', 0, 1),
(1621, 'белоярский', 0, 0),
(1622, 'торжок', 0, 0),
(1623, 'песчанокопск', 0, 0),
(1624, 'менделеевск', 0, 0),
(1625, 'сычевка', 0, 0),
(1626, 'сураж', 0, 0),
(1627, 'климово', 0, 0),
(1628, 'тобольске', 0, 0),
(1629, 'кораблино', 0, 0),
(1630, 'тамбов', 0, 0),
(1631, 'чернигов', 0, 0),
(1632, 'демянск', 0, 0),
(1633, 'данков', 0, 0),
(1634, 'чишмы', 0, 0),
(1635, 'астростудия', 0, 0),
(1636, 'колосовка', 0, 0),
(1637, 'волосово', 0, 0),
(1638, 'перемышляны', 0, 0),
(1639, 'азов', 0, 0),
(1640, 'васильков', 0, 0),
(1641, 'юдино', 0, 0),
(1642, 'рубежное', 0, 0),
(1643, 'planeta', 0, 0),
(2557, 'дни', 0, 2),
(2552, 'она', 0, 3),
(2553, 'переживает', 0, 1),
(2554, 'тому', 0, 2),
(2555, 'предстоят', 0, 1),
(2556, 'учебные', 0, 1),
(2559, 'школе', 0, 1),
(2558, 'средней', 0, 1),
(2551, 'брат', 0, 2),
(1644, 'курильск', 0, 0),
(1645, 'камчатск', 0, 0),
(1646, 'боград', 0, 0),
(1647, 'поворино', 0, 0),
(1648, 'полтава', 0, 0),
(1649, 'поречье', 0, 0),
(1650, 'пензенская', 0, 0),
(1651, 'еврейская', 0, 0),
(1652, 'автономная', 0, 0),
(1653, 'нижнекамске', 0, 0),
(1654, 'карагай', 0, 0),
(1655, 'устюг', 0, 0),
(1656, 'славяновка', 0, 0),
(1657, 'нерюнгри', 0, 0),
(1658, 'любинский', 0, 0),
(1659, 'абдулино', 0, 0),
(1660, 'волноваха', 0, 0),
(1661, 'волгоградская', 0, 0),
(1662, 'лахденпохья', 0, 0),
(1663, 'червоноград', 0, 0),
(1664, 'невинномысск', 0, 0),
(1665, 'авдеевка', 0, 0),
(1666, 'первые', 0, 1),
(1667, 'ляля', 0, 0),
(1668, 'большое', 0, 1),
(1669, 'игнатово', 0, 0),
(2566, 'напоминающий', 0, 1),
(2560, 'общем', 0, 3),
(2563, 'видеть', 0, 1),
(2564, 'снах', 0, 1),
(2565, 'странный', 0, 1),
(2562, 'начинает', 0, 1),
(1954, 'пользователи', 0, 1),
(1955, 'кроме', 0, 1),
(1956, 'одного', 0, 2),
(2567, 'фэнтезийный', 0, 1),
(2561, 'получается', 0, 1),
(1670, 'майле', 0, 0),
(1671, 'симпатичная', 0, 0),
(1672, 'лесном', 0, 0),
(1673, 'познакомился', 0, 0),
(1674, 'трахнул', 0, 0),
(1675, 'северобайкальск', 0, 0),
(1676, 'соликамск', 0, 0),
(1677, 'луцк', 0, 0),
(1678, 'симферополь', 0, 0),
(1679, 'починок', 0, 0),
(1680, 'семенов', 0, 0),
(1681, 'шалом', 0, 0),
(1682, 'ростов', 0, 0),
(1683, 'канск', 0, 0),
(1684, 'орск', 0, 0),
(1685, 'виолетта', 0, 0),
(1686, 'ольга', 0, 0),
(1687, 'видеочат', 0, 0),
(1688, 'каменске', 0, 0),
(1689, 'уральском', 0, 0),
(1690, 'воскресенске', 0, 0),
(1691, 'кирс', 0, 0),
(2572, 'громадных', 0, 1),
(2568, 'совершенно', 0, 1),
(2569, 'узнаёт', 0, 1),
(2570, 'пастуха', 0, 1),
(2151, '4845082', 0, 1),
(2129, 'привет', 0, 2),
(2571, 'пасёт', 0, 1),
(1692, 'радищево', 0, 0),
(1693, 'сокол', 0, 0),
(1694, 'аргаяш', 0, 0),
(1695, 'wapos', 0, 0),
(1696, 'челябинские', 0, 0),
(1697, 'акулово', 0, 0),
(1698, 'холмогоры', 0, 0),
(1699, 'тверь', 0, 0),
(1700, 'ветлуга', 0, 0),
(1701, 'счастье', 0, 0),
(1702, 'проладное', 0, 0),
(1703, 'сходня', 0, 0),
(1704, 'изяслав', 0, 0),
(1705, 'северск', 0, 0),
(1706, 'туапсе', 0, 0),
(1707, 'куеда', 0, 0),
(1708, 'глиняны', 0, 0),
(1709, 'селидово', 0, 0),
(1710, 'кирсанов', 0, 0),
(1711, 'скалистый', 0, 0),
(1712, 'неман', 0, 0),
(1713, 'энергодар', 0, 0),
(1714, 'чите', 0, 0),
(2196, 'размахами', 0, 1),
(2192, 'неплохую', 0, 1),
(2195, 'эпическими', 0, 1),
(2193, 'военную', 0, 1),
(2191, 'представляют', 0, 1),
(2194, 'фантастику', 0, 1),
(2190, 'расширены', 0, 1),
(1715, 'ильинское', 0, 0),
(1716, 'хованское', 0, 0),
(1717, 'мещовск', 0, 0),
(1718, 'вижница', 0, 0),
(1719, 'суджа', 0, 0),
(1720, 'малоярославец', 0, 0),
(1721, 'санчурск', 0, 0),
(1722, 'комсомольский', 0, 0),
(1723, 'вишневское', 0, 0),
(1724, 'зерноград', 0, 0),
(1725, 'реутов', 0, 0),
(1726, 'тячев', 0, 0),
(1727, 'русский', 0, 1),
(1728, 'камешкир', 0, 0),
(1729, 'старица', 0, 0),
(1730, 'реж', 0, 0),
(1731, 'красноград', 0, 0),
(1732, 'пономаревка', 0, 0),
(1733, 'бологое', 0, 0),
(1734, 'пижанка', 0, 0),
(1735, 'you', 0, 0),
(1736, 'красной', 0, 0),
(1737, 'чикой', 0, 0),
(1738, 'орлов', 0, 0),
(1739, 'башкортостан', 0, 0),
(1740, 'мамоново', 0, 0),
(1741, 'палана', 0, 0),
(1742, 'сусуман', 0, 0),
(2576, 'голов', 0, 1),
(2580, 'которому', 0, 1),
(2579, 'хребет', 0, 1),
(2578, 'проходит', 0, 1),
(2575, 'обычных', 0, 1),
(2577, 'овечьими', 0, 1),
(2573, 'овец', 0, 1),
(2574, 'черепами', 0, 1),
(2114, 'думал', 0, 1),
(2112, 'делся', 0, 1),
(2110, 'порыв', 0, 1),
(2111, 'никуда', 0, 1),
(1743, 'пользование', 0, 0),
(1744, 'страпоном', 0, 0),
(1745, 'цена', 0, 0),
(1746, 'вибро', 0, 0),
(1747, 'член', 0, 0),
(1748, 'машину', 0, 0),
(1749, 'ночные', 0, 0),
(1750, 'сорочки', 0, 0),
(1751, 'затычки', 0, 0),
(1752, 'лидокаином', 0, 0),
(1753, 'садо', 0, 0),
(1754, 'мазо', 0, 0),
(1755, 'взрослые', 0, 0),
(1756, 'корректирующее', 0, 0),
(1757, 'фалоимитаторов', 0, 0),
(1758, 'огромные', 0, 0),
(1759, 'мужское', 0, 0),
(1760, 'самодельная', 0, 0),
(1761, 'стимуляторы', 0, 0),
(1762, 'заморозкой', 0, 0),
(1763, 'ultra', 0, 0),
(1764, 'harness', 0, 0),
(1765, 'лормар', 0, 0),
(1766, 'softline', 0, 0),
(2173, 'основном', 0, 1),
(2170, 'налево', 0, 1),
(2169, 'справа', 0, 1),
(2029, 'лермонтов', 0, 0),
(2172, 'собственно', 0, 3),
(2065, 'великолепно', 0, 0),
(2028, 'никольске', 0, 0),
(2171, 'наоборот', 0, 2),
(1767, 'богучаны', 0, 0),
(1768, 'барыш', 0, 0),
(1769, 'кемь', 0, 0),
(1770, 'краснокамск', 0, 0),
(1771, 'цюрупинск', 0, 0),
(1772, 'новобирилюссы', 0, 0),
(1773, 'хоростков', 0, 0),
(1774, 'ужур', 0, 0),
(1775, 'петропавловске', 0, 0),
(1776, 'поныри', 0, 0),
(1777, 'каменск', 0, 0),
(1778, 'уральский', 0, 0),
(1779, 'бирск', 0, 0),
(1780, 'пристань', 0, 0),
(1781, 'туринск', 0, 0),
(1782, 'нарьян', 0, 0),
(1783, 'мар', 0, 0),
(1784, 'купянск', 0, 0),
(1785, 'йошкар', 0, 0),
(1786, 'ола', 0, 0),
(1953, 'подозрительные', 0, 1),
(1950, 'производства', 0, 1),
(1951, 'google', 0, 1),
(1946, 'остановлена', 0, 1),
(1952, 'удалены', 0, 1),
(1949, 'recaptcha', 0, 1),
(1947, 'почищен', 0, 1),
(1948, 'зарегистрирована', 0, 1),
(1787, 'ролевые', 0, 0),
(1788, 'костюмы', 0, 0),
(1789, 'попу', 0, 0),
(1790, 'мужского', 0, 0),
(1791, 'пиратки', 0, 0),
(1792, 'заказ', 0, 0),
(1793, 'материал', 0, 0),
(1794, 'clean', 0, 0),
(1795, 'point', 0, 0),
(1796, 'огромный', 0, 0),
(1797, 'белорусская', 0, 0),
(1798, 'фантазия', 0, 0),
(1799, 'дешево', 0, 0),
(1800, 'машина', 0, 0),
(1801, 'мультяшный', 0, 0),
(1802, 'фаллоэмитатор', 0, 0),
(1803, 'гель', 0, 0),
(1804, 'питере', 0, 0),
(1805, 'поколения', 0, 0),
(1806, 'точками', 0, 0),
(2581, 'медленно', 0, 2),
(2142, 'отомо', 0, 1),
(2143, 'полностью', 0, 2),
(2144, 'перевели', 0, 1),
(2145, 'язык', 0, 1),
(2146, 'rutracker', 0, 1),
(2147, 'org', 0, 1),
(2148, 'forum', 0, 1),
(1807, 'татарбунары', 0, 0),
(1808, 'устюжна', 0, 0),
(1809, 'глазуновка', 0, 0),
(1810, 'лохотрон', 0, 0),
(1811, 'юрюзани', 0, 0),
(1812, 'глухими', 0, 0),
(1813, 'nineeg', 0, 0),
(1814, 'петербург', 0, 0),
(1815, 'киев', 0, 0),
(1816, 'яблоновка', 0, 0),
(1817, 'бийск', 0, 0),
(1818, 'кашары', 0, 0),
(1819, 'магнитогорске', 0, 0),
(1820, 'залегощь', 0, 0),
(1821, 'малая', 0, 0),
(1822, 'виска', 0, 0),
(1823, 'котельнич', 0, 0),
(1824, 'головкино', 0, 0),
(1825, 'марий', 0, 0),
(1826, 'гомель', 0, 0),
(1827, 'пурга', 0, 0),
(2584, 'одному', 0, 1),
(2588, 'мире', 0, 1),
(2583, 'ящерица', 0, 1),
(2586, 'отмечают', 0, 1),
(2585, 'жители', 0, 1),
(2582, 'идёт', 0, 2),
(2157, 'работ', 0, 2),
(2589, 'развиваются', 0, 1),
(2587, 'месяца', 0, 2),
(1828, 'красная', 0, 0),
(1829, 'горка', 0, 0),
(1830, 'кадошкино', 0, 0),
(1831, 'бердск', 0, 0),
(1832, 'абакана', 0, 0),
(1833, 'кореновск', 0, 0),
(1834, 'первомайский', 0, 0),
(1835, 'oru', 0, 0),
(1836, 'касли', 0, 0),
(1837, 'мценск', 0, 0),
(1838, 'палкино', 0, 0),
(1839, 'сургута', 0, 0),
(1840, 'луховицы', 0, 0),
(1841, 'инсар', 0, 0),
(1842, 'ильинско', 0, 0),
(1843, 'подомское', 0, 0),
(1844, 'якшур', 0, 0),
(1845, 'бодья', 0, 0),
(1846, 'ачинске', 0, 0),
(1847, 'кривого', 0, 0),
(1848, 'рога', 0, 0),
(1849, 'жуково', 0, 0),
(1850, 'ведено', 0, 0),
(2116, 'снова', 0, 2),
(2117, 'нибудь', 0, 5),
(2118, 'появился', 0, 2),
(1976, 'тимашевске', 0, 0),
(1977, 'платные', 0, 0),
(1978, 'ростовской', 0, 0),
(1979, 'яндекс', 0, 0),
(2127, 'поучавствовать', 0, 1),
(2126, 'падать', 0, 1),
(2125, 'действительно', 0, 1),
(1851, 'футляр', 0, 0),
(1852, 'презервативов', 0, 0),
(1853, 'картинки', 0, 0),
(1854, 'ременной', 0, 0),
(1855, 'маскарадные', 0, 0),
(1856, 'толстый', 0, 0),
(1857, 'говорящие', 0, 0),
(1858, 'ремней', 0, 0),
(1859, 'искусственная', 0, 0),
(1860, 'вагина', 0, 0),
(1861, 'отзывы', 0, 0),
(1862, 'платья', 0, 0),
(1863, 'стеклянные', 0, 0),
(1864, 'пробки', 0, 0),
(1865, 'астрахань', 0, 0),
(1866, 'сеточку', 0, 0),
(1867, 'силиконовый', 0, 0),
(1868, 'наложенным', 0, 0),
(1869, 'платежом', 0, 0),
(1870, 'игрушку', 0, 0),
(1990, 'увеличении', 0, 0),
(1992, 'винил', 0, 0),
(2155, 'собой', 0, 1),
(1986, 'химки', 0, 0),
(1985, 'обои', 0, 0),
(1991, 'кожаный', 0, 0),
(2141, 'кацухиро', 0, 1),
(1989, 'правда', 0, 2),
(1987, 'фалоиммитатор', 0, 0),
(1988, 'продам', 0, 0),
(1871, 'таджикистан', 0, 0),
(1872, 'красногорске', 0, 0),
(1873, 'гатчине', 0, 0),
(1874, 'движок', 0, 1),
(1875, 'сайта', 0, 2),
(1876, 'белгород', 0, 0),
(1877, 'днестровский', 0, 0),
(1878, 'партнерская', 0, 0),
(1879, 'программа', 0, 0),
(1880, 'коломне', 0, 0),
(1881, 'мамой', 0, 0),
(1882, 'салават', 0, 0),
(1883, 'богатым', 0, 0),
(1884, 'стеснительная', 0, 0),
(1885, 'артеме', 0, 0),
(1886, 'любим', 0, 0),
(1887, 'заволжье', 0, 0),
(1888, 'донецке', 0, 0),
(2006, 'пущино', 0, 0),
(2007, 'православной', 0, 0),
(2008, 'сосновый', 0, 0),
(2000, 'аткарске', 0, 0),
(2001, 'давай', 0, 0),
(2002, 'поженимся', 0, 0),
(2003, 'курске', 0, 0),
(2004, 'могилев', 0, 0),
(2005, 'долгопрудном', 0, 0),
(1889, 'применению', 0, 0),
(1890, 'помпы', 0, 0),
(1891, 'волгограде', 0, 0),
(1892, 'латекса', 0, 0),
(1893, 'белое', 0, 0),
(1894, 'дома', 0, 1),
(1895, 'хвостом', 0, 0),
(1896, 'share', 0, 0),
(1897, 'недорого', 0, 0),
(1898, 'мужской', 0, 0),
(1899, 'реалистичный', 0, 0),
(1900, 'открытое', 0, 0),
(1901, 'гелевый', 0, 0),
(1902, 'дешевые', 0, 0),
(2027, 'сургуте', 0, 0),
(2024, 'прилуки', 0, 0),
(2023, 'нечастых', 0, 0),
(2026, 'харьковская', 0, 0),
(2025, 'асино', 0, 0),
(1903, 'красноярске', 0, 0),
(1904, 'realdoll', 0, 0),
(1905, 'адреса', 0, 0),
(1906, 'магазинов', 0, 0),
(1907, 'астане', 0, 0),
(1908, 'интимное', 0, 0),
(1909, 'металлические', 0, 0),
(1910, 'влагалище', 0, 0),
(1911, 'монашки', 0, 0),
(1912, 'результат', 0, 0),
(1913, 'курган', 0, 0),
(1914, 'вагины', 0, 0),
(1915, 'люберцы', 0, 0),
(1916, 'corin', 0, 0),
(1917, 'члене', 0, 0),
(1918, 'попперсы', 0, 0),
(1919, 'языка', 0, 0),
(1920, 'цены', 0, 0),
(1921, 'действие', 0, 0),
(1922, 'пособие', 0, 0),
(1923, 'игрушкам', 0, 0),
(2599, 'засыпает', 0, 1),
(2596, 'бодрствует', 0, 1),
(2591, 'алисы', 0, 1),
(2597, 'проживает', 0, 1),
(2595, 'делится', 0, 1),
(2598, 'реальном', 0, 1),
(2593, 'чудес', 0, 1),
(2590, 'манер', 0, 1),
(2594, 'таким', 0, 2),
(2592, 'стране', 0, 1),
(1924, 'руза', 0, 0),
(1925, 'сландо', 0, 0),
(1926, 'минск', 0, 0),
(1927, 'миллерово', 0, 0),
(1928, 'мужчины', 0, 0),
(1929, 'владикавказе', 0, 0),
(1930, 'девчонка', 0, 0),
(1931, 'саратова', 0, 0),
(1932, 'морковь', 0, 0),
(1933, 'брянское', 0, 0),
(1934, 'куйбышев', 0, 0),
(1935, 'знаменке', 0, 0),
(1936, 'антрацит', 0, 0),
(1937, 'зарубежные', 0, 0),
(1938, 'обеспеченными', 0, 0),
(1939, 'бире', 0, 0),
(1940, 'статусы', 0, 0),
(1941, 'тулун', 0, 0),
(1942, 'нужные', 0, 0),
(1943, 'ялте', 0, 0),
(2605, 'тревога', 0, 1),
(2606, 'персонажей', 0, 1),
(2602, 'чувствуется', 0, 1),
(2603, 'драма', 0, 1),
(2604, 'кадром', 0, 1),
(2600, 'сказочном', 0, 1),
(2601, 'грустная', 0, 1),
(2607, 'следующих', 0, 1),
(2608, 'глав', 0, 1),
(2609, 'появится', 0, 1),
(2610, 'первая', 0, 4),
(2611, 'переведённая', 0, 1),
(2612, 'глава', 0, 1),
(2613, 'появилась', 0, 1),
(2614, 'начале', 0, 1),
(2615, '2014', 0, 1),
(2616, 'года', 0, 1),
(2617, 'догадаться', 0, 1),
(2618, 'мейнстримовая', 0, 1),
(2619, 'рисовке', 0, 1),
(2620, 'похожа', 0, 1),
(2621, 'именно', 0, 2),
(2622, 'сравнилл', 0, 0),
(2623, 'узумаками', 0, 1),
(2624, 'интересно', 0, 2),
(2625, 'сравнил', 0, 1),
(2626, 'часть', 0, 1),
(2627, 'дема', 0, 1),
(2628, 'видел', 0, 2),
(2629, '2012', 0, 1),
(2630, 'году', 0, 1),
(2631, 'впечатлила', 0, 1),
(2632, 'стоящий', 0, 1),
(2633, 'проект', 0, 1),
(2634, 'технически', 0, 1),
(2635, 'понимаю', 0, 2),
(2636, 'сложный', 0, 1),
(2637, 'кбс', 0, 1),
(2638, 'брождение', 0, 1),
(2639, 'мэйкерским', 0, 1),
(2640, 'локациям', 0, 1),
(2641, 'увидеть', 0, 1),
(2642, 'готовом', 0, 1),
(2643, 'вдруг', 0, 1),
(2644, 'чудеса', 0, 1),
(2645, 'бывают', 0, 1),
(2646, 'внятная', 0, 1),
(2647, 'ссылка', 0, 1),
(2648, 'дему', 0, 1),
(2649, 'ант', 0, 1),
(2650, 'здорово', 0, 1),
(2651, 'заметил', 0, 2),
(2652, 'демку', 0, 1),
(2653, 'курсе', 0, 1),
(2654, 'кажись', 0, 1),
(2655, 'поменялось', 0, 1),
(2656, 'тысячу', 0, 1),
(2657, 'стыдно', 0, 1),
(2658, 'меж', 0, 1),
(2659, 'нашёл', 0, 1),
(2660, 'поезду', 0, 1),
(2661, 'побродить', 0, 1),
(2662, 'сделана', 0, 1),
(2663, 'прилично', 0, 1),
(2664, 'гордился', 0, 1),
(2665, 'демкой', 0, 1),
(2666, 'выложить', 0, 2),
(2667, 'игра', 0, 3),
(2668, 'выложенная', 0, 1),
(2669, 'форуме', 0, 3),
(2670, 'молчание', 0, 1),
(2671, 'знак', 0, 1),
(2672, 'согласия', 0, 1),
(2673, 'торжественно', 0, 1),
(2674, 'выкладывается', 0, 2),
(2675, 'https', 0, 1),
(2676, 'yadi', 0, 1),
(2677, 'uuzqkktbigdvi', 0, 1),
(2678, 'антберг', 0, 1),
(2679, 'рады', 0, 1),
(2680, 'мучает', 0, 1),
(2681, 'плохо', 0, 2),
(2682, 'учетные', 0, 1),
(2683, 'записи', 0, 1),
(2684, 'диференцированы', 0, 1),
(2685, 'форумом', 0, 1),
(2686, 'необходимо', 0, 2),
(2687, 'общее', 0, 3),
(2688, 'пространство', 0, 1),
(2689, 'удобнее', 0, 2),
(2690, 'логичнее', 0, 2),
(2691, 'может', 0, 2),
(2692, 'быть', 0, 2),
(2693, 'сложнее', 0, 1),
(2694, 'обычно', 0, 1),
(2695, 'комментов', 0, 1),
(2696, 'внешних', 0, 1),
(2697, 'движках', 0, 1),
(2698, 'оттуда', 0, 1),
(2699, 'пароли', 0, 1),
(2700, 'забывали', 0, 1),
(2701, 'ленились', 0, 1),
(2702, 'перезаходить', 0, 1),
(2703, 'нейтральной', 0, 1),
(2704, 'удобно', 0, 1),
(2705, 'сделано', 0, 1),
(2706, 'везде', 0, 1),
(2707, 'одни', 0, 1),
(2708, 'аккаунты', 0, 2),
(2709, 'продвинутый', 0, 1),
(2710, 'судя', 0, 1),
(2711, 'всему', 0, 2),
(2712, 'пошел', 0, 2),
(2713, 'путем', 0, 1),
(2714, 'изначально', 0, 1),
(2715, 'попробую', 0, 1),
(2716, 'помучаться', 0, 1),
(2717, 'ссыль', 0, 1),
(2718, 'заценю', 0, 1),
(2719, 'напишу', 0, 1),
(2720, 'клёво', 0, 1),
(2721, 'окончании', 0, 1),
(2722, 'уборочных', 0, 1),
(2723, 'поле', 0, 1),
(2724, 'зная', 0, 1),
(2725, 'себя', 0, 2),
(2726, 'занять', 0, 1),
(2727, 'тарн', 0, 1),
(2728, 'отправился', 0, 1),
(2729, 'трактир', 0, 1),
(2730, 'находился', 0, 1),
(2731, 'полутора', 0, 1),
(2732, 'милях', 0, 1),
(2733, 'деревни', 0, 1),
(2734, 'гордая', 0, 1),
(2735, 'вывеска', 0, 1),
(2736, 'стертый', 0, 1),
(2737, 'сапог', 0, 1),
(2738, 'умело', 0, 1),
(2739, 'украшенная', 0, 1),
(2740, 'высоким', 0, 1),
(2741, 'сапогом', 0, 1),
(2742, 'торчащим', 0, 1),
(2743, 'него', 0, 3),
(2744, 'клинком', 0, 1),
(2745, 'вязалась', 0, 1),
(2746, 'известностью', 0, 1),
(2747, 'края', 0, 1),
(2748, 'приобретенной', 0, 1),
(2749, 'благодаря', 0, 1),
(2750, 'отменной', 0, 1),
(2751, 'медовухе', 0, 1),
(2752, 'удачное', 0, 1),
(2753, 'расположение', 0, 1),
(2754, 'вблизи', 0, 1),
(2755, 'тракта', 0, 1),
(2756, 'соединяющего', 0, 1),
(2757, 'самых', 0, 1),
(2758, 'крупных', 0, 1),
(2759, 'дол', 0, 1),
(2760, 'карон', 0, 1),
(2761, 'оставляло', 0, 1),
(2762, 'заведение', 0, 1),
(2763, 'посетителей', 0, 1),
(2764, 'днем', 0, 1),
(2765, 'ночью', 0, 1),
(2766, 'этот', 0, 1),
(2767, 'пьяная', 0, 1),
(2768, 'толчея', 0, 1),
(2769, 'порога', 0, 1),
(2770, 'едва', 0, 1),
(2771, 'раздавила', 0, 1),
(2772, 'тарна', 0, 1),
(2773, 'решив', 0, 1),
(2774, 'возвращаться', 0, 1),
(2775, 'выпив', 0, 1),
(2776, 'глотка', 0, 1),
(2777, 'бессмысленно', 0, 1),
(2778, 'направился', 0, 1),
(2779, 'внутрь', 0, 2),
(2780, 'выловил', 0, 1),
(2781, 'пару', 0, 1),
(2782, 'медяков', 0, 1),
(2783, 'пазухи', 0, 1),
(2784, 'взял', 0, 1),
(2785, 'кружку', 0, 1),
(2786, 'эля', 0, 1),
(2787, 'найдя', 0, 1),
(2788, 'свободной', 0, 1),
(2789, 'скамьи', 0, 1),
(2790, 'вышел', 0, 2),
(2791, 'подворье', 0, 1),
(2792, 'лицо', 0, 1),
(2793, 'переменилось', 0, 1),
(2794, 'кружка', 0, 1),
(2795, 'выпала', 0, 1),
(2796, 'затрясшихся', 0, 1),
(2797, 'рук', 0, 1),
(2798, 'звонко', 0, 1),
(2799, 'разбившись', 0, 1),
(2800, 'крыльцо', 0, 1),
(2801, 'увидел', 0, 1),
(2802, 'толпу', 0, 1),
(2803, 'несколько', 0, 1),
(2804, 'мгновений', 0, 1),
(2805, 'назад', 0, 1),
(2806, 'веселившуюся', 0, 1),
(2807, 'луже', 0, 1),
(2808, 'собственной', 0, 1),
(2809, 'крови', 0, 1),
(2810, 'над', 0, 1),
(2811, 'телами', 0, 1),
(2812, 'стоял', 0, 1),
(2813, 'десяток', 0, 1),
(2814, 'рыцарей', 0, 1),
(2815, 'мечей', 0, 1),
(2816, 'землю', 0, 1),
(2817, 'струилась', 0, 1),
(2818, 'кровь', 0, 1),
(2819, 'мгновение', 0, 1),
(2820, 'упал', 0, 1),
(2821, 'скатившись', 0, 1),
(2822, 'ступеням', 0, 1),
(2823, 'оземь', 0, 1),
(2824, 'брызнула', 0, 1),
(2825, 'изо', 0, 1),
(2826, 'рта', 0, 1),
(2827, 'легкое', 0, 1),
(2828, 'горело', 0, 1),
(2829, 'последним', 0, 1),
(2830, 'услышал', 0, 1),
(2831, 'крики', 0, 1),
(2832, 'мольбы', 0, 1),
(2833, 'пощаде', 0, 1),
(2834, 'доносившиеся', 0, 1),
(2835, 'трактира', 0, 1),
(2836, 'войска', 0, 1),
(2837, 'ронда', 0, 1),
(2838, 'напали', 0, 1),
(2839, 'предупреждения', 0, 1),
(2840, 'возле', 0, 1),
(2841, 'села', 0, 1),
(2842, 'каменки', 0, 1),
(2843, 'милорд', 0, 1),
(2844, 'направляются', 0, 1),
(2845, 'число', 0, 1),
(2846, 'неизвестно', 0, 1),
(2847, 'войско', 0, 1),
(2848, 'пяти', 0, 1),
(2849, 'пути', 0, 1),
(2850, 'письмо', 0, 1),
(2851, 'прислал', 0, 1),
(2852, 'феод', 0, 1),
(2853, 'крэй', 0, 1),
(2854, 'значит', 0, 1),
(2855, 'война', 0, 1),
(2856, 'отправляй', 0, 1),
(2857, 'гонца', 0, 1),
(2858, 'форпост', 0, 1),
(2859, 'твале', 0, 1),
(2860, 'пусть', 0, 2),
(2861, 'выставляют', 0, 1),
(2862, 'дозоры', 0, 1),
(2863, 'тракту', 0, 1),
(2864, 'дважды', 0, 1),
(2865, 'отправляют', 0, 1),
(2866, 'депеши', 0, 1),
(2867, 'лично', 0, 1),
(2868, 'германику', 0, 1),
(2869, 'чтобы', 0, 2),
(2870, 'собрал', 0, 1),
(2871, 'скорее', 0, 1),
(2872, 'вассалов', 0, 1),
(2873, 'войсками', 0, 1),
(2874, 'марин', 0, 0),
(2875, 'черт', 0, 1),
(2876, 'побрал', 0, 1),
(2877, 'нужен', 0, 1),
(2878, 'генерал', 0, 1),
(2879, 'канаву', 0, 1),
(2880, 'знает', 0, 1),
(2881, 'минуты', 0, 1),
(2882, 'минуту', 0, 1),
(2883, 'оповещал', 0, 1),
(2884, 'городскую', 0, 1),
(2885, 'стражу', 0, 1),
(2886, 'марти', 0, 1),
(2887, 'исполнении', 0, 1),
(2888, 'доложись', 0, 1),
(2889, 'будешь', 0, 1),
(2890, 'свободен', 0, 1),
(2891, 'здравствуй', 0, 1),
(2892, 'лорин', 0, 1),
(2893, 'обниматься', 0, 1),
(2894, 'говори', 0, 1),
(2895, 'стражей', 0, 1),
(2896, 'братом', 0, 1),
(2897, 'государь', 0, 1),
(2898, 'норала', 0, 1),
(2899, 'сказал', 0, 1),
(2900, 'прошелся', 0, 1),
(2901, 'трактирам', 0, 1),
(2902, 'вряд', 0, 1),
(2903, 'наберет', 0, 1),
(2904, 'сотню', 0, 1),
(2905, 'хвала', 0, 1),
(2906, 'богам', 0, 1),
(2907, 'среди', 0, 1),
(2908, 'отыщется', 0, 1),
(2909, 'пять', 0, 1),
(2910, 'опытных', 0, 1),
(2911, 'казна', 0, 1),
(2912, 'пустует', 0, 1),
(2913, 'обозы', 0, 1),
(2914, 'отправлены', 0, 1),
(2915, 'сбор', 0, 1),
(2916, 'лишь', 0, 1),
(2917, 'неделю', 0, 1),
(2918, 'король', 0, 1),
(2919, 'казалось', 0, 1),
(2920, 'уменьшался', 0, 1),
(2921, 'глазах', 0, 1),
(2922, 'любил', 0, 1),
(2923, 'битвы', 0, 1),
(2924, 'старался', 0, 1),
(2925, 'избегать', 0, 1),
(2926, 'мысль', 0, 1),
(2927, 'предстоящей', 0, 1),
(2928, 'войне', 0, 1),
(2929, 'заноза', 0, 1),
(2930, 'заднице', 0, 1),
(2931, 'мешала', 0, 1),
(2932, 'трезво', 0, 1),
(2933, 'мыслить', 0, 1),
(2934, 'королю', 0, 1),
(2935, 'переживай', 0, 1),
(2936, 'тобой', 0, 1),
(2937, 'славных', 0, 1),
(2938, 'боев', 0, 1),
(2939, 'провели', 0, 1),
(2940, 'успел', 0, 1),
(2941, 'ним', 0, 2),
(2942, 'привыкнуть', 0, 1),
(2943, 'прошел', 0, 1),
(2944, 'дубовому', 0, 1),
(2945, 'столу', 0, 1),
(2946, 'плеснул', 0, 1),
(2947, 'кувшина', 0, 1),
(2948, 'залпом', 0, 1),
(2949, 'осушил', 0, 1),
(2950, 'дела', 0, 1),
(2951, 'хороши', 0, 1),
(2952, 'ввязываться', 0, 1),
(2953, 'войну', 0, 1),
(2954, 'сдались', 0, 1),
(2955, 'чертям', 0, 1),
(2956, 'рондовцам', 0, 1),
(2957, 'земли', 0, 1),
(2958, 'крэя', 0, 1),
(2959, 'будь', 0, 1),
(2960, 'неладны', 0, 1),
(2961, 'двадцать', 0, 1),
(2962, 'прошло', 0, 1),
(2963, 'неймется', 0, 1),
(2964, 'места', 0, 1),
(2965, 'силы', 0, 1),
(2966, 'говорят', 0, 1),
(2967, 'плевать', 0, 1),
(2968, 'всю', 0, 1),
(2969, 'магию', 0, 1),
(2970, 'горячись', 0, 1),
(2971, 'предпринял', 0, 1),
(2972, 'отправил', 0, 1),
(2973, 'весть', 0, 1),
(2974, 'твал', 0, 1),
(2975, 'завтра', 0, 1),
(2976, 'вечеру', 0, 1),
(2977, 'встану', 0, 1),
(2978, 'сотнями', 0, 1),
(2979, 'моста', 0, 1),
(2980, 'навью', 0, 1),
(2981, 'минимум', 0, 1),
(2982, 'задержу', 0, 1),
(2983, 'рондовцев', 0, 1),
(2984, 'покуда', 0, 1),
(2985, 'германик', 0, 1),
(2986, 'притащится', 0, 1),
(2987, 'унывай', 0, 1),
(2988, 'займись', 0, 1),
(2989, 'обороной', 0, 1),
(2990, 'ведь', 0, 1),
(2991, 'норал', 0, 1),
(2992, 'лучший', 0, 1),
(2993, 'военачальник', 0, 1),
(2994, 'бывай', 0, 1),
(2995, 'сняв', 0, 1),
(2996, 'корону', 0, 1),
(2997, 'молчаливо', 0, 1),
(2998, 'окно', 0, 1),
(2999, 'заходящее', 0, 1),
(3000, 'солнце', 0, 1),
(3001, 'ему', 0, 1),
(3002, 'думалось', 0, 1),
(3003, 'сочтены', 0, 1),
(3004, 'старик', 0, 1),
(3005, 'должен', 0, 1),
(3006, 'стукнуть', 0, 1),
(3007, 'пятый', 0, 1),
(3008, 'вскоре', 0, 1),
(3009, 'вернулся', 0, 1),
(3010, 'придворный', 0, 1),
(3011, 'сообщил', 0, 1),
(3012, 'гонцы', 0, 1),
(3013, 'ушел', 0, 1),
(3014, 'восвояси', 0, 1),
(3015, 'светило', 0, 1),
(3016, 'скрылось', 0, 1),
(3017, 'макушками', 0, 1),
(3018, 'елей', 0, 1),
(3019, 'покои', 0, 1),
(3020, 'райнару', 0, 1),
(3021, 'снилось', 0, 2),
(3022, 'убегает', 0, 1),
(3023, 'призраков', 0, 1),
(3024, 'прошлого', 0, 1),
(3025, 'проснулся', 0, 1),
(3026, 'ночи', 0, 1),
(3027, 'весьма', 0, 1),
(3028, 'скверном', 0, 1),
(3029, 'расположении', 0, 1),
(3030, 'духа', 0, 1),
(3031, 'клинок', 0, 1),
(3032, 'изголовья', 0, 1),
(3033, 'кровати', 0, 1),
(3034, 'двор', 0, 1),
(3035, 'справить', 0, 1),
(3036, 'малую', 0, 1),
(3037, 'нужду', 0, 1),
(3038, 'очага', 0, 1),
(3039, 'обнаружился', 0, 1),
(3040, 'хозяин', 0, 1),
(3041, 'вчера', 0, 1),
(3042, 'казался', 0, 1),
(3043, 'разбитым', 0, 1),
(3044, 'подняв', 0, 1),
(3045, 'голову', 0, 1),
(3046, 'шум', 0, 1),
(3047, 'увидев', 0, 1),
(3048, 'райнара', 0, 1),
(3049, 'поясе', 0, 1),
(3050, 'трактирщик', 0, 1),
(3051, 'просиял', 0, 1),
(3052, 'господин', 0, 1),
(3053, 'райнар', 0, 1),
(3054, 'скажите', 0, 1),
(3055, 'серый', 0, 1),
(3056, 'рыцарь', 0, 1),
(3057, 'заинтересован', 0, 1),
(3058, 'работе', 0, 1),
(3059, 'ждут', 0, 1),
(3060, 'прошу', 0, 1),
(3061, 'извинить', 0, 1),
(3062, 'заплатить', 0, 1),
(3063, 'идут', 0, 1),
(3064, 'последнее', 0, 1),
(3065, 'слухи', 0, 1),
(3066, 'бережно', 0, 1),
(3067, 'храню', 0, 1),
(3068, 'золото', 0, 1),
(3069, 'выслушайте', 0, 1),
(3070, 'выслушаю', 0, 1),
(3071, 'выйти', 0, 2),
(3072, 'коня', 0, 1),
(3073, 'запрячь', 0, 1),
(3074, 'сию', 0, 1),
(3075, 'словами', 0, 1),
(3076, 'скрылся', 0, 1),
(3077, 'подсобке', 0, 1),
(3078, 'послышалась', 0, 1),
(3079, 'возня', 0, 1),
(3080, 'пинки', 0, 1),
(3081, 'спустя', 0, 1),
(3082, 'спанный', 0, 1),
(3083, 'мальчишка', 0, 1),
(3084, 'следом', 0, 1),
(3085, 'выйдя', 0, 1),
(3086, 'улицу', 0, 1),
(3087, 'выполнив', 0, 1),
(3088, 'свой', 0, 1),
(3089, 'долг', 0, 1),
(3090, 'перед', 0, 1),
(3091, 'организмом', 0, 1),
(3092, 'проводил', 0, 1),
(3093, 'взглядом', 0, 1),
(3094, 'мальчишку', 0, 1),
(3095, 'сидел', 0, 1),
(3096, 'одним', 0, 1),
(3097, 'столов', 0, 1),
(3098, 'красовалась', 0, 1),
(3099, 'прохудившаяся', 0, 1),
(3100, 'мошна', 0, 1),
(3101, 'будто', 0, 1),
(3102, 'уверенности', 0, 1),
(3103, 'помощи', 0, 1),
(3104, 'серого', 0, 1),
(3105, 'рыцаря', 0, 1),
(3106, 'присел', 0, 1),
(3107, 'противоположной', 0, 1),
(3108, 'готовый', 0, 1),
(3109, 'нудному', 0, 1),
(3110, 'рассказу', 0, 1),
(3111, 'тебя', 0, 1),
(3112, 'дело', 0, 1),
(3113, 'пол', 0, 1),
(3114, 'дочурка', 0, 1),
(3115, 'аннушка', 0, 1),
(3116, 'ушла', 0, 1),
(3117, 'лес', 0, 1),
(3118, 'грибами', 0, 1),
(3119, 'вернулась', 0, 1),
(3120, 'поговаривают', 0, 1),
(3121, 'лесу', 0, 1),
(3122, 'сам', 0, 3),
(3123, 'детства', 0, 1),
(3124, 'грибы', 0, 1),
(3125, 'собирал', 0, 1),
(3126, 'появилось', 0, 1),
(3127, 'чудище', 0, 1),
(3128, 'вестимо', 0, 1),
(3129, 'газы', 0, 1),
(3130, 'болотные', 0, 1),
(3131, 'чудищам', 0, 1),
(3132, 'всяким', 0, 1),
(3133, 'больно', 0, 1),
(3134, 'нравятся', 0, 1),
(3135, 'появления', 0, 1),
(3136, 'господина', 0, 1),
(3137, 'профессии', 0, 1),
(3138, 'ваша', 0, 1),
(3139, 'небольшой', 0, 1),
(3140, 'задаток', 0, 1),
(3141, 'возьметесь', 0, 1),
(3142, 'никаких', 0, 1),
(3143, 'чудищ', 0, 1),
(3144, 'бывает', 0, 1),
(3145, 'молва', 0, 1),
(3146, 'преувеличена', 0, 1),
(3147, 'охотники', 0, 1),
(3148, 'чудищами', 0, 1),
(3149, 'простые', 0, 1),
(3150, 'наемники', 0, 1),
(3151, 'ищейки', 0, 1),
(3152, 'подождите', 0, 1),
(3153, 'говорил', 0, 2),
(3154, 'деревенскими', 0, 1),
(3155, 'видели', 0, 1),
(3156, 'болтают', 0, 1),
(3157, 'страхолюдина', 0, 1),
(3158, 'шерсть', 0, 1),
(3159, 'развевается', 0, 1),
(3160, 'зубищи', 0, 1),
(3161, 'когти', 0, 1),
(3162, 'сами', 0, 1),
(3163, 'теперь', 0, 1),
(3164, 'ходят', 0, 1),
(3165, 'боятся', 0, 1),
(3166, 'согласны', 0, 1),
(3167, 'финансами', 0, 1),
(3168, 'помочь', 0, 1),
(3169, 'случись', 0, 1),
(3170, 'гораздо', 0, 1),
(3171, 'большем', 0, 1),
(3172, 'количестве', 0, 1),
(3173, 'прогулка', 0, 1),
(3174, 'серебряников', 0, 1),
(3175, 'звучит', 0, 1),
(3176, 'недурно', 0, 1),
(3177, 'согласен', 0, 1),
(3178, 'отправляюсь', 0, 1),
(3179, 'сей', 0, 1),
(3180, 'завтрашнему', 0, 1),
(3181, 'утру', 0, 1),
(3182, 'вернусь', 0, 1),
(3183, 'деревня', 0, 1),
(3184, 'митки', 0, 1),
(3185, 'загляну', 0, 1),
(3186, 'туда', 0, 1),
(3187, 'передам', 0, 1),
(3188, 'твоего', 0, 1),
(3189, 'имени', 0, 2),
(3190, 'весточку', 0, 1),
(3191, 'собрали', 0, 1),
(3192, 'ничего', 0, 1),
(3193, 'найду', 0, 1),
(3194, 'моменту', 0, 1),
(3195, 'лошадью', 0, 1),
(3196, 'под', 0, 1),
(3197, 'уздцы', 0, 1),
(3198, 'входа', 0, 1),
(3199, 'рейнар', 0, 1),
(3200, 'вручил', 0, 1),
(3201, 'медяк', 0, 1),
(3202, 'шуструю', 0, 1),
(3203, 'работу', 0, 2),
(3204, 'запрыгнул', 0, 1),
(3205, 'север', 0, 1),
(3206, 'слегка', 0, 1),
(3207, 'запас', 0, 1),
(3208, 'истощился', 0, 1),
(3209, 'раньше', 0, 1),
(3210, 'позже', 0, 1),
(3211, 'успеть', 0, 1),
(3212, 'празднику', 0, 1),
(3213, 'сбора', 0, 1),
(3214, 'урожая', 0, 1),
(3215, 'деревне', 0, 1),
(3216, 'народ', 0, 1),
(3217, 'занимался', 0, 1),
(3218, 'хозяйством', 0, 1),
(3219, 'необходимости', 0, 1),
(3220, 'ломиться', 0, 1),
(3221, 'хаты', 0, 1),
(3222, 'встречу', 0, 1),
(3223, 'дворов', 0, 1),
(3224, 'вышла', 0, 1),
(3225, 'компания', 0, 1),
(3226, 'трех', 0, 1),
(3227, 'серпами', 0, 1),
(3228, 'коим', 0, 1),
(3229, 'неужто', 0, 1),
(3230, 'чудищу', 0, 1),
(3231, 'братцы', 0, 1),
(3232, 'нашего', 0, 1),
(3233, 'съест', 0, 1),
(3234, 'формация', 0, 1),
(3235, 'выкладывайте', 0, 1),
(3236, 'якобы', 0, 1),
(3237, 'трое', 0, 1),
(3238, 'почесали', 0, 1),
(3239, 'лбы', 0, 1),
(3240, 'востоке', 0, 1),
(3241, 'полнгоду', 0, 1),
(3242, 'рыскать', 0, 1),
(3243, 'стало', 0, 3),
(3244, 'пор', 0, 1),
(3245, 'пропало', 0, 1),
(3246, 'перестали', 0, 1),
(3247, 'ходить', 0, 1),
(3248, 'болота', 0, 1),
(3249, 'такмо', 0, 1),
(3250, 'зубастая', 0, 1),
(3251, 'тварь', 0, 1),
(3252, 'дык', 0, 1),
(3253, 'шорка', 0, 1),
(3254, 'спрашивать', 0, 1),
(3255, 'бестолку', 0, 1),
(3256, 'леса', 0, 1),
(3257, 'умом', 0, 1),
(3258, 'тронулся', 0, 1),
(3259, 'вон', 0, 1),
(3260, 'изба', 0, 1),
(3261, 'собирайте', 0, 1),
(3262, 'деньги', 0, 1),
(3263, 'уничтожение', 0, 1),
(3264, 'вашего', 0, 1),
(3265, 'чудища', 0, 1),
(3266, 'сравнении', 0, 1),
(3267, 'остальными', 0, 1),
(3268, 'домами', 0, 1),
(3269, 'ухоженными', 0, 1),
(3270, 'огородами', 0, 1),
(3271, 'заброшен', 0, 1),
(3272, 'встречи', 0, 1),
(3273, 'монстром', 0, 1),
(3274, 'постучал', 0, 1),
(3275, 'дверь', 0, 1),
(3276, 'ответа', 0, 1),
(3277, 'последовало', 0, 1),
(3278, 'потянув', 0, 1),
(3279, 'ручку', 0, 1),
(3280, 'обнаружил', 0, 1),
(3281, 'заперта', 0, 1),
(3282, 'войдя', 0, 1),
(3283, 'ужаснулся', 0, 1),
(3284, 'вековая', 0, 1),
(3285, 'пыль', 0, 1),
(3286, 'паутина', 0, 1),
(3287, 'покрывали', 0, 1),
(3288, 'каждую', 0, 1),
(3289, 'пядь', 0, 1),
(3290, 'поверхности', 0, 1),
(3291, 'печке', 0, 1),
(3292, 'спящим', 0, 1),
(3293, 'дернул', 0, 1),
(3294, 'паренька', 0, 1),
(3295, 'встрепенулся', 0, 1),
(3296, 'начал', 0, 1),
(3297, 'скулить', 0, 1),
(3298, 'постороннего', 0, 1),
(3299, 'доме', 0, 1),
(3300, 'ловкостью', 0, 1),
(3301, 'кошки', 0, 1),
(3302, 'деревенщина', 0, 1),
(3303, 'перекатился', 0, 1),
(3304, 'спрыгнул', 0, 1),
(3305, 'печки', 0, 1),
(3306, 'схватил', 0, 1),
(3307, 'кочергу', 0, 1),
(3308, 'атаку', 0, 1),
(3309, 'ожидавший', 0, 1),
(3310, 'подобного', 0, 1),
(3311, 'еле', 0, 1),
(3312, 'отпрыгнуть', 0, 1),
(3313, 'увернуться', 0, 1),
(3314, 'удар', 0, 1),
(3315, 'пришелся', 0, 1),
(3316, 'мимо', 0, 1),
(3317, 'вывело', 0, 1),
(3318, 'шорку', 0, 1),
(3319, 'равновесия', 0, 1),
(3320, 'грацией', 0, 1),
(3321, 'свиньи', 0, 1);
INSERT INTO `phpbb_search_wordlist` (`word_id`, `word_text`, `word_common`, `word_count`) VALUES
(3322, 'повалился', 0, 1),
(3323, 'воспользовавшись', 0, 1),
(3324, 'моментом', 0, 1),
(3325, 'вывернул', 0, 1),
(3326, 'деревенщине', 0, 1),
(3327, 'руки', 0, 1),
(3328, 'отпусти', 0, 1),
(3329, 'нечисть', 0, 1),
(3330, 'сгинь', 0, 1),
(3331, 'гинь', 0, 1),
(3332, 'забрать', 0, 1),
(3333, 'тебе', 0, 1),
(3334, 'мою', 0, 1),
(3335, 'душу', 0, 1),
(3336, 'успокойся', 0, 1),
(3337, 'хорошая', 0, 1),
(3338, 'аплеуха', 0, 1),
(3339, 'привела', 0, 1),
(3340, 'чувство', 0, 1),
(3341, 'заскулил', 0, 1),
(3342, 'подумал', 0, 3),
(3343, 'дети', 0, 1),
(3344, 'сойти', 0, 1),
(3345, 'возрасту', 0, 1),
(3346, 'сына', 0, 1),
(3347, 'отпустил', 0, 1),
(3348, 'деревенщины', 0, 1),
(3349, 'вставай', 0, 1),
(3350, 'юнец', 0, 1),
(3351, 'шорки', 0, 1),
(3352, 'противно', 0, 1),
(3353, 'сопли', 0, 1),
(3354, 'пузырем', 0, 1),
(3355, 'красные', 0, 1),
(3356, 'слез', 0, 1),
(3357, 'вид', 0, 1),
(3358, 'последний', 0, 1),
(3359, 'год', 0, 1),
(3360, 'гроша', 0, 1),
(3361, 'бродил', 0, 1),
(3362, 'трактам', 0, 1),
(3363, 'табурет', 0, 1),
(3364, 'силой', 0, 1),
(3365, 'заставил', 0, 1),
(3366, 'деревенщину', 0, 1),
(3367, 'сесть', 0, 1),
(3368, 'чистой', 0, 1),
(3369, 'тряпки', 0, 1),
(3370, 'оторвал', 0, 1),
(3371, 'грязной', 0, 1),
(3372, 'рубахи', 0, 1),
(3373, 'пола', 0, 1),
(3374, 'кусок', 0, 1),
(3375, 'бросил', 0, 1),
(3376, 'утрись', 0, 1),
(3377, 'рассказывай', 0, 1),
(3378, 'знаешь', 0, 1),
(3379, 'услышав', 0, 1),
(3380, 'слово', 0, 1),
(3381, 'новой', 0, 1),
(3382, 'принялся', 0, 1),
(3383, 'пускать', 0, 1),
(3384, 'размазывая', 0, 1),
(3385, 'тряпкой', 0, 1),
(3386, 'лицу', 0, 1),
(3387, 'отчаявшись', 0, 1),
(3388, 'похлопал', 0, 1),
(3389, 'чуди', 0, 1),
(3390, 'маа', 0, 1),
(3391, 'хлюп', 0, 1),
(3392, 'тени', 0, 1),
(3393, 'всхлип', 0, 1),
(3394, 'страх', 0, 1),
(3395, 'бесполезно', 0, 1),
(3396, 'дыбом', 0, 1),
(3397, 'покажи', 0, 1),
(3398, 'направление', 0, 1),
(3399, 'передвигая', 0, 1),
(3400, 'ноги', 0, 1),
(3401, 'пройдя', 0, 1),
(3402, 'пальцем', 0, 1),
(3403, 'указал', 0, 1),
(3404, 'тропу', 0, 1),
(3405, 'ведущую', 0, 1),
(3406, 'побежал', 0, 1),
(3407, 'противоположную', 0, 1),
(3408, 'своему', 0, 1),
(3409, 'дому', 0, 1),
(3410, 'проверив', 0, 1),
(3411, 'приторочены', 0, 1),
(3412, 'сумки', 0, 1),
(3413, 'седлу', 0, 1),
(3414, 'лошадь', 0, 1),
(3415, 'березовую', 0, 1),
(3416, 'чащу', 0, 1),
(3417, 'обилие', 0, 1),
(3418, 'грибов', 0, 1),
(3419, 'опушке', 0, 1),
(3420, 'подсказывало', 0, 1),
(3421, 'некоторое', 0, 1),
(3422, 'никто', 0, 1),
(3423, 'приближался', 0, 1),
(3424, 'гуще', 0, 1),
(3425, 'становился', 0, 1),
(3426, 'сильнее', 0, 1),
(3427, 'сжимал', 0, 1),
(3428, 'рукоять', 0, 1),
(3429, 'клинка', 0, 1),
(3430, 'просвечивало', 0, 1),
(3431, 'макушки', 0, 1),
(3432, 'могучих', 0, 1),
(3433, 'дубов', 0, 1),
(3434, 'разросшихся', 0, 1),
(3435, 'глаз', 0, 1),
(3436, 'хватало', 0, 1),
(3437, 'приближалось', 0, 1),
(3438, 'полудню', 0, 1),
(3439, 'заурчал', 0, 1),
(3440, 'живот', 0, 1),
(3441, 'привязав', 0, 1),
(3442, 'молодому', 0, 1),
(3443, 'деревцу', 0, 1),
(3444, 'сел', 0, 1),
(3445, 'возвышающийся', 0, 1),
(3446, 'корень', 0, 1),
(3447, 'достал', 0, 1),
(3448, 'котомки', 0, 1),
(3449, 'ломоть', 0, 1),
(3450, 'хлеба', 0, 1),
(3451, 'флягу', 0, 1),
(3452, 'крошки', 0, 1),
(3453, 'рот', 0, 1),
(3454, 'бросить', 0, 1),
(3455, 'сторон', 0, 1),
(3456, 'потрескивание', 0, 1),
(3457, 'веток', 0, 1),
(3458, 'шелест', 0, 1),
(3459, 'опавшей', 0, 1),
(3460, 'листвы', 0, 1),
(3461, 'выхватив', 0, 1),
(3462, 'приняв', 0, 1),
(3463, 'боевую', 0, 1),
(3464, 'позицию', 0, 1),
(3465, 'затих', 0, 1),
(3466, 'стал', 0, 1),
(3467, 'прислушиваться', 0, 1),
(3468, 'хватай', 0, 1),
(3469, 'разом', 0, 1),
(3470, 'одетые', 0, 1),
(3471, 'шкуры', 0, 1),
(3472, 'медведей', 0, 1),
(3473, 'волков', 0, 1),
(3474, 'кабанов', 0, 1),
(3475, 'жителей', 0, 1),
(3476, 'руках', 0, 1),
(3477, 'палки', 0, 1),
(3478, 'камни', 0, 1),
(3479, 'кинжала', 0, 1),
(3480, 'подумав', 0, 1),
(3481, 'руку', 0, 1),
(3482, 'запрыгал', 0, 1),
(3483, 'боевом', 0, 1),
(3484, 'танце', 0, 1),
(3485, 'подумать', 0, 1),
(3486, 'монстр', 0, 1),
(3487, 'видать', 0, 1),
(3488, 'ослаб', 0, 1),
(3489, 'повалил', 0, 1),
(3490, 'пятерых', 0, 1),
(3491, 'шкурах', 0, 1),
(3492, 'сотни', 0, 1),
(3493, 'очередного', 0, 1),
(3494, 'выпада', 0, 1),
(3495, 'свален', 0, 1),
(3496, 'ударом', 0, 1),
(3497, 'камня', 0, 1),
(3498, 'боль', 0, 1),
(3499, 'пронзила', 0, 1),
(3500, 'насквозь', 0, 1),
(3501, 'шее', 0, 1),
(3502, 'чувствовал', 0, 1),
(3503, 'струится', 0, 1),
(3504, 'попытка', 0, 1),
(3505, 'подняться', 0, 1),
(3506, 'пресечена', 0, 1),
(3507, 'палкой', 0, 1),
(3508, 'крепко', 0, 1),
(3509, 'связали', 0, 1),
(3510, 'потащили', 0, 1),
(3511, 'глубь', 0, 1),
(3512, 'продолжение', 0, 1),
(3513, 'следует', 0, 1),
(3514, 'морин', 0, 1),
(3515, 'думаю', 0, 2),
(3516, 'valenciaplaza', 0, 1),
(3517, 'imagenes', 0, 1),
(3518, 'imagen146821g', 0, 1),
(3519, 'серьёзно', 0, 1),
(3520, 'ближе', 0, 1),
(3521, 'концу', 0, 1),
(3522, 'половина', 0, 1),
(3523, 'суховатой', 0, 1),
(3524, 'такая', 0, 1),
(3525, 'среднестатистическая', 0, 1),
(3526, 'мэйкере', 0, 1),
(3527, 'почему', 0, 1),
(3528, 'нечто', 0, 1),
(3529, 'сценария', 0, 1),
(3530, 'наверное', 0, 1),
(3531, 'повлиял', 0, 1),
(3532, 'эпизод', 0, 1),
(3533, 'получения', 0, 1),
(3534, 'квеста', 0, 1),
(3535, 'компьютерно', 0, 1),
(3536, 'игорному', 0, 1),
(3537, 'уклон', 0, 1),
(3538, 'суровизну', 0, 1),
(3539, 'сглаживает', 0, 1),
(3540, 'эффект', 0, 1),
(3541, 'нибыло', 0, 1),
(3542, 'рад', 0, 1),
(3543, 'творчество', 0, 1),
(3544, 'зарисовочное', 0, 1),
(3545, 'ждём', 0, 1),
(3546, 'продолжения', 0, 1),
(3547, 'panic', 0, 1),
(3548, 'the', 0, 1),
(3549, 'disco', 0, 1),
(3550, 'turn', 0, 1),
(3551, 'off', 0, 1),
(3552, 'lights', 0, 1),
(3553, 'алсо', 0, 1),
(3554, 'бред', 0, 1),
(3555, 'приснился', 0, 1),
(3556, 'аутентичная', 0, 1),
(3557, 'серия', 0, 1),
(3558, 'доктора', 0, 1),
(3559, 'играл', 0, 1),
(3560, 'молодой', 0, 1),
(3561, 'хью', 0, 1),
(3562, 'лори', 0, 1),
(3563, 'очках', 0, 1),
(3564, 'весь', 0, 1),
(3565, 'поэтичный', 0, 1),
(3566, 'подвижный', 0, 1),
(3567, 'аля', 0, 1),
(3568, 'вместе', 0, 1),
(3569, 'бегала', 0, 1),
(3570, 'старушка', 0, 1),
(3571, 'которая', 0, 1),
(3572, 'открывала', 0, 1),
(3573, 'дыры', 0, 1),
(3574, 'пространстве', 0, 1),
(3575, 'маленький', 0, 1),
(3576, 'мальчик', 0, 1),
(3577, 'миру', 0, 1),
(3578, 'перемещались', 0, 1),
(3579, 'картах', 0, 1),
(3580, 'рпг', 0, 1),
(3581, 'мэйкера', 0, 1),
(3582, 'сделанных', 0, 1),
(3583, 'антбергом', 0, 1),
(3584, 'убегали', 0, 1),
(3585, 'черно', 0, 1),
(3586, 'белого', 0, 1),
(3587, 'франкенштейна', 0, 1),
(3588, 'причем', 0, 1),
(3589, 'франкенштейном', 0, 1),
(3590, 'типо', 0, 1),
(3591, 'шутка', 0, 1),
(3592, 'сидят', 0, 1),
(3593, 'распинается', 0, 1),
(3594, 'красиво', 0, 1),
(3595, 'предмета', 0, 1),
(3596, 'предмету', 0, 1),
(3597, 'эти', 0, 1),
(3598, 'предметы', 0, 1),
(3599, 'описывает', 0, 1),
(3600, 'взгляните', 0, 1),
(3601, 'удивителен', 0, 1),
(3602, 'внезапного', 0, 1),
(3603, 'замолкает', 0, 1),
(3604, 'ааааааааааааа', 0, 1),
(3605, 'бегут', 0, 1),
(3606, 'сны', 0, 2),
(3607, 'документального', 0, 1),
(3608, 'фильма', 0, 1),
(3609, 'про', 0, 1),
(3610, 'освоение', 0, 1),
(3611, 'осознанных', 0, 1),
(3612, 'сновидений', 0, 1),
(3613, 'показывали', 0, 1),
(3614, 'прямо', 0, 1),
(3615, 'сновидениях', 0, 1),
(3616, 'тренировались', 0, 1),
(3617, 'разным', 0, 1),
(3618, 'навыкам', 0, 1),
(3619, 'завершающий', 0, 1),
(3620, 'поставила', 0, 1),
(3621, 'долететь', 0, 1),
(3622, 'солнца', 0, 1),
(3623, 'войти', 0, 1),
(3624, 'делалось', 0, 1),
(3625, 'попыток', 0, 1),
(3626, 'неудачных', 0, 1),
(3627, 'одних', 0, 1),
(3628, 'горячо', 0, 1),
(3629, 'могла', 0, 1),
(3630, 'подлететь', 0, 1),
(3631, 'спокойно', 0, 1),
(3632, 'влететь', 0, 1),
(3633, 'становилось', 0, 1),
(3634, 'понятно', 0, 1),
(3635, 'огонь', 0, 1),
(3636, 'сгореть', 0, 1),
(3637, 'переродившись', 0, 1),
(3638, 'новыми', 0, 1),
(3639, 'силами', 0, 1),
(3640, 'конце', 0, 1),
(3641, 'концов', 0, 1),
(3642, 'удаётся', 0, 1),
(3643, 'чём', 0, 1),
(3644, 'документальный', 0, 1),
(3645, 'фильм', 0, 1),
(3646, 'завершается', 0, 1),
(3647, 'пробуждения', 0, 1),
(3648, 'некоторые', 0, 1),
(3649, 'параллели', 0, 1),
(3650, 'фильмом', 0, 1),
(3651, 'чайка', 0, 1),
(3652, 'джонатан', 0, 1),
(3653, 'ливингстон', 0, 1),
(3654, '1973', 0, 1),
(3655, 'снят', 0, 1),
(3656, 'одноимённой', 0, 1),
(3657, 'книге', 0, 1),
(3658, 'потихоньку', 0, 1),
(3659, 'строчке', 0, 1),
(3660, 'пишется', 0, 1),
(3661, 'портал', 0, 4),
(3662, 'проблем', 0, 2),
(3663, 'удастся', 0, 1),
(3664, 'синхронизировать', 0, 1),
(3665, 'функционал', 0, 2),
(3666, 'придется', 0, 1),
(3667, 'душе', 0, 1),
(3668, 'пользователям', 0, 1),
(3669, 'планируемое', 0, 1),
(3670, 'практически', 0, 1),
(3671, 'реализованное', 0, 1),
(3672, 'вывод', 0, 1),
(3673, 'добавление', 0, 1),
(3674, 'новостей', 0, 1),
(3675, 'любым', 0, 1),
(3676, 'пользователем', 0, 1),
(3677, 'премодерацией', 0, 1),
(3678, 'админами', 0, 1),
(3679, 'пользователями', 0, 1),
(3680, 'премодерации', 0, 1),
(3681, 'загрузкой', 0, 1),
(3682, 'скриншотов', 0, 1),
(3683, 'блога', 0, 1),
(3684, 'каждой', 0, 1),
(3685, 'информация', 0, 1),
(3686, 'обновлении', 0, 1),
(3687, 'прочий', 0, 1),
(3688, 'стафф', 0, 1),
(3689, 'течением', 0, 1),
(3690, 'удачных', 0, 1),
(3691, 'обстоятельствах', 0, 1),
(3692, 'уровень', 0, 1),
(3693, 'скриншот', 0, 1),
(3694, 'раздумий', 0, 1),
(3695, 'i11', 0, 1),
(3696, 'pixs', 0, 1),
(3697, 'thumbs', 0, 1),
(3698, 'rmakerpng', 0, 1),
(3699, '6360779', 0, 1),
(3700, '18517350', 0, 1),
(3701, 'молодец', 0, 1),
(3702, 'настоящий', 0, 1),
(3703, 'скриншоте', 0, 1),
(3704, 'доработка', 0, 1),
(3705, 'взгляд', 0, 1),
(3706, 'начального', 0, 1),
(3707, 'этапа', 0, 1),
(3708, 'раздела', 0, 2),
(3709, 'ресурсы', 0, 2),
(3710, 'ссылки', 0, 2),
(3711, 'ресурсами', 0, 1),
(3712, 'размещению', 0, 1),
(3713, 'рисунков', 0, 1),
(3714, 'затрудняюсь', 0, 1),
(3715, 'прикинуть', 0, 1),
(3716, 'работающий', 0, 1),
(3717, 'вариант', 0, 1),
(3718, 'особых', 0, 1),
(3719, 'возникнет', 0, 1),
(3720, 'михаил', 0, 1),
(3721, 'боярский', 0, 1),
(3722, 'дикий', 0, 1),
(3723, 'сад', 0, 1),
(3724, 'временем', 0, 1),
(3725, 'основную', 0, 1),
(3726, 'учитель', 0, 1),
(3727, 'основная', 0, 1),
(3728, 'закончить', 0, 1),
(3729, 'основной', 0, 1),
(3730, 'залить', 0, 1),
(3731, 'хостинг', 0, 1),
(3732, 'начать', 0, 1),
(3733, 'рекламу', 0, 1),
(3734, 'развивать', 0, 1),
(3735, 'функциональность', 0, 1);

-- --------------------------------------------------------

--
-- Структура таблицы `phpbb_search_wordmatch`
--

CREATE TABLE IF NOT EXISTS `phpbb_search_wordmatch` (
  `post_id` mediumint(8) unsigned NOT NULL DEFAULT '0',
  `word_id` mediumint(8) unsigned NOT NULL DEFAULT '0',
  `title_match` tinyint(1) unsigned NOT NULL DEFAULT '0',
  UNIQUE KEY `un_mtch` (`word_id`,`post_id`,`title_match`),
  KEY `word_id` (`word_id`),
  KEY `post_id` (`post_id`)
) ENGINE=MyISAM DEFAULT CHARSET=utf8 COLLATE=utf8_bin;

--
-- Дамп данных таблицы `phpbb_search_wordmatch`
--

INSERT INTO `phpbb_search_wordmatch` (`post_id`, `word_id`, `title_match`) VALUES
(79, 1, 0),
(84, 1, 0),
(85, 1, 0),
(97, 1, 0),
(98, 1, 0),
(101, 1, 0),
(84, 7, 0),
(85, 7, 0),
(86, 7, 0),
(89, 7, 0),
(103, 8, 0),
(97, 9, 0),
(85, 17, 0),
(97, 21, 0),
(84, 26, 0),
(85, 26, 0),
(102, 26, 0),
(103, 26, 0),
(92, 33, 0),
(1, 36, 0),
(2, 36, 0),
(6, 36, 0),
(71, 36, 0),
(84, 36, 0),
(92, 36, 0),
(97, 36, 0),
(98, 36, 0),
(84, 41, 0),
(85, 41, 0),
(2, 42, 0),
(71, 42, 0),
(82, 42, 0),
(92, 42, 0),
(97, 45, 0),
(97, 54, 0),
(101, 54, 0),
(1, 60, 1),
(7, 60, 1),
(1, 61, 1),
(7, 61, 1),
(1, 62, 0),
(1, 63, 0),
(1, 64, 0),
(1, 65, 0),
(1, 66, 0),
(84, 66, 0),
(90, 66, 0),
(97, 66, 0),
(100, 66, 0),
(1, 67, 0),
(1, 68, 0),
(1, 69, 0),
(1, 70, 0),
(1, 71, 0),
(1, 72, 0),
(84, 72, 0),
(1, 73, 0),
(1, 74, 0),
(1, 75, 0),
(1, 76, 0),
(1, 77, 0),
(1, 78, 0),
(1, 79, 0),
(1, 80, 0),
(97, 80, 0),
(1, 81, 0),
(2, 81, 0),
(1, 82, 0),
(1, 83, 0),
(1, 84, 0),
(1, 85, 0),
(7, 85, 0),
(102, 85, 0),
(103, 85, 0),
(105, 85, 0),
(1, 86, 0),
(1, 87, 0),
(1, 88, 0),
(2, 88, 0),
(102, 88, 0),
(1, 89, 0),
(84, 89, 0),
(85, 89, 0),
(1, 90, 0),
(97, 90, 0),
(1, 91, 0),
(85, 91, 0),
(1, 92, 0),
(2, 92, 0),
(8, 92, 0),
(1, 93, 0),
(2, 93, 0),
(6, 93, 0),
(8, 93, 0),
(8, 93, 1),
(10, 93, 1),
(11, 93, 1),
(79, 93, 0),
(80, 93, 0),
(82, 93, 0),
(83, 93, 1),
(84, 93, 0),
(85, 93, 0),
(86, 93, 0),
(88, 93, 0),
(97, 93, 0),
(98, 93, 0),
(99, 93, 1),
(101, 93, 0),
(102, 93, 0),
(103, 93, 0),
(104, 93, 1),
(1, 94, 0),
(7, 94, 0),
(84, 94, 0),
(88, 94, 0),
(93, 94, 0),
(97, 94, 0),
(1, 95, 0),
(7, 95, 0),
(82, 95, 0),
(84, 95, 0),
(85, 95, 0),
(87, 95, 0),
(101, 95, 0),
(1, 96, 1),
(7, 96, 1),
(1, 97, 1),
(7, 97, 1),
(1, 98, 1),
(7, 98, 1),
(1, 99, 1),
(7, 99, 1),
(2, 100, 0),
(2, 101, 0),
(6, 101, 0),
(71, 101, 0),
(84, 101, 0),
(92, 101, 0),
(93, 101, 0),
(97, 101, 0),
(100, 101, 0),
(2, 102, 0),
(2, 103, 0),
(84, 103, 0),
(85, 103, 0),
(90, 103, 0),
(97, 103, 0),
(101, 103, 0),
(105, 103, 0),
(2, 104, 0),
(2, 105, 0),
(82, 105, 0),
(84, 105, 0),
(85, 105, 0),
(93, 105, 0),
(97, 105, 0),
(100, 105, 0),
(101, 105, 0),
(2, 106, 0),
(2, 107, 0),
(84, 107, 0),
(85, 107, 0),
(90, 107, 0),
(97, 107, 0),
(100, 107, 0),
(103, 107, 0),
(2, 108, 0),
(97, 108, 0),
(100, 108, 0),
(2, 109, 0),
(79, 109, 0),
(2, 110, 0),
(90, 110, 0),
(92, 110, 0),
(97, 110, 0),
(103, 110, 0),
(105, 110, 0),
(2, 111, 0),
(2, 112, 0),
(71, 112, 0),
(85, 112, 0),
(90, 112, 0),
(91, 112, 0),
(97, 112, 0),
(2, 113, 0),
(97, 113, 0),
(2, 114, 0),
(6, 114, 0),
(2, 115, 0),
(6, 115, 0),
(101, 115, 0),
(105, 115, 0),
(2, 116, 0),
(2, 117, 0),
(2, 118, 0),
(2, 119, 0),
(2, 120, 0),
(2, 121, 0),
(97, 121, 0),
(2, 122, 0),
(2, 123, 0),
(2, 124, 0),
(8, 124, 0),
(92, 124, 0),
(97, 124, 0),
(2, 125, 0),
(2, 126, 0),
(2, 127, 0),
(101, 127, 0),
(102, 127, 0),
(2, 128, 0),
(2, 129, 0),
(2, 130, 0),
(97, 130, 0),
(2, 131, 0),
(2, 132, 0),
(97, 132, 0),
(97, 132, 1),
(98, 132, 1),
(102, 132, 0),
(2, 133, 0),
(84, 133, 0),
(102, 133, 0),
(105, 133, 0),
(2, 134, 0),
(2, 135, 0),
(4, 135, 0),
(102, 135, 0),
(2, 136, 0),
(2, 137, 0),
(2, 138, 0),
(2, 139, 0),
(2, 140, 0),
(2, 141, 0),
(86, 141, 0),
(2, 142, 0),
(2, 143, 0),
(2, 144, 0),
(2, 145, 0),
(101, 145, 0),
(2, 146, 0),
(102, 146, 0),
(2, 147, 0),
(102, 147, 0),
(2, 148, 0),
(85, 148, 0),
(2, 149, 0),
(6, 149, 0),
(84, 149, 0),
(97, 149, 0),
(98, 149, 0),
(101, 149, 0),
(103, 149, 0),
(2, 150, 0),
(97, 150, 0),
(2, 151, 0),
(102, 151, 0),
(2, 152, 0),
(2, 153, 0),
(2, 154, 0),
(2, 155, 0),
(92, 155, 0),
(2, 156, 0),
(2, 157, 0),
(82, 157, 0),
(84, 157, 0),
(85, 157, 0),
(86, 157, 0),
(97, 157, 0),
(100, 157, 0),
(105, 157, 0),
(2, 158, 0),
(82, 158, 0),
(84, 158, 0),
(85, 158, 0),
(86, 158, 0),
(94, 158, 0),
(97, 158, 0),
(98, 158, 0),
(100, 158, 0),
(101, 158, 0),
(103, 158, 0),
(105, 158, 0),
(2, 159, 0),
(2, 160, 0),
(2, 161, 0),
(2, 162, 0),
(2, 163, 0),
(6, 163, 0),
(2, 164, 0),
(2, 164, 1),
(6, 164, 1),
(82, 164, 1),
(84, 164, 0),
(85, 164, 0),
(86, 164, 0),
(88, 164, 1),
(92, 164, 1),
(93, 164, 1),
(94, 164, 1),
(97, 164, 0),
(105, 164, 0),
(2, 165, 0),
(7, 165, 0),
(93, 165, 0),
(97, 165, 0),
(2, 166, 0),
(2, 167, 0),
(97, 167, 0),
(2, 168, 0),
(2, 169, 0),
(2, 170, 0),
(2, 171, 0),
(2, 172, 0),
(2, 173, 0),
(2, 174, 0),
(2, 175, 0),
(2, 176, 0),
(2, 177, 0),
(84, 177, 0),
(97, 177, 0),
(2, 178, 0),
(2, 179, 0),
(2, 180, 0),
(2, 181, 0),
(97, 181, 0),
(2, 182, 0),
(2, 183, 0),
(84, 183, 0),
(85, 183, 0),
(102, 183, 0),
(2, 184, 0),
(92, 184, 0),
(103, 184, 0),
(2, 185, 0),
(2, 186, 0),
(6, 186, 0),
(85, 186, 0),
(102, 186, 0),
(2, 187, 0),
(2, 188, 0),
(2, 189, 0),
(97, 189, 0),
(2, 190, 0),
(85, 190, 0),
(97, 190, 0),
(103, 190, 0),
(2, 191, 0),
(2, 192, 0),
(2, 193, 0),
(2, 194, 0),
(2, 195, 0),
(2, 196, 0),
(82, 196, 0),
(2, 197, 0),
(2, 198, 0),
(6, 198, 0),
(2, 199, 0),
(6, 199, 0),
(84, 199, 0),
(85, 199, 0),
(97, 199, 0),
(98, 199, 0),
(101, 199, 0),
(2, 200, 0),
(97, 200, 0),
(2, 201, 0),
(2, 202, 0),
(2, 203, 1),
(6, 203, 1),
(82, 203, 1),
(88, 203, 1),
(92, 203, 1),
(93, 203, 1),
(94, 203, 1),
(2, 204, 1),
(6, 204, 1),
(82, 204, 1),
(84, 204, 0),
(85, 204, 0),
(88, 204, 1),
(92, 204, 1),
(93, 204, 1),
(94, 204, 1),
(4, 206, 0),
(4, 207, 0),
(84, 207, 0),
(85, 207, 0),
(98, 207, 0),
(101, 207, 0),
(4, 208, 0),
(97, 208, 0),
(4, 209, 0),
(6, 209, 0),
(84, 209, 0),
(97, 209, 0),
(100, 209, 0),
(4, 210, 0),
(4, 211, 0),
(4, 212, 0),
(84, 212, 0),
(85, 212, 0),
(4, 213, 0),
(4, 214, 0),
(4, 215, 0),
(4, 216, 0),
(4, 217, 0),
(4, 218, 0),
(4, 219, 0),
(4, 220, 0),
(84, 220, 0),
(85, 220, 0),
(4, 221, 0),
(4, 222, 0),
(4, 223, 0),
(4, 224, 0),
(85, 224, 0),
(97, 224, 0),
(102, 224, 0),
(4, 225, 1),
(9, 225, 1),
(86, 225, 1),
(87, 225, 1),
(89, 225, 1),
(90, 225, 1),
(91, 225, 1),
(95, 225, 1),
(6, 226, 0),
(85, 226, 0),
(93, 226, 0),
(94, 226, 0),
(97, 226, 0),
(105, 226, 0),
(6, 227, 0),
(82, 227, 0),
(6, 228, 0),
(6, 229, 0),
(6, 230, 0),
(82, 230, 0),
(6, 231, 0),
(84, 231, 0),
(6, 232, 0),
(6, 233, 0),
(84, 233, 0),
(85, 233, 0),
(95, 233, 0),
(97, 233, 0),
(6, 234, 0),
(97, 234, 0),
(6, 235, 0),
(6, 236, 0),
(6, 237, 0),
(82, 237, 0),
(84, 237, 0),
(92, 237, 0),
(97, 237, 0),
(6, 238, 0),
(6, 239, 0),
(6, 240, 0),
(6, 241, 0),
(6, 242, 0),
(6, 243, 0),
(6, 244, 0),
(6, 245, 0),
(6, 246, 0),
(6, 247, 0),
(6, 248, 0),
(84, 248, 0),
(6, 249, 0),
(102, 249, 0),
(6, 250, 0),
(6, 251, 0),
(6, 252, 0),
(97, 252, 0),
(6, 253, 0),
(6, 254, 0),
(97, 254, 0),
(6, 255, 0),
(6, 256, 0),
(84, 256, 0),
(97, 256, 0),
(6, 257, 0),
(6, 258, 0),
(6, 259, 0),
(7, 260, 0),
(7, 261, 0),
(97, 261, 0),
(7, 262, 0),
(8, 263, 0),
(85, 263, 0),
(93, 263, 0),
(8, 264, 0),
(8, 265, 0),
(8, 266, 0),
(8, 267, 0),
(97, 267, 0),
(8, 268, 0),
(8, 269, 0),
(82, 269, 0),
(84, 269, 0),
(86, 269, 0),
(8, 270, 0),
(97, 270, 0),
(8, 271, 0),
(97, 271, 0),
(102, 271, 0),
(8, 272, 0),
(97, 272, 0),
(102, 272, 0),
(103, 272, 0),
(8, 273, 0),
(8, 274, 0),
(8, 275, 0),
(8, 276, 0),
(8, 277, 0),
(8, 278, 0),
(8, 279, 0),
(84, 279, 0),
(85, 279, 0),
(98, 279, 0),
(102, 279, 0),
(8, 280, 0),
(98, 280, 0),
(8, 281, 0),
(8, 282, 0),
(98, 282, 0),
(8, 283, 0),
(8, 284, 0),
(8, 285, 1),
(10, 285, 1),
(11, 285, 1),
(83, 285, 1),
(99, 285, 1),
(104, 285, 1),
(8, 286, 1),
(10, 286, 1),
(11, 286, 1),
(83, 286, 1),
(99, 286, 1),
(104, 286, 1),
(8, 287, 1),
(10, 287, 1),
(11, 287, 1),
(83, 287, 1),
(99, 287, 1),
(104, 287, 1),
(8, 288, 1),
(10, 288, 1),
(11, 288, 1),
(83, 288, 1),
(85, 288, 0),
(92, 288, 0),
(97, 288, 0),
(99, 288, 1),
(103, 288, 0),
(104, 288, 1),
(105, 288, 0),
(8, 289, 1),
(10, 289, 1),
(11, 289, 1),
(83, 289, 1),
(99, 289, 1),
(104, 289, 1),
(9, 290, 0),
(84, 290, 0),
(97, 290, 0),
(9, 291, 0),
(10, 292, 0),
(10, 293, 0),
(10, 294, 0),
(10, 295, 0),
(84, 295, 0),
(10, 296, 0),
(84, 296, 0),
(11, 297, 0),
(11, 298, 0),
(11, 299, 0),
(11, 300, 0),
(11, 301, 0),
(92, 315, 0),
(103, 317, 0),
(101, 417, 0),
(97, 423, 0),
(101, 423, 0),
(85, 424, 0),
(103, 441, 0),
(82, 452, 0),
(84, 452, 0),
(85, 452, 0),
(89, 452, 0),
(97, 452, 0),
(97, 458, 0),
(97, 480, 0),
(84, 515, 0),
(103, 515, 0),
(97, 520, 0),
(84, 600, 0),
(85, 600, 0),
(90, 600, 0),
(97, 600, 0),
(85, 659, 0),
(93, 714, 0),
(82, 746, 0),
(84, 746, 0),
(84, 754, 0),
(86, 754, 0),
(97, 754, 0),
(85, 766, 0),
(101, 766, 0),
(84, 767, 0),
(85, 774, 0),
(97, 816, 0),
(85, 845, 0),
(85, 846, 0),
(97, 872, 0),
(100, 872, 0),
(101, 872, 0),
(97, 887, 0),
(97, 961, 0),
(97, 1027, 0),
(84, 1106, 0),
(97, 1106, 0),
(98, 1106, 0),
(97, 1144, 0),
(97, 1153, 0),
(85, 1217, 0),
(97, 1233, 0),
(84, 1237, 0),
(97, 1245, 0),
(84, 1296, 0),
(97, 1296, 0),
(98, 1296, 0),
(100, 1296, 0),
(97, 1297, 0),
(103, 1297, 0),
(97, 1311, 1),
(98, 1311, 1),
(97, 1352, 0),
(84, 1451, 0),
(85, 1451, 0),
(89, 1451, 0),
(97, 1451, 0),
(100, 1451, 0),
(102, 1451, 0),
(97, 1462, 0),
(97, 1473, 0),
(97, 1484, 0),
(85, 1539, 0),
(97, 1539, 0),
(93, 1609, 0),
(85, 1666, 0),
(97, 1668, 0),
(84, 1727, 0),
(93, 1874, 0),
(92, 1875, 0),
(102, 1875, 0),
(97, 1894, 0),
(71, 1944, 0),
(71, 1944, 1),
(78, 1944, 1),
(79, 1944, 1),
(80, 1944, 1),
(81, 1944, 1),
(96, 1944, 1),
(71, 1945, 0),
(97, 1945, 0),
(100, 1945, 0),
(71, 1946, 0),
(71, 1947, 0),
(71, 1948, 0),
(71, 1949, 0),
(71, 1950, 0),
(71, 1951, 0),
(71, 1952, 0),
(71, 1953, 0),
(71, 1954, 0),
(71, 1955, 0),
(71, 1956, 0),
(97, 1956, 0),
(71, 1957, 0),
(78, 1957, 0),
(96, 1957, 0),
(71, 1958, 0),
(71, 1959, 0),
(97, 1959, 0),
(71, 1960, 0),
(71, 1961, 0),
(71, 1962, 0),
(71, 1963, 0),
(71, 1964, 0),
(71, 1965, 1),
(78, 1965, 1),
(79, 1965, 1),
(80, 1965, 1),
(81, 1965, 1),
(96, 1965, 1),
(71, 1966, 1),
(78, 1966, 1),
(79, 1966, 1),
(80, 1966, 1),
(81, 1966, 1),
(96, 1966, 1),
(84, 1989, 0),
(93, 1989, 0),
(97, 2009, 0),
(100, 2015, 0),
(97, 2016, 0),
(97, 2022, 0),
(97, 2041, 0),
(85, 2045, 0),
(94, 2045, 0),
(97, 2045, 0),
(97, 2046, 0),
(84, 2062, 0),
(93, 2062, 0),
(85, 2066, 0),
(97, 2066, 0),
(84, 2073, 0),
(78, 2086, 0),
(96, 2086, 0),
(78, 2087, 0),
(96, 2087, 0),
(78, 2088, 0),
(96, 2088, 0),
(78, 2089, 0),
(96, 2089, 0),
(78, 2090, 0),
(96, 2090, 0),
(79, 2091, 0),
(79, 2092, 0),
(80, 2093, 0),
(84, 2093, 0),
(97, 2093, 0),
(100, 2093, 0),
(80, 2094, 0),
(85, 2094, 0),
(93, 2094, 0),
(97, 2094, 0),
(100, 2094, 0),
(80, 2095, 0),
(84, 2095, 0),
(93, 2095, 0),
(97, 2095, 0),
(101, 2095, 0),
(80, 2096, 0),
(80, 2097, 0),
(81, 2098, 0),
(81, 2099, 0),
(81, 2100, 0),
(81, 2101, 0),
(81, 2102, 0),
(82, 2103, 0),
(82, 2104, 0),
(95, 2104, 0),
(97, 2104, 0),
(82, 2105, 0),
(85, 2105, 0),
(82, 2106, 0),
(82, 2107, 0),
(82, 2108, 0),
(82, 2109, 0),
(82, 2110, 0),
(82, 2111, 0),
(82, 2112, 0),
(82, 2113, 0),
(84, 2113, 0),
(92, 2113, 0),
(94, 2113, 0),
(97, 2113, 0),
(98, 2113, 0),
(101, 2113, 0),
(102, 2113, 0),
(82, 2114, 0),
(82, 2115, 0),
(97, 2115, 0),
(82, 2116, 0),
(97, 2116, 0),
(82, 2117, 0),
(85, 2117, 0),
(94, 2117, 0),
(97, 2117, 0),
(98, 2117, 0),
(82, 2118, 0),
(97, 2118, 0),
(82, 2119, 0),
(82, 2120, 0),
(84, 2120, 0),
(85, 2120, 0),
(93, 2120, 0),
(82, 2121, 0),
(82, 2122, 0),
(82, 2123, 0),
(82, 2124, 0),
(82, 2125, 0),
(82, 2126, 0),
(82, 2127, 0),
(82, 2128, 0),
(84, 2128, 0),
(82, 2129, 0),
(88, 2129, 0),
(83, 2130, 0),
(83, 2131, 0),
(83, 2132, 0),
(84, 2133, 0),
(97, 2133, 0),
(84, 2134, 0),
(85, 2134, 0),
(84, 2135, 0),
(84, 2136, 0),
(85, 2136, 0),
(84, 2137, 0),
(85, 2137, 0),
(97, 2137, 0),
(84, 2138, 0),
(84, 2139, 0),
(84, 2140, 0),
(84, 2141, 0),
(84, 2142, 0),
(84, 2143, 0),
(103, 2143, 0),
(84, 2144, 0),
(84, 2145, 0),
(84, 2146, 0),
(84, 2147, 0),
(84, 2148, 0),
(84, 2149, 0),
(84, 2150, 0),
(84, 2151, 0),
(84, 2152, 0),
(84, 2153, 0),
(85, 2153, 0),
(84, 2154, 0),
(84, 2155, 0),
(84, 2156, 0),
(84, 2157, 0),
(97, 2157, 0),
(84, 2158, 0),
(84, 2159, 0),
(84, 2160, 0),
(84, 2161, 0),
(84, 2162, 0),
(97, 2162, 0),
(84, 2163, 0),
(84, 2164, 0),
(84, 2165, 0),
(84, 2166, 0),
(84, 2167, 0),
(98, 2167, 0),
(84, 2168, 0),
(84, 2169, 0),
(84, 2170, 0),
(84, 2171, 0),
(101, 2171, 0),
(84, 2172, 0),
(85, 2172, 0),
(102, 2172, 0),
(84, 2173, 0),
(84, 2174, 0),
(97, 2174, 0),
(84, 2175, 0),
(84, 2176, 0),
(86, 2176, 0),
(84, 2177, 0),
(84, 2178, 0),
(97, 2178, 0),
(84, 2179, 0),
(84, 2180, 0),
(84, 2181, 0),
(85, 2181, 0),
(101, 2181, 0),
(84, 2182, 0),
(85, 2182, 0),
(84, 2183, 0),
(97, 2183, 0),
(84, 2184, 0),
(84, 2185, 0),
(84, 2186, 0),
(84, 2187, 0),
(85, 2187, 0),
(84, 2188, 0),
(84, 2189, 0),
(85, 2189, 0),
(90, 2189, 0),
(97, 2189, 0),
(84, 2190, 0),
(84, 2191, 0),
(84, 2192, 0),
(84, 2193, 0),
(84, 2194, 0),
(84, 2195, 0),
(84, 2196, 0),
(84, 2197, 0),
(84, 2198, 0),
(97, 2198, 0),
(98, 2198, 0),
(103, 2198, 0),
(105, 2198, 0),
(84, 2199, 0),
(84, 2200, 0),
(84, 2201, 0),
(84, 2202, 0),
(84, 2203, 0),
(84, 2204, 0),
(84, 2205, 0),
(84, 2206, 0),
(84, 2207, 0),
(84, 2208, 0),
(84, 2209, 0),
(97, 2209, 0),
(101, 2209, 0),
(84, 2210, 0),
(84, 2211, 0),
(84, 2212, 0),
(84, 2213, 0),
(84, 2214, 0),
(84, 2215, 0),
(85, 2215, 0),
(84, 2216, 0),
(85, 2216, 0),
(84, 2217, 0),
(84, 2218, 0),
(85, 2218, 0),
(97, 2218, 0),
(84, 2219, 0),
(84, 2220, 0),
(84, 2221, 0),
(85, 2221, 0),
(84, 2222, 0),
(84, 2223, 0),
(84, 2224, 0),
(84, 2225, 0),
(84, 2226, 0),
(97, 2226, 0),
(84, 2227, 0),
(84, 2228, 0),
(84, 2229, 0),
(84, 2230, 0),
(84, 2231, 0),
(84, 2232, 0),
(101, 2232, 0),
(84, 2233, 0),
(84, 2234, 0),
(84, 2235, 0),
(84, 2236, 0),
(84, 2237, 0),
(84, 2238, 0),
(84, 2239, 0),
(84, 2240, 0),
(85, 2240, 0),
(84, 2241, 0),
(84, 2242, 0),
(84, 2243, 0),
(84, 2244, 0),
(84, 2245, 0),
(84, 2246, 0),
(84, 2247, 0),
(84, 2248, 0),
(84, 2249, 0),
(84, 2250, 0),
(84, 2251, 0),
(84, 2252, 0),
(84, 2253, 0),
(84, 2254, 0),
(84, 2255, 0),
(84, 2256, 0),
(84, 2257, 0),
(84, 2258, 0),
(84, 2259, 0),
(98, 2259, 0),
(84, 2260, 0),
(85, 2260, 0),
(98, 2260, 0),
(101, 2260, 0),
(84, 2261, 0),
(89, 2261, 0),
(84, 2262, 0),
(84, 2263, 0),
(84, 2264, 0),
(84, 2265, 0),
(85, 2265, 0),
(97, 2265, 0),
(84, 2266, 0),
(84, 2267, 0),
(84, 2268, 0),
(84, 2269, 0),
(84, 2270, 0),
(97, 2270, 0),
(101, 2270, 0),
(84, 2271, 0),
(84, 2272, 0),
(84, 2273, 0),
(97, 2273, 0),
(84, 2274, 0),
(84, 2275, 0),
(84, 2276, 0),
(84, 2277, 0),
(97, 2277, 0),
(98, 2277, 0),
(105, 2277, 0),
(84, 2278, 0),
(85, 2278, 0),
(84, 2279, 0),
(84, 2280, 0),
(84, 2281, 0),
(84, 2282, 0),
(85, 2282, 0),
(98, 2282, 0),
(102, 2282, 0),
(84, 2283, 0),
(97, 2283, 0),
(84, 2284, 0),
(97, 2284, 0),
(84, 2285, 0),
(84, 2286, 0),
(84, 2287, 0),
(84, 2288, 0),
(84, 2289, 0),
(84, 2290, 0),
(84, 2291, 0),
(84, 2292, 0),
(84, 2293, 0),
(84, 2294, 0),
(84, 2295, 0),
(84, 2296, 0),
(84, 2297, 0),
(84, 2298, 0),
(84, 2299, 0),
(84, 2300, 0),
(84, 2301, 0),
(84, 2302, 0),
(84, 2303, 0),
(84, 2304, 0),
(85, 2304, 0),
(84, 2305, 0),
(101, 2305, 0),
(84, 2306, 0),
(84, 2307, 0),
(85, 2307, 0),
(84, 2308, 0),
(84, 2309, 0),
(97, 2309, 0),
(101, 2309, 0),
(84, 2310, 0),
(84, 2311, 0),
(84, 2312, 0),
(84, 2313, 0),
(84, 2314, 0),
(97, 2314, 0),
(84, 2315, 0),
(84, 2316, 0),
(84, 2317, 0),
(84, 2318, 0),
(84, 2319, 0),
(84, 2320, 0),
(84, 2321, 0),
(84, 2322, 0),
(84, 2323, 0),
(84, 2324, 0),
(84, 2325, 0),
(84, 2326, 0),
(84, 2327, 0),
(84, 2328, 0),
(84, 2329, 0),
(84, 2330, 0),
(84, 2331, 0),
(97, 2331, 0),
(103, 2331, 0),
(84, 2332, 0),
(97, 2332, 0),
(84, 2333, 0),
(84, 2334, 0),
(84, 2335, 0),
(84, 2336, 0),
(84, 2337, 0),
(84, 2338, 0),
(84, 2339, 0),
(84, 2340, 0),
(84, 2341, 0),
(84, 2342, 0),
(84, 2343, 0),
(84, 2344, 0),
(84, 2345, 0),
(84, 2346, 0),
(84, 2347, 0),
(84, 2348, 0),
(84, 2349, 0),
(84, 2350, 0),
(84, 2351, 0),
(84, 2352, 0),
(84, 2353, 0),
(84, 2354, 0),
(84, 2355, 0),
(84, 2356, 0),
(97, 2356, 0),
(101, 2356, 0),
(105, 2356, 0),
(84, 2357, 0),
(84, 2358, 0),
(84, 2359, 0),
(84, 2360, 0),
(84, 2361, 0),
(84, 2362, 0),
(84, 2363, 0),
(84, 2364, 0),
(84, 2365, 0),
(90, 2365, 0),
(94, 2365, 0),
(97, 2365, 0),
(101, 2365, 0),
(84, 2366, 0),
(84, 2367, 0),
(84, 2368, 0),
(103, 2368, 0),
(105, 2368, 0),
(84, 2369, 0),
(84, 2370, 0),
(84, 2371, 0),
(84, 2372, 0),
(85, 2372, 0),
(84, 2373, 0),
(84, 2374, 0),
(84, 2375, 0),
(84, 2376, 0),
(84, 2377, 0),
(84, 2378, 0),
(84, 2379, 0),
(84, 2380, 0),
(84, 2381, 0),
(84, 2382, 0),
(85, 2382, 0),
(97, 2382, 0),
(84, 2383, 0),
(93, 2383, 0),
(84, 2384, 0),
(84, 2385, 0),
(84, 2386, 0),
(84, 2387, 0),
(84, 2388, 0),
(85, 2388, 0),
(98, 2388, 0),
(84, 2389, 0),
(84, 2390, 0),
(84, 2391, 0),
(84, 2392, 0),
(84, 2393, 0),
(84, 2394, 0),
(84, 2395, 0),
(84, 2396, 0),
(84, 2397, 0),
(84, 2398, 0),
(84, 2399, 0),
(84, 2400, 0),
(84, 2401, 0),
(84, 2402, 0),
(84, 2403, 0),
(84, 2404, 0),
(84, 2405, 0),
(84, 2406, 0),
(84, 2407, 0),
(84, 2408, 0),
(84, 2409, 0),
(84, 2410, 0),
(84, 2411, 0),
(84, 2412, 0),
(84, 2413, 0),
(84, 2414, 0),
(84, 2415, 0),
(84, 2416, 0),
(84, 2417, 0),
(84, 2418, 0),
(87, 2418, 0),
(97, 2418, 0),
(84, 2419, 0),
(84, 2420, 0),
(84, 2421, 0),
(84, 2422, 0),
(84, 2423, 0),
(84, 2424, 0),
(84, 2425, 0),
(84, 2426, 0),
(84, 2427, 0),
(84, 2428, 0),
(84, 2429, 0),
(84, 2429, 1),
(85, 2429, 0),
(85, 2429, 1),
(84, 2430, 0),
(84, 2431, 0),
(84, 2432, 0),
(97, 2432, 0),
(84, 2433, 0),
(84, 2434, 0),
(84, 2435, 0),
(84, 2436, 0),
(85, 2436, 0),
(89, 2436, 0),
(103, 2436, 0),
(84, 2437, 0),
(85, 2437, 0),
(84, 2438, 0),
(84, 2439, 0),
(85, 2439, 0),
(84, 2440, 0),
(84, 2441, 0),
(84, 2442, 0),
(98, 2442, 0),
(84, 2443, 0),
(84, 2444, 0),
(84, 2445, 0),
(84, 2446, 0),
(84, 2447, 0),
(84, 2448, 0),
(84, 2449, 0),
(84, 2450, 0),
(100, 2450, 0),
(84, 2451, 0),
(97, 2451, 0),
(84, 2452, 0),
(84, 2453, 0),
(84, 2454, 0),
(89, 2454, 0),
(84, 2455, 0),
(84, 2456, 0),
(84, 2457, 0),
(84, 2458, 0),
(84, 2459, 0),
(84, 2460, 0),
(84, 2461, 0),
(84, 2462, 0),
(84, 2463, 0),
(89, 2463, 0),
(84, 2464, 0),
(84, 2465, 0),
(84, 2466, 0),
(84, 2467, 0),
(84, 2468, 0),
(84, 2469, 0),
(84, 2470, 0),
(84, 2471, 0),
(85, 2472, 0),
(85, 2473, 0),
(85, 2474, 0),
(85, 2475, 0),
(85, 2476, 0),
(85, 2477, 0),
(85, 2478, 0),
(97, 2478, 0),
(101, 2478, 0),
(85, 2479, 0),
(85, 2480, 0),
(85, 2481, 0),
(85, 2482, 0),
(85, 2483, 0),
(85, 2484, 0),
(85, 2485, 0),
(85, 2486, 0),
(85, 2487, 0),
(85, 2488, 0),
(85, 2489, 0),
(93, 2489, 0),
(97, 2489, 0),
(85, 2490, 0),
(85, 2491, 0),
(85, 2492, 0),
(101, 2492, 0),
(85, 2493, 0),
(85, 2494, 0),
(97, 2494, 0),
(103, 2494, 0),
(85, 2495, 0),
(85, 2496, 0),
(85, 2497, 0),
(85, 2498, 0),
(85, 2499, 0),
(85, 2500, 0),
(85, 2501, 0),
(101, 2501, 0),
(85, 2502, 0),
(85, 2503, 0),
(85, 2504, 0),
(85, 2505, 0),
(97, 2505, 0),
(85, 2506, 0),
(97, 2506, 0),
(100, 2506, 0),
(85, 2507, 0),
(85, 2508, 0),
(85, 2509, 0),
(85, 2510, 0),
(85, 2511, 0),
(85, 2512, 0),
(85, 2513, 0),
(85, 2514, 0),
(85, 2515, 0),
(85, 2516, 0),
(85, 2517, 0),
(85, 2518, 0),
(85, 2519, 0),
(85, 2520, 0),
(85, 2521, 0),
(85, 2522, 0),
(85, 2523, 0),
(85, 2524, 0),
(85, 2525, 0),
(85, 2526, 0),
(95, 2526, 0),
(97, 2526, 0),
(85, 2527, 0),
(85, 2528, 0),
(100, 2528, 0),
(85, 2529, 0),
(97, 2529, 0),
(85, 2530, 0),
(85, 2531, 0),
(85, 2532, 0),
(85, 2533, 0),
(85, 2534, 0),
(85, 2535, 0),
(85, 2536, 0),
(98, 2536, 0),
(102, 2536, 0),
(85, 2537, 0),
(85, 2538, 0),
(85, 2539, 0),
(85, 2540, 0),
(85, 2541, 0),
(97, 2541, 0),
(85, 2542, 0),
(85, 2543, 0),
(85, 2544, 0),
(85, 2545, 0),
(85, 2546, 0),
(85, 2547, 0),
(85, 2548, 0),
(85, 2549, 0),
(85, 2550, 0),
(85, 2551, 0),
(97, 2551, 0),
(85, 2552, 0),
(97, 2552, 0),
(101, 2552, 0),
(85, 2553, 0),
(85, 2554, 0),
(97, 2554, 0),
(85, 2555, 0),
(85, 2556, 0),
(85, 2557, 0),
(97, 2557, 0),
(85, 2558, 0),
(85, 2559, 0),
(85, 2560, 0),
(97, 2560, 0),
(102, 2560, 0),
(85, 2561, 0),
(85, 2562, 0),
(85, 2563, 0),
(85, 2564, 0),
(85, 2565, 0),
(85, 2566, 0),
(85, 2567, 0),
(85, 2568, 0),
(85, 2569, 0),
(85, 2570, 0),
(85, 2571, 0),
(85, 2572, 0),
(85, 2573, 0),
(85, 2574, 0),
(85, 2575, 0),
(85, 2576, 0),
(85, 2577, 0),
(85, 2578, 0),
(85, 2579, 0),
(85, 2580, 0),
(85, 2581, 0),
(100, 2581, 0),
(85, 2582, 0),
(98, 2582, 0),
(85, 2583, 0),
(85, 2584, 0),
(85, 2585, 0),
(85, 2586, 0),
(85, 2587, 0),
(97, 2587, 0),
(85, 2588, 0),
(85, 2589, 0),
(85, 2590, 0),
(85, 2591, 0),
(85, 2592, 0),
(85, 2593, 0),
(85, 2594, 0),
(101, 2594, 0),
(85, 2595, 0),
(85, 2596, 0),
(85, 2597, 0),
(85, 2598, 0),
(85, 2599, 0),
(85, 2600, 0),
(85, 2601, 0),
(85, 2602, 0),
(85, 2603, 0),
(85, 2604, 0),
(85, 2605, 0),
(85, 2606, 0),
(85, 2607, 0),
(85, 2608, 0),
(85, 2609, 0),
(85, 2610, 0),
(90, 2610, 0),
(91, 2610, 0),
(98, 2610, 0),
(85, 2611, 0),
(85, 2612, 0),
(85, 2613, 0),
(85, 2614, 0),
(85, 2615, 0),
(85, 2616, 0),
(85, 2617, 0),
(85, 2618, 0),
(85, 2619, 0),
(85, 2620, 0),
(85, 2621, 0),
(101, 2621, 0),
(85, 2623, 0),
(85, 2624, 0),
(98, 2624, 0),
(85, 2625, 0),
(84, 2626, 0),
(86, 2627, 0),
(86, 2628, 0),
(97, 2628, 0),
(86, 2629, 0),
(86, 2630, 0),
(86, 2631, 0),
(86, 2632, 0),
(86, 2633, 0),
(86, 2634, 0),
(86, 2635, 0),
(97, 2635, 0),
(86, 2636, 0),
(86, 2637, 0),
(86, 2638, 0),
(86, 2639, 0),
(86, 2640, 0),
(86, 2641, 0),
(86, 2642, 0),
(86, 2643, 0),
(86, 2644, 0),
(86, 2645, 0),
(87, 2646, 0),
(87, 2647, 0),
(87, 2648, 0),
(88, 2649, 0),
(88, 2650, 0),
(88, 2651, 0),
(93, 2651, 0),
(89, 2652, 0),
(89, 2653, 0),
(89, 2654, 0),
(89, 2655, 0),
(89, 2656, 0),
(89, 2657, 0),
(90, 2658, 0),
(90, 2659, 0),
(90, 2660, 0),
(90, 2661, 0),
(90, 2662, 0),
(90, 2663, 0),
(90, 2664, 0),
(90, 2665, 0),
(90, 2666, 0),
(98, 2666, 0),
(90, 2667, 0),
(91, 2667, 0),
(98, 2667, 0),
(90, 2668, 0),
(90, 2669, 0),
(91, 2669, 0),
(98, 2669, 0),
(91, 2670, 0),
(91, 2671, 0),
(91, 2672, 0),
(91, 2673, 0),
(91, 2674, 0),
(98, 2674, 0),
(91, 2675, 0),
(91, 2676, 0),
(91, 2677, 0),
(92, 2678, 0),
(92, 2679, 0),
(92, 2680, 0),
(92, 2681, 0),
(97, 2681, 0),
(92, 2682, 0),
(92, 2683, 0),
(92, 2684, 0),
(92, 2685, 0),
(92, 2686, 0),
(97, 2686, 0),
(92, 2687, 0),
(93, 2687, 0),
(94, 2687, 0),
(92, 2688, 0),
(93, 2689, 0),
(94, 2689, 0),
(93, 2690, 0),
(94, 2690, 0),
(93, 2691, 0),
(97, 2691, 0),
(93, 2692, 0),
(97, 2692, 0),
(93, 2693, 0),
(93, 2694, 0),
(93, 2695, 0),
(93, 2696, 0),
(93, 2697, 0),
(93, 2698, 0),
(93, 2699, 0),
(93, 2700, 0),
(93, 2701, 0),
(93, 2702, 0),
(93, 2703, 0),
(93, 2704, 0),
(93, 2705, 0),
(93, 2706, 0),
(93, 2707, 0),
(93, 2708, 0),
(102, 2708, 0),
(93, 2709, 0),
(93, 2710, 0),
(93, 2711, 0),
(97, 2711, 0),
(94, 2712, 0),
(97, 2712, 0),
(94, 2713, 0),
(94, 2714, 0),
(94, 2715, 0),
(94, 2716, 0),
(95, 2717, 0),
(95, 2718, 0),
(95, 2719, 0),
(96, 2720, 0),
(97, 2721, 0),
(97, 2722, 0),
(97, 2723, 0),
(97, 2724, 0),
(97, 2725, 0),
(100, 2725, 0),
(97, 2726, 0),
(97, 2727, 0),
(97, 2728, 0),
(97, 2729, 0),
(97, 2730, 0),
(97, 2731, 0),
(97, 2732, 0),
(97, 2733, 0),
(97, 2734, 0),
(97, 2735, 0),
(97, 2736, 0),
(97, 2737, 0),
(97, 2738, 0),
(97, 2739, 0),
(97, 2740, 0),
(97, 2741, 0),
(97, 2742, 0),
(97, 2743, 0),
(100, 2743, 0),
(101, 2743, 0),
(97, 2744, 0),
(97, 2745, 0),
(97, 2746, 0),
(97, 2747, 0),
(97, 2748, 0),
(97, 2749, 0),
(97, 2750, 0),
(97, 2751, 0),
(97, 2752, 0),
(97, 2753, 0),
(97, 2754, 0),
(97, 2755, 0),
(97, 2756, 0),
(97, 2757, 0),
(97, 2758, 0),
(97, 2759, 0),
(97, 2760, 0),
(97, 2761, 0),
(97, 2762, 0),
(97, 2763, 0),
(97, 2764, 0),
(97, 2765, 0),
(97, 2766, 0),
(97, 2767, 0),
(97, 2768, 0),
(97, 2769, 0),
(97, 2770, 0),
(97, 2771, 0),
(97, 2772, 0),
(97, 2773, 0),
(97, 2774, 0),
(97, 2775, 0),
(97, 2776, 0),
(97, 2777, 0),
(97, 2778, 0),
(97, 2779, 0),
(101, 2779, 0),
(97, 2780, 0),
(97, 2781, 0),
(97, 2782, 0),
(97, 2783, 0),
(97, 2784, 0),
(97, 2785, 0),
(97, 2786, 0),
(97, 2787, 0),
(97, 2788, 0),
(97, 2789, 0),
(97, 2790, 0),
(105, 2790, 0),
(97, 2791, 0),
(97, 2792, 0),
(97, 2793, 0),
(97, 2794, 0),
(97, 2795, 0),
(97, 2796, 0),
(97, 2797, 0),
(97, 2798, 0),
(97, 2799, 0),
(97, 2800, 0),
(97, 2801, 0),
(97, 2802, 0),
(97, 2803, 0),
(97, 2804, 0),
(97, 2805, 0),
(97, 2806, 0),
(97, 2807, 0),
(97, 2808, 0),
(97, 2809, 0),
(97, 2810, 0),
(97, 2811, 0),
(97, 2812, 0),
(97, 2813, 0),
(97, 2814, 0),
(97, 2815, 0),
(97, 2816, 0),
(97, 2817, 0),
(97, 2818, 0),
(97, 2819, 0),
(97, 2820, 0),
(97, 2821, 0),
(97, 2822, 0),
(97, 2823, 0),
(97, 2824, 0),
(97, 2825, 0),
(97, 2826, 0),
(97, 2827, 0),
(97, 2828, 0),
(97, 2829, 0),
(97, 2830, 0),
(97, 2831, 0),
(97, 2832, 0),
(97, 2833, 0),
(97, 2834, 0),
(97, 2835, 0),
(97, 2836, 0),
(97, 2837, 0),
(97, 2838, 0),
(97, 2839, 0),
(97, 2840, 0),
(97, 2841, 0),
(97, 2842, 0),
(97, 2843, 0),
(97, 2844, 0),
(97, 2845, 0),
(97, 2846, 0),
(97, 2847, 0),
(97, 2848, 0),
(97, 2849, 0),
(97, 2850, 0),
(97, 2851, 0),
(97, 2852, 0),
(97, 2853, 0),
(97, 2854, 0),
(97, 2855, 0),
(97, 2856, 0),
(97, 2857, 0),
(97, 2858, 0),
(97, 2859, 0),
(97, 2860, 0),
(98, 2860, 0),
(97, 2861, 0),
(97, 2862, 0),
(97, 2863, 0),
(97, 2864, 0),
(97, 2865, 0),
(97, 2866, 0),
(97, 2867, 0),
(97, 2868, 0),
(97, 2869, 0),
(101, 2869, 0),
(97, 2870, 0),
(97, 2871, 0),
(97, 2872, 0),
(97, 2873, 0),
(97, 2875, 0),
(97, 2876, 0),
(97, 2877, 0),
(97, 2878, 0),
(97, 2879, 0),
(97, 2880, 0),
(97, 2881, 0),
(97, 2882, 0),
(97, 2883, 0),
(97, 2884, 0),
(97, 2885, 0),
(97, 2886, 0),
(97, 2887, 0),
(97, 2888, 0),
(97, 2889, 0),
(97, 2890, 0),
(97, 2891, 0),
(97, 2892, 0),
(97, 2893, 0),
(97, 2894, 0),
(97, 2895, 0),
(97, 2896, 0),
(97, 2897, 0),
(97, 2898, 0),
(97, 2899, 0),
(97, 2900, 0),
(97, 2901, 0),
(97, 2902, 0),
(97, 2903, 0),
(97, 2904, 0),
(97, 2905, 0),
(97, 2906, 0),
(97, 2907, 0),
(97, 2908, 0),
(97, 2909, 0),
(97, 2910, 0),
(97, 2911, 0),
(97, 2912, 0),
(97, 2913, 0),
(97, 2914, 0),
(97, 2915, 0),
(97, 2916, 0),
(97, 2917, 0),
(97, 2918, 0),
(97, 2919, 0),
(97, 2920, 0),
(97, 2921, 0),
(97, 2922, 0),
(97, 2923, 0),
(97, 2924, 0),
(97, 2925, 0),
(97, 2926, 0),
(97, 2927, 0),
(97, 2928, 0),
(97, 2929, 0),
(97, 2930, 0),
(97, 2931, 0),
(97, 2932, 0),
(97, 2933, 0),
(97, 2934, 0),
(97, 2935, 0),
(97, 2936, 0),
(97, 2937, 0),
(97, 2938, 0),
(97, 2939, 0),
(97, 2940, 0),
(97, 2941, 0),
(100, 2941, 0),
(97, 2942, 0),
(97, 2943, 0),
(97, 2944, 0),
(97, 2945, 0),
(97, 2946, 0),
(97, 2947, 0),
(97, 2948, 0),
(97, 2949, 0),
(97, 2950, 0),
(97, 2951, 0),
(97, 2952, 0),
(97, 2953, 0),
(97, 2954, 0),
(97, 2955, 0),
(97, 2956, 0),
(97, 2957, 0),
(97, 2958, 0),
(97, 2959, 0),
(97, 2960, 0),
(97, 2961, 0),
(97, 2962, 0),
(97, 2963, 0),
(97, 2964, 0),
(97, 2965, 0),
(97, 2966, 0),
(97, 2967, 0),
(97, 2968, 0),
(97, 2969, 0),
(97, 2970, 0),
(97, 2971, 0),
(97, 2972, 0),
(97, 2973, 0),
(97, 2974, 0),
(97, 2975, 0),
(97, 2976, 0),
(97, 2977, 0),
(97, 2978, 0),
(97, 2979, 0),
(97, 2980, 0),
(97, 2981, 0),
(97, 2982, 0),
(97, 2983, 0),
(97, 2984, 0),
(97, 2985, 0),
(97, 2986, 0),
(97, 2987, 0),
(97, 2988, 0),
(97, 2989, 0),
(97, 2990, 0),
(97, 2991, 0),
(97, 2992, 0),
(97, 2993, 0),
(97, 2994, 0),
(97, 2995, 0),
(97, 2996, 0),
(97, 2997, 0),
(97, 2998, 0),
(97, 2999, 0),
(97, 3000, 0),
(97, 3001, 0),
(97, 3002, 0),
(97, 3003, 0),
(97, 3004, 0),
(97, 3005, 0),
(97, 3006, 0),
(97, 3007, 0),
(97, 3008, 0),
(97, 3009, 0),
(97, 3010, 0),
(97, 3011, 0),
(97, 3012, 0),
(97, 3013, 0),
(97, 3014, 0),
(97, 3015, 0),
(97, 3016, 0),
(97, 3017, 0),
(97, 3018, 0),
(97, 3019, 0),
(97, 3020, 0),
(97, 3021, 0),
(101, 3021, 0),
(97, 3022, 0),
(97, 3023, 0),
(97, 3024, 0),
(97, 3025, 0),
(97, 3026, 0),
(97, 3027, 0),
(97, 3028, 0),
(97, 3029, 0),
(97, 3030, 0),
(97, 3031, 0),
(97, 3032, 0),
(97, 3033, 0),
(97, 3034, 0),
(97, 3035, 0),
(97, 3036, 0),
(97, 3037, 0),
(97, 3038, 0),
(97, 3039, 0),
(97, 3040, 0),
(97, 3041, 0),
(97, 3042, 0),
(97, 3043, 0),
(97, 3044, 0),
(97, 3045, 0),
(97, 3046, 0),
(97, 3047, 0),
(97, 3048, 0),
(97, 3049, 0),
(97, 3050, 0),
(97, 3051, 0),
(97, 3052, 0),
(97, 3053, 0),
(97, 3054, 0),
(97, 3055, 0),
(97, 3056, 0),
(97, 3057, 0),
(97, 3058, 0),
(97, 3059, 0),
(97, 3060, 0),
(97, 3061, 0),
(97, 3062, 0),
(97, 3063, 0),
(97, 3064, 0),
(97, 3065, 0),
(97, 3066, 0),
(97, 3067, 0),
(97, 3068, 0),
(97, 3069, 0),
(97, 3070, 0),
(97, 3071, 0),
(102, 3071, 0),
(97, 3072, 0),
(97, 3073, 0),
(97, 3074, 0),
(97, 3075, 0),
(97, 3076, 0),
(97, 3077, 0),
(97, 3078, 0),
(97, 3079, 0),
(97, 3080, 0),
(97, 3081, 0),
(97, 3082, 0),
(97, 3083, 0),
(97, 3084, 0),
(97, 3085, 0),
(97, 3086, 0),
(97, 3087, 0),
(97, 3088, 0),
(97, 3089, 0),
(97, 3090, 0),
(97, 3091, 0),
(97, 3092, 0),
(97, 3093, 0),
(97, 3094, 0),
(97, 3095, 0),
(97, 3096, 0),
(97, 3097, 0),
(97, 3098, 0),
(97, 3099, 0),
(97, 3100, 0),
(97, 3101, 0),
(97, 3102, 0),
(97, 3103, 0),
(97, 3104, 0),
(97, 3105, 0),
(97, 3106, 0),
(97, 3107, 0),
(97, 3108, 0),
(97, 3109, 0),
(97, 3110, 0),
(97, 3111, 0),
(97, 3112, 0),
(97, 3113, 0),
(97, 3114, 0),
(97, 3115, 0),
(97, 3116, 0),
(97, 3117, 0),
(97, 3118, 0),
(97, 3119, 0),
(97, 3120, 0),
(97, 3121, 0),
(97, 3122, 0),
(98, 3122, 0),
(102, 3122, 0),
(97, 3123, 0),
(97, 3124, 0),
(97, 3125, 0),
(97, 3126, 0),
(97, 3127, 0),
(97, 3128, 0),
(97, 3129, 0),
(97, 3130, 0),
(97, 3131, 0),
(97, 3132, 0),
(97, 3133, 0),
(97, 3134, 0),
(97, 3135, 0),
(97, 3136, 0),
(97, 3137, 0),
(97, 3138, 0),
(97, 3139, 0),
(97, 3140, 0),
(97, 3141, 0),
(97, 3142, 0),
(97, 3143, 0),
(97, 3144, 0),
(97, 3145, 0),
(97, 3146, 0),
(97, 3147, 0),
(97, 3148, 0),
(97, 3149, 0),
(97, 3150, 0),
(97, 3151, 0),
(97, 3152, 0),
(97, 3153, 0),
(98, 3153, 0),
(97, 3154, 0),
(97, 3155, 0),
(97, 3156, 0),
(97, 3157, 0),
(97, 3158, 0),
(97, 3159, 0),
(97, 3160, 0),
(97, 3161, 0),
(97, 3162, 0),
(97, 3163, 0),
(97, 3164, 0),
(97, 3165, 0),
(97, 3166, 0),
(97, 3167, 0),
(97, 3168, 0),
(97, 3169, 0),
(97, 3170, 0),
(97, 3171, 0),
(97, 3172, 0),
(97, 3173, 0),
(97, 3174, 0),
(97, 3175, 0),
(97, 3176, 0),
(97, 3177, 0),
(97, 3178, 0),
(97, 3179, 0),
(97, 3180, 0),
(97, 3181, 0),
(97, 3182, 0),
(97, 3183, 0),
(97, 3184, 0),
(97, 3185, 0),
(97, 3186, 0),
(97, 3187, 0),
(97, 3188, 0),
(97, 3189, 0),
(101, 3189, 0),
(97, 3190, 0),
(97, 3191, 0),
(97, 3192, 0),
(97, 3193, 0),
(97, 3194, 0),
(97, 3195, 0),
(97, 3196, 0),
(97, 3197, 0),
(97, 3198, 0),
(97, 3199, 0),
(97, 3200, 0),
(97, 3201, 0),
(97, 3202, 0),
(97, 3203, 0),
(105, 3203, 0),
(97, 3204, 0),
(97, 3205, 0),
(97, 3206, 0),
(97, 3207, 0),
(97, 3208, 0),
(97, 3209, 0),
(97, 3210, 0),
(97, 3211, 0),
(97, 3212, 0),
(97, 3213, 0),
(97, 3214, 0),
(97, 3215, 0),
(97, 3216, 0),
(97, 3217, 0),
(97, 3218, 0),
(97, 3219, 0),
(97, 3220, 0),
(97, 3221, 0),
(97, 3222, 0),
(97, 3223, 0),
(97, 3224, 0),
(97, 3225, 0),
(97, 3226, 0),
(97, 3227, 0),
(97, 3228, 0),
(97, 3229, 0),
(97, 3230, 0),
(97, 3231, 0),
(97, 3232, 0),
(97, 3233, 0),
(97, 3234, 0),
(97, 3235, 0),
(97, 3236, 0),
(97, 3237, 0),
(97, 3238, 0),
(97, 3239, 0),
(97, 3240, 0),
(97, 3241, 0),
(97, 3242, 0),
(97, 3243, 0),
(98, 3243, 0),
(101, 3243, 0),
(97, 3244, 0),
(97, 3245, 0),
(97, 3246, 0),
(97, 3247, 0),
(97, 3248, 0),
(97, 3249, 0),
(97, 3250, 0),
(97, 3251, 0),
(97, 3252, 0),
(97, 3253, 0),
(97, 3254, 0),
(97, 3255, 0),
(97, 3256, 0),
(97, 3257, 0),
(97, 3258, 0),
(97, 3259, 0),
(97, 3260, 0),
(97, 3261, 0),
(97, 3262, 0),
(97, 3263, 0),
(97, 3264, 0),
(97, 3265, 0),
(97, 3266, 0),
(97, 3267, 0),
(97, 3268, 0),
(97, 3269, 0),
(97, 3270, 0),
(97, 3271, 0),
(97, 3272, 0),
(97, 3273, 0),
(97, 3274, 0),
(97, 3275, 0),
(97, 3276, 0),
(97, 3277, 0),
(97, 3278, 0),
(97, 3279, 0),
(97, 3280, 0),
(97, 3281, 0),
(97, 3282, 0),
(97, 3283, 0),
(97, 3284, 0),
(97, 3285, 0),
(97, 3286, 0),
(97, 3287, 0),
(97, 3288, 0),
(97, 3289, 0),
(97, 3290, 0),
(97, 3291, 0),
(97, 3292, 0),
(97, 3293, 0),
(97, 3294, 0),
(97, 3295, 0),
(97, 3296, 0),
(97, 3297, 0),
(97, 3298, 0),
(97, 3299, 0),
(97, 3300, 0),
(97, 3301, 0),
(97, 3302, 0),
(97, 3303, 0),
(97, 3304, 0),
(97, 3305, 0),
(97, 3306, 0),
(97, 3307, 0),
(97, 3308, 0),
(97, 3309, 0),
(97, 3310, 0),
(97, 3311, 0),
(97, 3312, 0),
(97, 3313, 0),
(97, 3314, 0),
(97, 3315, 0),
(97, 3316, 0),
(97, 3317, 0),
(97, 3318, 0),
(97, 3319, 0),
(97, 3320, 0),
(97, 3321, 0),
(97, 3322, 0),
(97, 3323, 0),
(97, 3324, 0),
(97, 3325, 0),
(97, 3326, 0),
(97, 3327, 0),
(97, 3328, 0),
(97, 3329, 0),
(97, 3330, 0),
(97, 3331, 0),
(97, 3332, 0),
(97, 3333, 0),
(97, 3334, 0),
(97, 3335, 0),
(97, 3336, 0),
(97, 3337, 0),
(97, 3338, 0),
(97, 3339, 0),
(97, 3340, 0),
(97, 3341, 0),
(97, 3342, 0),
(98, 3342, 0),
(101, 3342, 0),
(97, 3343, 0),
(97, 3344, 0),
(97, 3345, 0),
(97, 3346, 0),
(97, 3347, 0),
(97, 3348, 0),
(97, 3349, 0),
(97, 3350, 0),
(97, 3351, 0),
(97, 3352, 0),
(97, 3353, 0),
(97, 3354, 0),
(97, 3355, 0),
(97, 3356, 0),
(97, 3357, 0),
(97, 3358, 0),
(97, 3359, 0),
(97, 3360, 0),
(97, 3361, 0),
(97, 3362, 0),
(97, 3363, 0),
(97, 3364, 0),
(97, 3365, 0),
(97, 3366, 0),
(97, 3367, 0),
(97, 3368, 0),
(97, 3369, 0),
(97, 3370, 0),
(97, 3371, 0),
(97, 3372, 0),
(97, 3373, 0),
(97, 3374, 0),
(97, 3375, 0),
(97, 3376, 0),
(97, 3377, 0),
(97, 3378, 0),
(97, 3379, 0),
(97, 3380, 0),
(97, 3381, 0),
(97, 3382, 0),
(97, 3383, 0),
(97, 3384, 0),
(97, 3385, 0),
(97, 3386, 0),
(97, 3387, 0),
(97, 3388, 0),
(97, 3389, 0),
(97, 3390, 0),
(97, 3391, 0),
(97, 3392, 0),
(97, 3393, 0),
(97, 3394, 0),
(97, 3395, 0),
(97, 3396, 0),
(97, 3397, 0),
(97, 3398, 0),
(97, 3399, 0),
(97, 3400, 0),
(97, 3401, 0),
(97, 3402, 0),
(97, 3403, 0),
(97, 3404, 0),
(97, 3405, 0),
(97, 3406, 0),
(97, 3407, 0),
(97, 3408, 0),
(97, 3409, 0),
(97, 3410, 0),
(97, 3411, 0),
(97, 3412, 0),
(97, 3413, 0),
(97, 3414, 0),
(97, 3415, 0),
(97, 3416, 0),
(97, 3417, 0),
(97, 3418, 0),
(97, 3419, 0),
(97, 3420, 0),
(97, 3421, 0),
(97, 3422, 0),
(97, 3423, 0),
(97, 3424, 0),
(97, 3425, 0),
(97, 3426, 0),
(97, 3427, 0),
(97, 3428, 0),
(97, 3429, 0),
(97, 3430, 0),
(97, 3431, 0),
(97, 3432, 0),
(97, 3433, 0),
(97, 3434, 0),
(97, 3435, 0),
(97, 3436, 0),
(97, 3437, 0),
(97, 3438, 0),
(97, 3439, 0),
(97, 3440, 0),
(97, 3441, 0),
(97, 3442, 0),
(97, 3443, 0),
(97, 3444, 0),
(97, 3445, 0),
(97, 3446, 0),
(97, 3447, 0),
(97, 3448, 0),
(97, 3449, 0),
(97, 3450, 0),
(97, 3451, 0),
(97, 3452, 0),
(97, 3453, 0),
(97, 3454, 0),
(97, 3455, 0),
(97, 3456, 0),
(97, 3457, 0),
(97, 3458, 0),
(97, 3459, 0),
(97, 3460, 0),
(97, 3461, 0),
(97, 3462, 0),
(97, 3463, 0),
(97, 3464, 0),
(97, 3465, 0),
(97, 3466, 0),
(97, 3467, 0),
(97, 3468, 0),
(97, 3469, 0),
(97, 3470, 0),
(97, 3471, 0),
(97, 3472, 0),
(97, 3473, 0),
(97, 3474, 0),
(97, 3475, 0),
(97, 3476, 0),
(97, 3477, 0),
(97, 3478, 0),
(97, 3479, 0),
(97, 3480, 0),
(97, 3481, 0),
(97, 3482, 0),
(97, 3483, 0),
(97, 3484, 0),
(97, 3485, 0),
(97, 3486, 0),
(97, 3487, 0),
(97, 3488, 0),
(97, 3489, 0),
(97, 3490, 0),
(97, 3491, 0),
(97, 3492, 0),
(97, 3493, 0),
(97, 3494, 0),
(97, 3495, 0),
(97, 3496, 0),
(97, 3497, 0),
(97, 3498, 0),
(97, 3499, 0),
(97, 3500, 0),
(97, 3501, 0),
(97, 3502, 0),
(97, 3503, 0),
(97, 3504, 0),
(97, 3505, 0),
(97, 3506, 0),
(97, 3507, 0),
(97, 3508, 0),
(97, 3509, 0),
(97, 3510, 0),
(97, 3511, 0),
(97, 3512, 0),
(97, 3513, 0),
(97, 3514, 0),
(98, 3515, 0),
(103, 3515, 0),
(98, 3516, 0),
(98, 3517, 0),
(98, 3518, 0),
(98, 3519, 0),
(98, 3520, 0),
(98, 3521, 0),
(98, 3522, 0),
(98, 3523, 0),
(98, 3524, 0),
(98, 3525, 0),
(98, 3526, 0),
(98, 3527, 0),
(98, 3528, 0),
(98, 3529, 0),
(98, 3530, 0),
(98, 3531, 0),
(98, 3532, 0),
(98, 3533, 0),
(98, 3534, 0),
(98, 3535, 0),
(98, 3536, 0),
(98, 3537, 0),
(98, 3538, 0),
(98, 3539, 0),
(98, 3540, 0),
(98, 3541, 0),
(98, 3542, 0),
(98, 3543, 0),
(98, 3544, 0),
(98, 3545, 0),
(98, 3546, 0),
(99, 3547, 0),
(99, 3548, 0),
(99, 3549, 0),
(99, 3550, 0),
(99, 3551, 0),
(99, 3552, 0),
(100, 3553, 0),
(100, 3554, 0),
(100, 3555, 0),
(100, 3556, 0),
(100, 3557, 0),
(100, 3558, 0),
(100, 3559, 0),
(100, 3560, 0),
(100, 3561, 0),
(100, 3562, 0),
(100, 3563, 0),
(100, 3564, 0),
(100, 3565, 0),
(100, 3566, 0),
(100, 3567, 0),
(100, 3568, 0),
(100, 3569, 0),
(100, 3570, 0),
(100, 3571, 0),
(100, 3572, 0),
(100, 3573, 0),
(100, 3574, 0),
(100, 3575, 0),
(100, 3576, 0),
(100, 3577, 0),
(100, 3578, 0),
(100, 3579, 0),
(100, 3580, 0),
(100, 3581, 0),
(100, 3582, 0),
(100, 3583, 0),
(100, 3584, 0),
(100, 3585, 0),
(100, 3586, 0),
(100, 3587, 0),
(100, 3588, 0),
(100, 3589, 0),
(100, 3590, 0),
(100, 3591, 0),
(100, 3592, 0),
(100, 3593, 0),
(100, 3594, 0),
(100, 3595, 0),
(100, 3596, 0),
(100, 3597, 0),
(100, 3598, 0),
(100, 3599, 0),
(100, 3600, 0),
(100, 3601, 0),
(100, 3602, 0),
(100, 3603, 0),
(100, 3604, 0),
(100, 3605, 0),
(100, 3606, 1),
(101, 3606, 1),
(101, 3607, 0),
(101, 3608, 0),
(101, 3609, 0),
(101, 3610, 0),
(101, 3611, 0),
(101, 3612, 0),
(101, 3613, 0),
(101, 3614, 0),
(101, 3615, 0),
(101, 3616, 0),
(101, 3617, 0),
(101, 3618, 0),
(101, 3619, 0),
(101, 3620, 0),
(101, 3621, 0),
(101, 3622, 0),
(101, 3623, 0),
(101, 3624, 0),
(101, 3625, 0),
(101, 3626, 0),
(101, 3627, 0),
(101, 3628, 0),
(101, 3629, 0),
(101, 3630, 0),
(101, 3631, 0),
(101, 3632, 0),
(101, 3633, 0),
(101, 3634, 0),
(101, 3635, 0),
(101, 3636, 0),
(101, 3637, 0),
(101, 3638, 0),
(101, 3639, 0),
(101, 3640, 0),
(101, 3641, 0),
(101, 3642, 0),
(101, 3643, 0),
(101, 3644, 0),
(101, 3645, 0),
(101, 3646, 0),
(101, 3647, 0),
(101, 3648, 0),
(101, 3649, 0),
(101, 3650, 0),
(101, 3651, 0),
(101, 3652, 0),
(101, 3653, 0),
(101, 3654, 0),
(101, 3655, 0),
(101, 3656, 0),
(101, 3657, 0),
(102, 3658, 0),
(102, 3659, 0),
(102, 3660, 0),
(102, 3661, 0),
(102, 3661, 1),
(103, 3661, 1),
(105, 3661, 1),
(102, 3662, 0),
(103, 3662, 0),
(102, 3663, 0),
(102, 3664, 0),
(102, 3665, 0),
(105, 3665, 0),
(102, 3666, 0),
(102, 3667, 0),
(102, 3668, 0),
(102, 3669, 0),
(102, 3670, 0),
(102, 3671, 0),
(102, 3672, 0),
(102, 3673, 0),
(102, 3674, 0),
(102, 3675, 0),
(102, 3676, 0),
(102, 3677, 0),
(102, 3678, 0),
(102, 3679, 0),
(102, 3680, 0),
(102, 3681, 0),
(102, 3682, 0),
(102, 3683, 0),
(102, 3684, 0),
(102, 3685, 0),
(102, 3686, 0),
(102, 3687, 0),
(102, 3688, 0),
(102, 3689, 0),
(102, 3690, 0),
(102, 3691, 0),
(102, 3692, 0),
(102, 3693, 0),
(102, 3694, 0),
(102, 3695, 0),
(102, 3696, 0),
(102, 3697, 0),
(102, 3698, 0),
(102, 3699, 0),
(102, 3700, 0),
(103, 3701, 0),
(103, 3702, 0),
(103, 3703, 0),
(103, 3704, 0),
(103, 3705, 0),
(103, 3706, 0),
(103, 3707, 0),
(103, 3708, 0),
(105, 3708, 0),
(103, 3709, 0),
(105, 3709, 0),
(103, 3710, 0),
(105, 3710, 0),
(103, 3711, 0),
(103, 3712, 0),
(103, 3713, 0),
(103, 3714, 0),
(103, 3715, 0),
(103, 3716, 0),
(103, 3717, 0),
(103, 3718, 0),
(103, 3719, 0),
(104, 3720, 0),
(104, 3721, 0),
(104, 3722, 0),
(104, 3723, 0),
(105, 3724, 0),
(105, 3725, 0),
(105, 3726, 0),
(105, 3727, 0),
(105, 3728, 0),
(105, 3729, 0),
(105, 3730, 0),
(105, 3731, 0),
(105, 3732, 0),
(105, 3733, 0),
(105, 3734, 0),
(105, 3735, 0);

-- --------------------------------------------------------

--
-- Структура таблицы `phpbb_sessions`
--

CREATE TABLE IF NOT EXISTS `phpbb_sessions` (
  `session_id` char(32) COLLATE utf8_bin NOT NULL DEFAULT '',
  `session_user_id` mediumint(8) unsigned NOT NULL DEFAULT '0',
  `session_last_visit` int(11) unsigned NOT NULL DEFAULT '0',
  `session_start` int(11) unsigned NOT NULL DEFAULT '0',
  `session_time` int(11) unsigned NOT NULL DEFAULT '0',
  `session_ip` varchar(40) COLLATE utf8_bin NOT NULL DEFAULT '',
  `session_browser` varchar(150) COLLATE utf8_bin NOT NULL DEFAULT '',
  `session_forwarded_for` varchar(255) COLLATE utf8_bin NOT NULL DEFAULT '',
  `session_page` varchar(255) COLLATE utf8_bin NOT NULL DEFAULT '',
  `session_viewonline` tinyint(1) unsigned NOT NULL DEFAULT '1',
  `session_autologin` tinyint(1) unsigned NOT NULL DEFAULT '0',
  `session_admin` tinyint(1) unsigned NOT NULL DEFAULT '0',
  `session_forum_id` mediumint(8) unsigned NOT NULL DEFAULT '0',
  PRIMARY KEY (`session_id`),
  KEY `session_time` (`session_time`),
  KEY `session_user_id` (`session_user_id`),
  KEY `session_fid` (`session_forum_id`)
) ENGINE=MyISAM DEFAULT CHARSET=utf8 COLLATE=utf8_bin;

--
-- Дамп данных таблицы `phpbb_sessions`
--

INSERT INTO `phpbb_sessions` (`session_id`, `session_user_id`, `session_last_visit`, `session_start`, `session_time`, `session_ip`, `session_browser`, `session_forwarded_for`, `session_page`, `session_viewonline`, `session_autologin`, `session_admin`, `session_forum_id`) VALUES
('405b1ba483bb5e43aab5fab1e7b4a57d', 1, 1445636605, 1445636605, 1445636605, '127.0.0.1', 'Mozilla/5.0 (Windows NT 6.1; WOW64) AppleWebKit/537.36 (KHTML, like Gecko) Chrome/46.0.2490.71 Safari/537.36', '', 'index.php', 1, 0, 0, 0);

-- --------------------------------------------------------

--
-- Структура таблицы `phpbb_sessions_keys`
--

CREATE TABLE IF NOT EXISTS `phpbb_sessions_keys` (
  `key_id` char(32) COLLATE utf8_bin NOT NULL DEFAULT '',
  `user_id` mediumint(8) unsigned NOT NULL DEFAULT '0',
  `last_ip` varchar(40) COLLATE utf8_bin NOT NULL DEFAULT '',
  `last_login` int(11) unsigned NOT NULL DEFAULT '0',
  PRIMARY KEY (`key_id`,`user_id`),
  KEY `last_login` (`last_login`)
) ENGINE=MyISAM DEFAULT CHARSET=utf8 COLLATE=utf8_bin;

--
-- Дамп данных таблицы `phpbb_sessions_keys`
--

INSERT INTO `phpbb_sessions_keys` (`key_id`, `user_id`, `last_ip`, `last_login`) VALUES
('162c837205b6e7dada80765b3b5f0f4d', 48, '46.138.240.156', 1436389126),
('8613a654de2a23a5626330fcfa97c8f6', 48, '91.76.128.176', 1439242173),
('a0a8289e115f4bb3bd5e8891bf3752e2', 49, '95.220.92.64', 1440695385),
('a16d860d049954d4ac9f7a725832143b', 50, '77.35.135.242', 1438028372),
('dfafb2f7c4f74ff192f8cb5cfb65b3a6', 64, '217.115.180.30', 1437621785),
('d91884aa734b4de777865b4321bbe611', 114, '37.193.199.28', 1440652422),
('0003453a24a4dbce07abdaa8e6a9c7b8', 114, '37.193.199.28', 1440750999),
('7bce0ecd309271076caf67405c3d1382', 50, '5.143.82.27', 1440750798),
('213a3bc7f9bce8f28b4cee6ce77fef3d', 116, '213.24.127.131', 1440843486),
('f20e8be2d926f87f6365b3ea971fe184', 48, '91.76.128.176', 1440531725),
('4ea4f060d7e53df6fce8df4d5b0c774f', 117, '46.138.86.68', 1440850332);

-- --------------------------------------------------------

--
-- Структура таблицы `phpbb_sitelist`
--

CREATE TABLE IF NOT EXISTS `phpbb_sitelist` (
  `site_id` mediumint(8) unsigned NOT NULL AUTO_INCREMENT,
  `site_ip` varchar(40) COLLATE utf8_bin NOT NULL DEFAULT '',
  `site_hostname` varchar(255) COLLATE utf8_bin NOT NULL DEFAULT '',
  `ip_exclude` tinyint(1) unsigned NOT NULL DEFAULT '0',
  PRIMARY KEY (`site_id`)
) ENGINE=MyISAM DEFAULT CHARSET=utf8 COLLATE=utf8_bin AUTO_INCREMENT=1 ;

-- --------------------------------------------------------

--
-- Структура таблицы `phpbb_smilies`
--

CREATE TABLE IF NOT EXISTS `phpbb_smilies` (
  `smiley_id` mediumint(8) unsigned NOT NULL AUTO_INCREMENT,
  `code` varchar(50) COLLATE utf8_bin NOT NULL DEFAULT '',
  `emotion` varchar(50) COLLATE utf8_bin NOT NULL DEFAULT '',
  `smiley_url` varchar(50) COLLATE utf8_bin NOT NULL DEFAULT '',
  `smiley_width` smallint(4) unsigned NOT NULL DEFAULT '0',
  `smiley_height` smallint(4) unsigned NOT NULL DEFAULT '0',
  `smiley_order` mediumint(8) unsigned NOT NULL DEFAULT '0',
  `display_on_posting` tinyint(1) unsigned NOT NULL DEFAULT '1',
  PRIMARY KEY (`smiley_id`),
  KEY `display_on_post` (`display_on_posting`)
) ENGINE=MyISAM  DEFAULT CHARSET=utf8 COLLATE=utf8_bin AUTO_INCREMENT=43 ;

--
-- Дамп данных таблицы `phpbb_smilies`
--

INSERT INTO `phpbb_smilies` (`smiley_id`, `code`, `emotion`, `smiley_url`, `smiley_width`, `smiley_height`, `smiley_order`, `display_on_posting`) VALUES
(1, ':D', 'Очень доволен', 'icon_e_biggrin.gif', 15, 17, 1, 1),
(2, ':-D', 'Очень доволен', 'icon_e_biggrin.gif', 15, 17, 2, 1),
(3, ':grin:', 'Очень доволен', 'icon_e_biggrin.gif', 15, 17, 3, 1),
(4, ':)', 'Улыбается', 'icon_e_smile.gif', 15, 17, 4, 1),
(5, ':-)', 'Улыбается', 'icon_e_smile.gif', 15, 17, 5, 1),
(6, ':smile:', 'Улыбается', 'icon_e_smile.gif', 15, 17, 6, 1),
(7, ';)', 'Подмигивает', 'icon_e_wink.gif', 15, 17, 7, 1),
(8, ';-)', 'Подмигивает', 'icon_e_wink.gif', 15, 17, 8, 1),
(9, ':wink:', 'Подмигивает', 'icon_e_wink.gif', 15, 17, 9, 1),
(10, ':(', 'Грустный', 'icon_e_sad.gif', 15, 17, 10, 1),
(11, ':-(', 'Грустный', 'icon_e_sad.gif', 15, 17, 11, 1),
(12, ':sad:', 'Грустный', 'icon_e_sad.gif', 15, 17, 12, 1),
(13, ':o', 'Удивлён', 'icon_e_surprised.gif', 15, 17, 13, 1),
(14, ':-o', 'Удивлён', 'icon_e_surprised.gif', 15, 17, 14, 1),
(15, ':eek:', 'Удивлён', 'icon_e_surprised.gif', 15, 17, 15, 1),
(16, ':shock:', 'В шоке', 'icon_eek.gif', 15, 17, 16, 1),
(17, ':?', 'Озадачен', 'icon_e_confused.gif', 15, 17, 17, 1),
(18, ':-?', 'Озадачен', 'icon_e_confused.gif', 15, 17, 18, 1),
(19, ':???:', 'Озадачен', 'icon_e_confused.gif', 15, 17, 19, 1),
(20, '8-)', 'Всё путём', 'icon_cool.gif', 15, 17, 20, 1),
(21, ':cool:', 'Всё путём', 'icon_cool.gif', 15, 17, 21, 1),
(22, ':lol:', 'Смеётся', 'icon_lol.gif', 15, 17, 22, 1),
(23, ':x', 'Раздражён', 'icon_mad.gif', 15, 17, 23, 1),
(24, ':-x', 'Раздражён', 'icon_mad.gif', 15, 17, 24, 1),
(25, ':mad:', 'Раздражён', 'icon_mad.gif', 15, 17, 25, 1),
(26, ':P', 'Дразнится', 'icon_razz.gif', 15, 17, 26, 1),
(27, ':-P', 'Дразнится', 'icon_razz.gif', 15, 17, 27, 1),
(28, ':razz:', 'Дразнится', 'icon_razz.gif', 15, 17, 28, 1),
(29, ':oops:', 'Смущён', 'icon_redface.gif', 15, 17, 29, 1),
(30, ':cry:', 'Плачет или сильно расстроен', 'icon_cry.gif', 15, 17, 30, 1),
(31, ':evil:', 'Злой или очень раздражён', 'icon_evil.gif', 15, 17, 31, 1),
(32, ':twisted:', 'Очень зол', 'icon_twisted.gif', 15, 17, 32, 1),
(33, ':roll:', 'Закатывает глаза', 'icon_rolleyes.gif', 15, 17, 33, 1),
(34, ':!:', 'Восклицание', 'icon_exclaim.gif', 15, 17, 34, 1),
(35, ':?:', 'Вопрос', 'icon_question.gif', 15, 17, 35, 1),
(36, ':idea:', 'Идея', 'icon_idea.gif', 15, 17, 36, 1),
(37, ':arrow:', 'Стрелка', 'icon_arrow.gif', 15, 17, 37, 1),
(38, ':|', 'Нейтральный', 'icon_neutral.gif', 15, 17, 38, 1),
(39, ':-|', 'Нейтральный', 'icon_neutral.gif', 15, 17, 39, 1),
(40, ':mrgreen:', 'Зелёный', 'icon_mrgreen.gif', 15, 17, 40, 1),
(41, ':geek:', 'Ботан', 'icon_e_geek.gif', 17, 17, 41, 1),
(42, ':ugeek:', 'Мегаботан', 'icon_e_ugeek.gif', 17, 18, 42, 1);

-- --------------------------------------------------------

--
-- Структура таблицы `phpbb_styles`
--

CREATE TABLE IF NOT EXISTS `phpbb_styles` (
  `style_id` mediumint(8) unsigned NOT NULL AUTO_INCREMENT,
  `style_name` varchar(255) COLLATE utf8_bin NOT NULL DEFAULT '',
  `style_copyright` varchar(255) COLLATE utf8_bin NOT NULL DEFAULT '',
  `style_active` tinyint(1) unsigned NOT NULL DEFAULT '1',
  `style_path` varchar(100) COLLATE utf8_bin NOT NULL DEFAULT '',
  `bbcode_bitfield` varchar(255) COLLATE utf8_bin NOT NULL DEFAULT 'kNg=',
  `style_parent_id` int(4) unsigned NOT NULL DEFAULT '0',
  `style_parent_tree` text COLLATE utf8_bin NOT NULL,
  PRIMARY KEY (`style_id`),
  UNIQUE KEY `style_name` (`style_name`)
) ENGINE=MyISAM  DEFAULT CHARSET=utf8 COLLATE=utf8_bin AUTO_INCREMENT=4 ;

--
-- Дамп данных таблицы `phpbb_styles`
--

INSERT INTO `phpbb_styles` (`style_id`, `style_name`, `style_copyright`, `style_active`, `style_path`, `bbcode_bitfield`, `style_parent_id`, `style_parent_tree`) VALUES
(1, 'prosilver', '&copy; phpBB Limited', 1, 'prosilver', 'kNg=', 0, ''),
(3, 'Basic', 'Created by Arty (Vjacheslav Trushkin), http://www.artodia.com/', 1, 'basic', '+Ng=', 1, 'prosilver');

-- --------------------------------------------------------

--
-- Структура таблицы `phpbb_teampage`
--

CREATE TABLE IF NOT EXISTS `phpbb_teampage` (
  `teampage_id` mediumint(8) unsigned NOT NULL AUTO_INCREMENT,
  `group_id` mediumint(8) unsigned NOT NULL DEFAULT '0',
  `teampage_name` varchar(255) COLLATE utf8_bin NOT NULL DEFAULT '',
  `teampage_position` mediumint(8) unsigned NOT NULL DEFAULT '0',
  `teampage_parent` mediumint(8) unsigned NOT NULL DEFAULT '0',
  PRIMARY KEY (`teampage_id`)
) ENGINE=MyISAM  DEFAULT CHARSET=utf8 COLLATE=utf8_bin AUTO_INCREMENT=3 ;

--
-- Дамп данных таблицы `phpbb_teampage`
--

INSERT INTO `phpbb_teampage` (`teampage_id`, `group_id`, `teampage_name`, `teampage_position`, `teampage_parent`) VALUES
(1, 5, '', 1, 0),
(2, 4, '', 2, 0);

-- --------------------------------------------------------

--
-- Структура таблицы `phpbb_topics`
--

CREATE TABLE IF NOT EXISTS `phpbb_topics` (
  `topic_id` mediumint(8) unsigned NOT NULL AUTO_INCREMENT,
  `forum_id` mediumint(8) unsigned NOT NULL DEFAULT '0',
  `icon_id` mediumint(8) unsigned NOT NULL DEFAULT '0',
  `topic_attachment` tinyint(1) unsigned NOT NULL DEFAULT '0',
  `topic_reported` tinyint(1) unsigned NOT NULL DEFAULT '0',
  `topic_title` varchar(255) CHARACTER SET utf8 COLLATE utf8_unicode_ci NOT NULL DEFAULT '',
  `topic_poster` mediumint(8) unsigned NOT NULL DEFAULT '0',
  `topic_time` int(11) unsigned NOT NULL DEFAULT '0',
  `topic_time_limit` int(11) unsigned NOT NULL DEFAULT '0',
  `topic_views` mediumint(8) unsigned NOT NULL DEFAULT '0',
  `topic_status` tinyint(3) NOT NULL DEFAULT '0',
  `topic_type` tinyint(3) NOT NULL DEFAULT '0',
  `topic_first_post_id` mediumint(8) unsigned NOT NULL DEFAULT '0',
  `topic_first_poster_name` varchar(255) CHARACTER SET utf8 COLLATE utf8_unicode_ci NOT NULL DEFAULT '',
  `topic_first_poster_colour` varchar(6) COLLATE utf8_bin NOT NULL DEFAULT '',
  `topic_last_post_id` mediumint(8) unsigned NOT NULL DEFAULT '0',
  `topic_last_poster_id` mediumint(8) unsigned NOT NULL DEFAULT '0',
  `topic_last_poster_name` varchar(255) COLLATE utf8_bin NOT NULL DEFAULT '',
  `topic_last_poster_colour` varchar(6) COLLATE utf8_bin NOT NULL DEFAULT '',
  `topic_last_post_subject` varchar(255) COLLATE utf8_bin NOT NULL DEFAULT '',
  `topic_last_post_time` int(11) unsigned NOT NULL DEFAULT '0',
  `topic_last_view_time` int(11) unsigned NOT NULL DEFAULT '0',
  `topic_moved_id` mediumint(8) unsigned NOT NULL DEFAULT '0',
  `topic_bumped` tinyint(1) unsigned NOT NULL DEFAULT '0',
  `topic_bumper` mediumint(8) unsigned NOT NULL DEFAULT '0',
  `poll_title` varchar(255) COLLATE utf8_bin NOT NULL DEFAULT '',
  `poll_start` int(11) unsigned NOT NULL DEFAULT '0',
  `poll_length` int(11) unsigned NOT NULL DEFAULT '0',
  `poll_max_options` tinyint(4) NOT NULL DEFAULT '1',
  `poll_last_vote` int(11) unsigned NOT NULL DEFAULT '0',
  `poll_vote_change` tinyint(1) unsigned NOT NULL DEFAULT '0',
  `topic_visibility` tinyint(3) NOT NULL DEFAULT '0',
  `topic_delete_time` int(11) unsigned NOT NULL DEFAULT '0',
  `topic_delete_reason` varchar(255) COLLATE utf8_bin NOT NULL DEFAULT '',
  `topic_delete_user` mediumint(8) unsigned NOT NULL DEFAULT '0',
  `topic_posts_approved` mediumint(8) unsigned NOT NULL DEFAULT '0',
  `topic_posts_unapproved` mediumint(8) unsigned NOT NULL DEFAULT '0',
  `topic_posts_softdeleted` mediumint(8) unsigned NOT NULL DEFAULT '0',
  PRIMARY KEY (`topic_id`),
  KEY `forum_id` (`forum_id`),
  KEY `forum_id_type` (`forum_id`,`topic_type`),
  KEY `last_post_time` (`topic_last_post_time`),
  KEY `fid_time_moved` (`forum_id`,`topic_last_post_time`,`topic_moved_id`),
  KEY `topic_visibility` (`topic_visibility`),
  KEY `forum_vis_last` (`forum_id`,`topic_visibility`,`topic_last_post_id`)
) ENGINE=MyISAM  DEFAULT CHARSET=utf8 COLLATE=utf8_bin AUTO_INCREMENT=75 ;

--
-- Дамп данных таблицы `phpbb_topics`
--

INSERT INTO `phpbb_topics` (`topic_id`, `forum_id`, `icon_id`, `topic_attachment`, `topic_reported`, `topic_title`, `topic_poster`, `topic_time`, `topic_time_limit`, `topic_views`, `topic_status`, `topic_type`, `topic_first_post_id`, `topic_first_poster_name`, `topic_first_poster_colour`, `topic_last_post_id`, `topic_last_poster_id`, `topic_last_poster_name`, `topic_last_poster_colour`, `topic_last_post_subject`, `topic_last_post_time`, `topic_last_view_time`, `topic_moved_id`, `topic_bumped`, `topic_bumper`, `poll_title`, `poll_start`, `poll_length`, `poll_max_options`, `poll_last_vote`, `poll_vote_change`, `topic_visibility`, `topic_delete_time`, `topic_delete_reason`, `topic_delete_user`, `topic_posts_approved`, `topic_posts_unapproved`, `topic_posts_softdeleted`) VALUES
(1, 2, 6, 0, 0, 'Добро пожаловать на форумы разработчиков видеоигр 1979!', 2, 1435523269, 0, 68, 0, 0, 1, 'Syrax', 'AA0000', 7, 48, 'Fox', '00AA00', 'Re: Добро пожаловать на форумы разработчиков видеоигр 1979!', 1436130802, 1440471385, 0, 0, 0, '', 0, 0, 0, 0, 0, 1, 0, '', 0, 2, 0, 0),
(2, 4, 0, 0, 0, 'Мысли по поводу и не очень.', 2, 1435570404, 0, 133, 0, 0, 2, 'Syrax', 'AA0000', 94, 2, 'Syrax', 'AA0000', 'Re: Мысли по поводу и не очень.', 1438850912, 1440508700, 0, 0, 0, '', 0, 0, 1, 0, 0, 1, 0, '', 0, 7, 0, 0),
(4, 6, 0, 0, 0, 'Reflection', 50, 1435644955, 0, 189, 0, 0, 4, 'Artorahn', '', 95, 48, 'Fox', '00AA00', 'Re: Reflection', 1438896463, 1440811749, 0, 0, 0, '', 0, 0, 1, 0, 0, 1, 0, '', 0, 8, 0, 0),
(71, 2, 0, 0, 0, 'Манга', 114, 1438008469, 0, 52, 0, 0, 84, 'Antberg', '', 85, 114, 'Antberg', '', 'Re: Манга', 1438011540, 1440608115, 0, 0, 0, '', 0, 0, 1, 0, 0, 1, 0, '', 0, 2, 0, 0),
(6, 2, 5, 0, 0, 'Культ сорванной каски, или что слушаем...', 48, 1436131066, 0, 110, 0, 0, 8, 'Fox', '00AA00', 104, 114, 'Antberg', '', 'Re: Культ сорванной каски, или что слушаем...', 1440563997, 1440850353, 0, 0, 0, '', 0, 0, 1, 0, 0, 1, 0, '', 0, 6, 0, 0),
(64, 4, 0, 0, 0, 'Атака спам-ботов.', 2, 1437173497, 0, 103, 0, 0, 71, 'Syrax', 'AA0000', 96, 116, 'Klon', '', 'Re: Атака спам-ботов.', 1439177332, 1440453776, 0, 0, 0, '', 0, 0, 1, 0, 0, 1, 0, '', 0, 6, 0, 0),
(72, 3, 0, 0, 0, '[Без названия]', 2, 1439233164, 0, 55, 0, 0, 97, 'Syrax', 'AA0000', 98, 114, 'Antberg', '', 'Re: [Без названия]', 1439309274, 1440474004, 0, 0, 0, '', 0, 0, 0, 0, 0, 1, 0, '', 0, 2, 0, 0),
(73, 3, 0, 0, 0, 'СНЫ (с)', 48, 1440098985, 0, 28, 0, 0, 100, 'Fox', '00AA00', 101, 114, 'Antberg', '', 'Re: СНЫ (с)', 1440099633, 1440850344, 0, 0, 0, '', 0, 0, 1, 0, 0, 1, 0, '', 0, 2, 0, 0),
(74, 4, 0, 0, 0, 'Портал? Портал!', 2, 1440317220, 0, 38, 0, 0, 102, 'Syrax', 'AA0000', 105, 2, 'Syrax', 'AA0000', 'Re: Портал? Портал!', 1440748550, 1445628586, 0, 0, 0, '', 0, 0, 1, 0, 0, 1, 0, '', 0, 3, 0, 0);

-- --------------------------------------------------------

--
-- Структура таблицы `phpbb_topics_posted`
--

CREATE TABLE IF NOT EXISTS `phpbb_topics_posted` (
  `user_id` mediumint(8) unsigned NOT NULL DEFAULT '0',
  `topic_id` mediumint(8) unsigned NOT NULL DEFAULT '0',
  `topic_posted` tinyint(1) unsigned NOT NULL DEFAULT '0',
  PRIMARY KEY (`user_id`,`topic_id`)
) ENGINE=MyISAM DEFAULT CHARSET=utf8 COLLATE=utf8_bin;

--
-- Дамп данных таблицы `phpbb_topics_posted`
--

INSERT INTO `phpbb_topics_posted` (`user_id`, `topic_id`, `topic_posted`) VALUES
(2, 1, 1),
(2, 2, 1),
(50, 4, 1),
(50, 6, 1),
(48, 2, 1),
(48, 1, 1),
(48, 6, 1),
(48, 4, 1),
(2, 6, 1),
(2, 64, 1),
(114, 74, 1),
(2, 74, 1),
(114, 73, 1),
(48, 73, 1),
(117, 6, 1),
(114, 72, 1),
(2, 72, 1),
(116, 64, 1),
(114, 4, 1),
(114, 71, 1),
(50, 64, 1),
(48, 64, 1),
(114, 2, 1),
(64, 64, 1),
(114, 6, 1);

-- --------------------------------------------------------

--
-- Структура таблицы `phpbb_topics_track`
--

CREATE TABLE IF NOT EXISTS `phpbb_topics_track` (
  `user_id` mediumint(8) unsigned NOT NULL DEFAULT '0',
  `topic_id` mediumint(8) unsigned NOT NULL DEFAULT '0',
  `forum_id` mediumint(8) unsigned NOT NULL DEFAULT '0',
  `mark_time` int(11) unsigned NOT NULL DEFAULT '0',
  PRIMARY KEY (`user_id`,`topic_id`),
  KEY `forum_id` (`forum_id`),
  KEY `topic_id` (`topic_id`)
) ENGINE=MyISAM DEFAULT CHARSET=utf8 COLLATE=utf8_bin;

--
-- Дамп данных таблицы `phpbb_topics_track`
--

INSERT INTO `phpbb_topics_track` (`user_id`, `topic_id`, `forum_id`, `mark_time`) VALUES
(48, 4, 6, 1438896463),
(49, 74, 4, 1440317220),
(2, 74, 4, 1440748550),
(114, 6, 2, 1440563997),
(114, 73, 3, 1440099633),
(49, 6, 2, 1438005318);

-- --------------------------------------------------------

--
-- Структура таблицы `phpbb_topics_watch`
--

CREATE TABLE IF NOT EXISTS `phpbb_topics_watch` (
  `topic_id` mediumint(8) unsigned NOT NULL DEFAULT '0',
  `user_id` mediumint(8) unsigned NOT NULL DEFAULT '0',
  `notify_status` tinyint(1) unsigned NOT NULL DEFAULT '0',
  KEY `topic_id` (`topic_id`),
  KEY `user_id` (`user_id`),
  KEY `notify_stat` (`notify_status`)
) ENGINE=MyISAM DEFAULT CHARSET=utf8 COLLATE=utf8_bin;

--
-- Дамп данных таблицы `phpbb_topics_watch`
--

INSERT INTO `phpbb_topics_watch` (`topic_id`, `user_id`, `notify_status`) VALUES
(4, 114, 0);

-- --------------------------------------------------------

--
-- Структура таблицы `phpbb_user_group`
--

CREATE TABLE IF NOT EXISTS `phpbb_user_group` (
  `group_id` mediumint(8) unsigned NOT NULL DEFAULT '0',
  `user_id` mediumint(8) unsigned NOT NULL DEFAULT '0',
  `group_leader` tinyint(1) unsigned NOT NULL DEFAULT '0',
  `user_pending` tinyint(1) unsigned NOT NULL DEFAULT '1',
  KEY `group_id` (`group_id`),
  KEY `user_id` (`user_id`),
  KEY `group_leader` (`group_leader`)
) ENGINE=MyISAM DEFAULT CHARSET=utf8 COLLATE=utf8_bin;

--
-- Дамп данных таблицы `phpbb_user_group`
--

INSERT INTO `phpbb_user_group` (`group_id`, `user_id`, `group_leader`, `user_pending`) VALUES
(1, 1, 0, 0),
(2, 2, 0, 0),
(4, 2, 1, 0),
(5, 2, 1, 0),
(6, 3, 0, 0),
(6, 4, 0, 0),
(6, 5, 0, 0),
(6, 6, 0, 0),
(6, 7, 0, 0),
(6, 8, 0, 0),
(6, 9, 0, 0),
(6, 10, 0, 0),
(6, 11, 0, 0),
(6, 12, 0, 0),
(6, 13, 0, 0),
(6, 14, 0, 0),
(6, 15, 0, 0),
(6, 16, 0, 0),
(6, 17, 0, 0),
(6, 18, 0, 0),
(6, 19, 0, 0),
(6, 20, 0, 0),
(6, 21, 0, 0),
(6, 22, 0, 0),
(6, 23, 0, 0),
(6, 24, 0, 0),
(6, 25, 0, 0),
(6, 26, 0, 0),
(6, 27, 0, 0),
(6, 28, 0, 0),
(6, 29, 0, 0),
(6, 30, 0, 0),
(6, 31, 0, 0),
(6, 32, 0, 0),
(6, 33, 0, 0),
(6, 34, 0, 0),
(6, 35, 0, 0),
(6, 36, 0, 0),
(6, 37, 0, 0),
(6, 38, 0, 0),
(6, 39, 0, 0),
(6, 40, 0, 0),
(6, 41, 0, 0),
(6, 42, 0, 0),
(6, 43, 0, 0),
(6, 44, 0, 0),
(6, 45, 0, 0),
(6, 46, 0, 0),
(6, 47, 0, 0),
(2, 48, 0, 0),
(2, 49, 0, 0),
(4, 48, 0, 0),
(2, 50, 0, 0),
(2, 59, 0, 0),
(2, 64, 0, 0),
(2, 114, 0, 0),
(2, 117, 0, 0),
(2, 115, 0, 0),
(2, 116, 0, 0);

-- --------------------------------------------------------

--
-- Структура таблицы `phpbb_user_notifications`
--

CREATE TABLE IF NOT EXISTS `phpbb_user_notifications` (
  `item_type` varchar(255) COLLATE utf8_bin NOT NULL DEFAULT '',
  `item_id` mediumint(8) unsigned NOT NULL DEFAULT '0',
  `user_id` mediumint(8) unsigned NOT NULL DEFAULT '0',
  `method` varchar(255) COLLATE utf8_bin NOT NULL DEFAULT '',
  `notify` tinyint(1) unsigned NOT NULL DEFAULT '1'
) ENGINE=MyISAM DEFAULT CHARSET=utf8 COLLATE=utf8_bin;

--
-- Дамп данных таблицы `phpbb_user_notifications`
--

INSERT INTO `phpbb_user_notifications` (`item_type`, `item_id`, `user_id`, `method`, `notify`) VALUES
('notification.type.post', 0, 2, '', 1),
('notification.type.post', 0, 2, 'notification.method.email', 1),
('notification.type.topic', 0, 2, '', 1),
('notification.type.topic', 0, 2, 'notification.method.email', 1),
('notification.type.post', 0, 3, '', 1),
('notification.type.post', 0, 3, 'notification.method.email', 1),
('notification.type.topic', 0, 3, '', 1),
('notification.type.topic', 0, 3, 'notification.method.email', 1),
('notification.type.post', 0, 4, '', 1),
('notification.type.post', 0, 4, 'notification.method.email', 1),
('notification.type.topic', 0, 4, '', 1),
('notification.type.topic', 0, 4, 'notification.method.email', 1),
('notification.type.post', 0, 5, '', 1),
('notification.type.post', 0, 5, 'notification.method.email', 1),
('notification.type.topic', 0, 5, '', 1),
('notification.type.topic', 0, 5, 'notification.method.email', 1),
('notification.type.post', 0, 6, '', 1),
('notification.type.post', 0, 6, 'notification.method.email', 1),
('notification.type.topic', 0, 6, '', 1),
('notification.type.topic', 0, 6, 'notification.method.email', 1),
('notification.type.post', 0, 7, '', 1),
('notification.type.post', 0, 7, 'notification.method.email', 1),
('notification.type.topic', 0, 7, '', 1),
('notification.type.topic', 0, 7, 'notification.method.email', 1),
('notification.type.post', 0, 8, '', 1),
('notification.type.post', 0, 8, 'notification.method.email', 1),
('notification.type.topic', 0, 8, '', 1),
('notification.type.topic', 0, 8, 'notification.method.email', 1),
('notification.type.post', 0, 9, '', 1),
('notification.type.post', 0, 9, 'notification.method.email', 1),
('notification.type.topic', 0, 9, '', 1),
('notification.type.topic', 0, 9, 'notification.method.email', 1),
('notification.type.post', 0, 10, '', 1),
('notification.type.post', 0, 10, 'notification.method.email', 1),
('notification.type.topic', 0, 10, '', 1),
('notification.type.topic', 0, 10, 'notification.method.email', 1),
('notification.type.post', 0, 11, '', 1),
('notification.type.post', 0, 11, 'notification.method.email', 1),
('notification.type.topic', 0, 11, '', 1),
('notification.type.topic', 0, 11, 'notification.method.email', 1),
('notification.type.post', 0, 12, '', 1),
('notification.type.post', 0, 12, 'notification.method.email', 1),
('notification.type.topic', 0, 12, '', 1),
('notification.type.topic', 0, 12, 'notification.method.email', 1),
('notification.type.post', 0, 13, '', 1),
('notification.type.post', 0, 13, 'notification.method.email', 1),
('notification.type.topic', 0, 13, '', 1),
('notification.type.topic', 0, 13, 'notification.method.email', 1),
('notification.type.post', 0, 14, '', 1),
('notification.type.post', 0, 14, 'notification.method.email', 1),
('notification.type.topic', 0, 14, '', 1),
('notification.type.topic', 0, 14, 'notification.method.email', 1),
('notification.type.post', 0, 15, '', 1),
('notification.type.post', 0, 15, 'notification.method.email', 1),
('notification.type.topic', 0, 15, '', 1),
('notification.type.topic', 0, 15, 'notification.method.email', 1),
('notification.type.post', 0, 16, '', 1),
('notification.type.post', 0, 16, 'notification.method.email', 1),
('notification.type.topic', 0, 16, '', 1),
('notification.type.topic', 0, 16, 'notification.method.email', 1),
('notification.type.post', 0, 17, '', 1),
('notification.type.post', 0, 17, 'notification.method.email', 1),
('notification.type.topic', 0, 17, '', 1),
('notification.type.topic', 0, 17, 'notification.method.email', 1),
('notification.type.post', 0, 18, '', 1),
('notification.type.post', 0, 18, 'notification.method.email', 1),
('notification.type.topic', 0, 18, '', 1),
('notification.type.topic', 0, 18, 'notification.method.email', 1),
('notification.type.post', 0, 19, '', 1),
('notification.type.post', 0, 19, 'notification.method.email', 1),
('notification.type.topic', 0, 19, '', 1),
('notification.type.topic', 0, 19, 'notification.method.email', 1),
('notification.type.post', 0, 20, '', 1),
('notification.type.post', 0, 20, 'notification.method.email', 1),
('notification.type.topic', 0, 20, '', 1),
('notification.type.topic', 0, 20, 'notification.method.email', 1),
('notification.type.post', 0, 21, '', 1),
('notification.type.post', 0, 21, 'notification.method.email', 1),
('notification.type.topic', 0, 21, '', 1),
('notification.type.topic', 0, 21, 'notification.method.email', 1),
('notification.type.post', 0, 22, '', 1),
('notification.type.post', 0, 22, 'notification.method.email', 1),
('notification.type.topic', 0, 22, '', 1),
('notification.type.topic', 0, 22, 'notification.method.email', 1),
('notification.type.post', 0, 23, '', 1),
('notification.type.post', 0, 23, 'notification.method.email', 1),
('notification.type.topic', 0, 23, '', 1),
('notification.type.topic', 0, 23, 'notification.method.email', 1),
('notification.type.post', 0, 24, '', 1),
('notification.type.post', 0, 24, 'notification.method.email', 1),
('notification.type.topic', 0, 24, '', 1),
('notification.type.topic', 0, 24, 'notification.method.email', 1),
('notification.type.post', 0, 25, '', 1),
('notification.type.post', 0, 25, 'notification.method.email', 1),
('notification.type.topic', 0, 25, '', 1),
('notification.type.topic', 0, 25, 'notification.method.email', 1),
('notification.type.post', 0, 26, '', 1),
('notification.type.post', 0, 26, 'notification.method.email', 1),
('notification.type.topic', 0, 26, '', 1),
('notification.type.topic', 0, 26, 'notification.method.email', 1),
('notification.type.post', 0, 27, '', 1),
('notification.type.post', 0, 27, 'notification.method.email', 1),
('notification.type.topic', 0, 27, '', 1),
('notification.type.topic', 0, 27, 'notification.method.email', 1),
('notification.type.post', 0, 28, '', 1),
('notification.type.post', 0, 28, 'notification.method.email', 1),
('notification.type.topic', 0, 28, '', 1),
('notification.type.topic', 0, 28, 'notification.method.email', 1),
('notification.type.post', 0, 29, '', 1),
('notification.type.post', 0, 29, 'notification.method.email', 1),
('notification.type.topic', 0, 29, '', 1),
('notification.type.topic', 0, 29, 'notification.method.email', 1),
('notification.type.post', 0, 30, '', 1),
('notification.type.post', 0, 30, 'notification.method.email', 1),
('notification.type.topic', 0, 30, '', 1),
('notification.type.topic', 0, 30, 'notification.method.email', 1),
('notification.type.post', 0, 31, '', 1),
('notification.type.post', 0, 31, 'notification.method.email', 1),
('notification.type.topic', 0, 31, '', 1),
('notification.type.topic', 0, 31, 'notification.method.email', 1),
('notification.type.post', 0, 32, '', 1),
('notification.type.post', 0, 32, 'notification.method.email', 1),
('notification.type.topic', 0, 32, '', 1),
('notification.type.topic', 0, 32, 'notification.method.email', 1),
('notification.type.post', 0, 33, '', 1),
('notification.type.post', 0, 33, 'notification.method.email', 1),
('notification.type.topic', 0, 33, '', 1),
('notification.type.topic', 0, 33, 'notification.method.email', 1),
('notification.type.post', 0, 34, '', 1),
('notification.type.post', 0, 34, 'notification.method.email', 1),
('notification.type.topic', 0, 34, '', 1),
('notification.type.topic', 0, 34, 'notification.method.email', 1),
('notification.type.post', 0, 35, '', 1),
('notification.type.post', 0, 35, 'notification.method.email', 1),
('notification.type.topic', 0, 35, '', 1),
('notification.type.topic', 0, 35, 'notification.method.email', 1),
('notification.type.post', 0, 36, '', 1),
('notification.type.post', 0, 36, 'notification.method.email', 1),
('notification.type.topic', 0, 36, '', 1),
('notification.type.topic', 0, 36, 'notification.method.email', 1),
('notification.type.post', 0, 37, '', 1),
('notification.type.post', 0, 37, 'notification.method.email', 1),
('notification.type.topic', 0, 37, '', 1),
('notification.type.topic', 0, 37, 'notification.method.email', 1),
('notification.type.post', 0, 38, '', 1),
('notification.type.post', 0, 38, 'notification.method.email', 1),
('notification.type.topic', 0, 38, '', 1),
('notification.type.topic', 0, 38, 'notification.method.email', 1),
('notification.type.post', 0, 39, '', 1),
('notification.type.post', 0, 39, 'notification.method.email', 1),
('notification.type.topic', 0, 39, '', 1),
('notification.type.topic', 0, 39, 'notification.method.email', 1),
('notification.type.post', 0, 40, '', 1),
('notification.type.post', 0, 40, 'notification.method.email', 1),
('notification.type.topic', 0, 40, '', 1),
('notification.type.topic', 0, 40, 'notification.method.email', 1),
('notification.type.post', 0, 41, '', 1),
('notification.type.post', 0, 41, 'notification.method.email', 1),
('notification.type.topic', 0, 41, '', 1),
('notification.type.topic', 0, 41, 'notification.method.email', 1),
('notification.type.post', 0, 42, '', 1),
('notification.type.post', 0, 42, 'notification.method.email', 1),
('notification.type.topic', 0, 42, '', 1),
('notification.type.topic', 0, 42, 'notification.method.email', 1),
('notification.type.post', 0, 43, '', 1),
('notification.type.post', 0, 43, 'notification.method.email', 1),
('notification.type.topic', 0, 43, '', 1),
('notification.type.topic', 0, 43, 'notification.method.email', 1),
('notification.type.post', 0, 44, '', 1),
('notification.type.post', 0, 44, 'notification.method.email', 1),
('notification.type.topic', 0, 44, '', 1),
('notification.type.topic', 0, 44, 'notification.method.email', 1),
('notification.type.post', 0, 45, '', 1),
('notification.type.post', 0, 45, 'notification.method.email', 1),
('notification.type.topic', 0, 45, '', 1),
('notification.type.topic', 0, 45, 'notification.method.email', 1),
('notification.type.post', 0, 46, '', 1),
('notification.type.post', 0, 46, 'notification.method.email', 1),
('notification.type.topic', 0, 46, '', 1),
('notification.type.topic', 0, 46, 'notification.method.email', 1),
('notification.type.post', 0, 47, '', 1),
('notification.type.post', 0, 47, 'notification.method.email', 1),
('notification.type.topic', 0, 47, '', 1),
('notification.type.topic', 0, 47, 'notification.method.email', 1),
('notification.type.post', 0, 48, '', 1),
('notification.type.post', 0, 48, 'notification.method.email', 1),
('notification.type.topic', 0, 48, '', 1),
('notification.type.topic', 0, 48, 'notification.method.email', 1),
('notification.type.post', 0, 49, '', 1),
('notification.type.post', 0, 49, 'notification.method.email', 1),
('notification.type.topic', 0, 49, '', 1),
('notification.type.topic', 0, 49, 'notification.method.email', 1),
('notification.type.post', 0, 50, '', 1),
('notification.type.post', 0, 50, 'notification.method.email', 1),
('notification.type.topic', 0, 50, '', 1),
('notification.type.topic', 0, 50, 'notification.method.email', 1),
('notification.type.post', 0, 51, '', 1),
('notification.type.post', 0, 51, 'notification.method.email', 1),
('notification.type.topic', 0, 51, '', 1),
('notification.type.topic', 0, 51, 'notification.method.email', 1),
('notification.type.post', 0, 52, '', 1),
('notification.type.post', 0, 52, 'notification.method.email', 1),
('notification.type.topic', 0, 52, '', 1),
('notification.type.topic', 0, 52, 'notification.method.email', 1),
('notification.type.post', 0, 53, '', 1),
('notification.type.post', 0, 53, 'notification.method.email', 1),
('notification.type.topic', 0, 53, '', 1),
('notification.type.topic', 0, 53, 'notification.method.email', 1),
('notification.type.post', 0, 54, '', 1),
('notification.type.post', 0, 54, 'notification.method.email', 1),
('notification.type.topic', 0, 54, '', 1),
('notification.type.topic', 0, 54, 'notification.method.email', 1),
('notification.type.post', 0, 55, '', 1),
('notification.type.post', 0, 55, 'notification.method.email', 1),
('notification.type.topic', 0, 55, '', 1),
('notification.type.topic', 0, 55, 'notification.method.email', 1),
('notification.type.post', 0, 56, '', 1),
('notification.type.post', 0, 56, 'notification.method.email', 1),
('notification.type.topic', 0, 56, '', 1),
('notification.type.topic', 0, 56, 'notification.method.email', 1),
('notification.type.post', 0, 57, '', 1),
('notification.type.post', 0, 57, 'notification.method.email', 1),
('notification.type.topic', 0, 57, '', 1),
('notification.type.topic', 0, 57, 'notification.method.email', 1),
('notification.type.post', 0, 58, '', 1),
('notification.type.post', 0, 58, 'notification.method.email', 1),
('notification.type.topic', 0, 58, '', 1),
('notification.type.topic', 0, 58, 'notification.method.email', 1),
('notification.type.post', 0, 59, '', 1),
('notification.type.post', 0, 59, 'notification.method.email', 1),
('notification.type.topic', 0, 59, '', 1),
('notification.type.topic', 0, 59, 'notification.method.email', 1),
('notification.type.post', 0, 60, '', 1),
('notification.type.post', 0, 60, 'notification.method.email', 1),
('notification.type.topic', 0, 60, '', 1),
('notification.type.topic', 0, 60, 'notification.method.email', 1),
('notification.type.post', 0, 61, '', 1),
('notification.type.post', 0, 61, 'notification.method.email', 1),
('notification.type.topic', 0, 61, '', 1),
('notification.type.topic', 0, 61, 'notification.method.email', 1),
('notification.type.post', 0, 62, '', 1),
('notification.type.post', 0, 62, 'notification.method.email', 1),
('notification.type.topic', 0, 62, '', 1),
('notification.type.topic', 0, 62, 'notification.method.email', 1),
('notification.type.post', 0, 63, '', 1),
('notification.type.post', 0, 63, 'notification.method.email', 1),
('notification.type.topic', 0, 63, '', 1),
('notification.type.topic', 0, 63, 'notification.method.email', 1),
('notification.type.post', 0, 64, '', 1),
('notification.type.post', 0, 64, 'notification.method.email', 1),
('notification.type.topic', 0, 64, '', 1),
('notification.type.topic', 0, 64, 'notification.method.email', 1),
('notification.type.post', 0, 65, '', 1),
('notification.type.post', 0, 65, 'notification.method.email', 1),
('notification.type.topic', 0, 65, '', 1),
('notification.type.topic', 0, 65, 'notification.method.email', 1),
('notification.type.post', 0, 66, '', 1),
('notification.type.post', 0, 66, 'notification.method.email', 1),
('notification.type.topic', 0, 66, '', 1),
('notification.type.topic', 0, 66, 'notification.method.email', 1),
('notification.type.post', 0, 67, '', 1),
('notification.type.post', 0, 67, 'notification.method.email', 1),
('notification.type.topic', 0, 67, '', 1),
('notification.type.topic', 0, 67, 'notification.method.email', 1),
('notification.type.post', 0, 68, '', 1),
('notification.type.post', 0, 68, 'notification.method.email', 1),
('notification.type.topic', 0, 68, '', 1),
('notification.type.topic', 0, 68, 'notification.method.email', 1),
('notification.type.post', 0, 69, '', 1),
('notification.type.post', 0, 69, 'notification.method.email', 1),
('notification.type.topic', 0, 69, '', 1),
('notification.type.topic', 0, 69, 'notification.method.email', 1),
('notification.type.post', 0, 70, '', 1),
('notification.type.post', 0, 70, 'notification.method.email', 1),
('notification.type.topic', 0, 70, '', 1),
('notification.type.topic', 0, 70, 'notification.method.email', 1),
('notification.type.post', 0, 71, '', 1),
('notification.type.post', 0, 71, 'notification.method.email', 1),
('notification.type.topic', 0, 71, '', 1),
('notification.type.topic', 0, 71, 'notification.method.email', 1),
('notification.type.post', 0, 72, '', 1),
('notification.type.post', 0, 72, 'notification.method.email', 1),
('notification.type.topic', 0, 72, '', 1),
('notification.type.topic', 0, 72, 'notification.method.email', 1),
('notification.type.post', 0, 73, '', 1),
('notification.type.post', 0, 73, 'notification.method.email', 1),
('notification.type.topic', 0, 73, '', 1),
('notification.type.topic', 0, 73, 'notification.method.email', 1),
('notification.type.post', 0, 74, '', 1),
('notification.type.post', 0, 74, 'notification.method.email', 1),
('notification.type.topic', 0, 74, '', 1),
('notification.type.topic', 0, 74, 'notification.method.email', 1),
('notification.type.post', 0, 75, '', 1),
('notification.type.post', 0, 75, 'notification.method.email', 1),
('notification.type.topic', 0, 75, '', 1),
('notification.type.topic', 0, 75, 'notification.method.email', 1),
('notification.type.post', 0, 76, '', 1),
('notification.type.post', 0, 76, 'notification.method.email', 1),
('notification.type.topic', 0, 76, '', 1),
('notification.type.topic', 0, 76, 'notification.method.email', 1),
('notification.type.post', 0, 77, '', 1),
('notification.type.post', 0, 77, 'notification.method.email', 1),
('notification.type.topic', 0, 77, '', 1),
('notification.type.topic', 0, 77, 'notification.method.email', 1),
('notification.type.post', 0, 78, '', 1),
('notification.type.post', 0, 78, 'notification.method.email', 1),
('notification.type.topic', 0, 78, '', 1),
('notification.type.topic', 0, 78, 'notification.method.email', 1),
('notification.type.post', 0, 79, '', 1),
('notification.type.post', 0, 79, 'notification.method.email', 1),
('notification.type.topic', 0, 79, '', 1),
('notification.type.topic', 0, 79, 'notification.method.email', 1),
('notification.type.post', 0, 80, '', 1),
('notification.type.post', 0, 80, 'notification.method.email', 1),
('notification.type.topic', 0, 80, '', 1),
('notification.type.topic', 0, 80, 'notification.method.email', 1),
('notification.type.post', 0, 81, '', 1),
('notification.type.post', 0, 81, 'notification.method.email', 1),
('notification.type.topic', 0, 81, '', 1),
('notification.type.topic', 0, 81, 'notification.method.email', 1),
('notification.type.post', 0, 82, '', 1),
('notification.type.post', 0, 82, 'notification.method.email', 1),
('notification.type.topic', 0, 82, '', 1),
('notification.type.topic', 0, 82, 'notification.method.email', 1),
('notification.type.post', 0, 83, '', 1),
('notification.type.post', 0, 83, 'notification.method.email', 1),
('notification.type.topic', 0, 83, '', 1),
('notification.type.topic', 0, 83, 'notification.method.email', 1),
('notification.type.post', 0, 84, '', 1),
('notification.type.post', 0, 84, 'notification.method.email', 1),
('notification.type.topic', 0, 84, '', 1),
('notification.type.topic', 0, 84, 'notification.method.email', 1),
('notification.type.post', 0, 85, '', 1),
('notification.type.post', 0, 85, 'notification.method.email', 1),
('notification.type.topic', 0, 85, '', 1),
('notification.type.topic', 0, 85, 'notification.method.email', 1),
('notification.type.post', 0, 86, '', 1),
('notification.type.post', 0, 86, 'notification.method.email', 1),
('notification.type.topic', 0, 86, '', 1),
('notification.type.topic', 0, 86, 'notification.method.email', 1),
('notification.type.post', 0, 87, '', 1),
('notification.type.post', 0, 87, 'notification.method.email', 1),
('notification.type.topic', 0, 87, '', 1),
('notification.type.topic', 0, 87, 'notification.method.email', 1),
('notification.type.post', 0, 88, '', 1),
('notification.type.post', 0, 88, 'notification.method.email', 1),
('notification.type.topic', 0, 88, '', 1),
('notification.type.topic', 0, 88, 'notification.method.email', 1),
('notification.type.post', 0, 89, '', 1),
('notification.type.post', 0, 89, 'notification.method.email', 1),
('notification.type.topic', 0, 89, '', 1),
('notification.type.topic', 0, 89, 'notification.method.email', 1),
('notification.type.post', 0, 90, '', 1),
('notification.type.post', 0, 90, 'notification.method.email', 1),
('notification.type.topic', 0, 90, '', 1),
('notification.type.topic', 0, 90, 'notification.method.email', 1),
('notification.type.post', 0, 91, '', 1),
('notification.type.post', 0, 91, 'notification.method.email', 1),
('notification.type.topic', 0, 91, '', 1),
('notification.type.topic', 0, 91, 'notification.method.email', 1),
('notification.type.post', 0, 92, '', 1),
('notification.type.post', 0, 92, 'notification.method.email', 1),
('notification.type.topic', 0, 92, '', 1),
('notification.type.topic', 0, 92, 'notification.method.email', 1),
('notification.type.post', 0, 93, '', 1),
('notification.type.post', 0, 93, 'notification.method.email', 1),
('notification.type.topic', 0, 93, '', 1),
('notification.type.topic', 0, 93, 'notification.method.email', 1),
('notification.type.post', 0, 94, '', 1),
('notification.type.post', 0, 94, 'notification.method.email', 1),
('notification.type.topic', 0, 94, '', 1),
('notification.type.topic', 0, 94, 'notification.method.email', 1),
('notification.type.post', 0, 95, '', 1),
('notification.type.post', 0, 95, 'notification.method.email', 1),
('notification.type.topic', 0, 95, '', 1),
('notification.type.topic', 0, 95, 'notification.method.email', 1),
('notification.type.post', 0, 96, '', 1),
('notification.type.post', 0, 96, 'notification.method.email', 1),
('notification.type.topic', 0, 96, '', 1),
('notification.type.topic', 0, 96, 'notification.method.email', 1),
('notification.type.post', 0, 97, '', 1),
('notification.type.post', 0, 97, 'notification.method.email', 1),
('notification.type.topic', 0, 97, '', 1),
('notification.type.topic', 0, 97, 'notification.method.email', 1),
('notification.type.post', 0, 98, '', 1),
('notification.type.post', 0, 98, 'notification.method.email', 1),
('notification.type.topic', 0, 98, '', 1),
('notification.type.topic', 0, 98, 'notification.method.email', 1),
('notification.type.post', 0, 99, '', 1),
('notification.type.post', 0, 99, 'notification.method.email', 1),
('notification.type.topic', 0, 99, '', 1),
('notification.type.topic', 0, 99, 'notification.method.email', 1),
('notification.type.post', 0, 100, '', 1),
('notification.type.post', 0, 100, 'notification.method.email', 1),
('notification.type.topic', 0, 100, '', 1),
('notification.type.topic', 0, 100, 'notification.method.email', 1),
('notification.type.post', 0, 101, '', 1),
('notification.type.post', 0, 101, 'notification.method.email', 1),
('notification.type.topic', 0, 101, '', 1),
('notification.type.topic', 0, 101, 'notification.method.email', 1),
('notification.type.post', 0, 102, '', 1),
('notification.type.post', 0, 102, 'notification.method.email', 1),
('notification.type.topic', 0, 102, '', 1),
('notification.type.topic', 0, 102, 'notification.method.email', 1),
('notification.type.post', 0, 103, '', 1),
('notification.type.post', 0, 103, 'notification.method.email', 1),
('notification.type.topic', 0, 103, '', 1),
('notification.type.topic', 0, 103, 'notification.method.email', 1),
('notification.type.post', 0, 104, '', 1),
('notification.type.post', 0, 104, 'notification.method.email', 1),
('notification.type.topic', 0, 104, '', 1),
('notification.type.topic', 0, 104, 'notification.method.email', 1),
('notification.type.post', 0, 105, '', 1),
('notification.type.post', 0, 105, 'notification.method.email', 1),
('notification.type.topic', 0, 105, '', 1),
('notification.type.topic', 0, 105, 'notification.method.email', 1),
('notification.type.post', 0, 106, '', 1),
('notification.type.post', 0, 106, 'notification.method.email', 1),
('notification.type.topic', 0, 106, '', 1),
('notification.type.topic', 0, 106, 'notification.method.email', 1),
('notification.type.post', 0, 107, '', 1),
('notification.type.post', 0, 107, 'notification.method.email', 1),
('notification.type.topic', 0, 107, '', 1),
('notification.type.topic', 0, 107, 'notification.method.email', 1),
('notification.type.post', 0, 108, '', 1),
('notification.type.post', 0, 108, 'notification.method.email', 1),
('notification.type.topic', 0, 108, '', 1),
('notification.type.topic', 0, 108, 'notification.method.email', 1),
('notification.type.post', 0, 109, '', 1),
('notification.type.post', 0, 109, 'notification.method.email', 1),
('notification.type.topic', 0, 109, '', 1),
('notification.type.topic', 0, 109, 'notification.method.email', 1),
('notification.type.post', 0, 110, '', 1),
('notification.type.post', 0, 110, 'notification.method.email', 1),
('notification.type.topic', 0, 110, '', 1),
('notification.type.topic', 0, 110, 'notification.method.email', 1),
('notification.type.post', 0, 111, '', 1),
('notification.type.post', 0, 111, 'notification.method.email', 1),
('notification.type.topic', 0, 111, '', 1),
('notification.type.topic', 0, 111, 'notification.method.email', 1),
('notification.type.post', 0, 112, '', 1),
('notification.type.post', 0, 112, 'notification.method.email', 1),
('notification.type.topic', 0, 112, '', 1),
('notification.type.topic', 0, 112, 'notification.method.email', 1),
('notification.type.post', 0, 113, '', 1),
('notification.type.post', 0, 113, 'notification.method.email', 1),
('notification.type.topic', 0, 113, '', 1),
('notification.type.topic', 0, 113, 'notification.method.email', 1),
('notification.type.post', 0, 114, '', 1),
('notification.type.post', 0, 114, 'notification.method.email', 1),
('notification.type.topic', 0, 114, '', 1),
('notification.type.topic', 0, 114, 'notification.method.email', 1),
('notification.type.post', 0, 115, '', 1),
('notification.type.post', 0, 115, 'notification.method.email', 1),
('notification.type.topic', 0, 115, '', 1),
('notification.type.topic', 0, 115, 'notification.method.email', 1),
('notification.type.post', 0, 116, '', 1),
('notification.type.post', 0, 116, 'notification.method.email', 1),
('notification.type.topic', 0, 116, '', 1),
('notification.type.topic', 0, 116, 'notification.method.email', 1),
('notification.type.post', 0, 117, '', 1),
('notification.type.post', 0, 117, 'notification.method.email', 1),
('notification.type.topic', 0, 117, '', 1),
('notification.type.topic', 0, 117, 'notification.method.email', 1);

-- --------------------------------------------------------

--
-- Структура таблицы `phpbb_users`
--

CREATE TABLE IF NOT EXISTS `phpbb_users` (
  `user_id` mediumint(8) unsigned NOT NULL AUTO_INCREMENT,
  `user_type` tinyint(2) NOT NULL DEFAULT '0',
  `group_id` mediumint(8) unsigned NOT NULL DEFAULT '3',
  `user_permissions` mediumtext COLLATE utf8_bin NOT NULL,
  `user_perm_from` mediumint(8) unsigned NOT NULL DEFAULT '0',
  `user_ip` varchar(40) COLLATE utf8_bin NOT NULL DEFAULT '',
  `user_regdate` int(11) unsigned NOT NULL DEFAULT '0',
  `username` varchar(255) COLLATE utf8_bin NOT NULL DEFAULT '',
  `username_clean` varchar(255) COLLATE utf8_bin NOT NULL DEFAULT '',
  `user_password` varchar(255) COLLATE utf8_bin NOT NULL DEFAULT '',
  `user_passchg` int(11) unsigned NOT NULL DEFAULT '0',
  `user_email` varchar(100) COLLATE utf8_bin NOT NULL DEFAULT '',
  `user_email_hash` bigint(20) NOT NULL DEFAULT '0',
  `user_birthday` varchar(10) COLLATE utf8_bin NOT NULL DEFAULT '',
  `user_lastvisit` int(11) unsigned NOT NULL DEFAULT '0',
  `user_lastmark` int(11) unsigned NOT NULL DEFAULT '0',
  `user_lastpost_time` int(11) unsigned NOT NULL DEFAULT '0',
  `user_lastpage` varchar(200) COLLATE utf8_bin NOT NULL DEFAULT '',
  `user_last_confirm_key` varchar(10) COLLATE utf8_bin NOT NULL DEFAULT '',
  `user_last_search` int(11) unsigned NOT NULL DEFAULT '0',
  `user_warnings` tinyint(4) NOT NULL DEFAULT '0',
  `user_last_warning` int(11) unsigned NOT NULL DEFAULT '0',
  `user_login_attempts` tinyint(4) NOT NULL DEFAULT '0',
  `user_inactive_reason` tinyint(2) NOT NULL DEFAULT '0',
  `user_inactive_time` int(11) unsigned NOT NULL DEFAULT '0',
  `user_posts` mediumint(8) unsigned NOT NULL DEFAULT '0',
  `user_lang` varchar(30) COLLATE utf8_bin NOT NULL DEFAULT '',
  `user_timezone` varchar(100) COLLATE utf8_bin NOT NULL DEFAULT '',
  `user_dateformat` varchar(30) COLLATE utf8_bin NOT NULL DEFAULT 'd M Y H:i',
  `user_style` mediumint(8) unsigned NOT NULL DEFAULT '0',
  `user_rank` mediumint(8) unsigned NOT NULL DEFAULT '0',
  `user_colour` varchar(6) COLLATE utf8_bin NOT NULL DEFAULT '',
  `user_new_privmsg` int(4) NOT NULL DEFAULT '0',
  `user_unread_privmsg` int(4) NOT NULL DEFAULT '0',
  `user_last_privmsg` int(11) unsigned NOT NULL DEFAULT '0',
  `user_message_rules` tinyint(1) unsigned NOT NULL DEFAULT '0',
  `user_full_folder` int(11) NOT NULL DEFAULT '-3',
  `user_emailtime` int(11) unsigned NOT NULL DEFAULT '0',
  `user_topic_show_days` smallint(4) unsigned NOT NULL DEFAULT '0',
  `user_topic_sortby_type` varchar(1) COLLATE utf8_bin NOT NULL DEFAULT 't',
  `user_topic_sortby_dir` varchar(1) COLLATE utf8_bin NOT NULL DEFAULT 'd',
  `user_post_show_days` smallint(4) unsigned NOT NULL DEFAULT '0',
  `user_post_sortby_type` varchar(1) COLLATE utf8_bin NOT NULL DEFAULT 't',
  `user_post_sortby_dir` varchar(1) COLLATE utf8_bin NOT NULL DEFAULT 'a',
  `user_notify` tinyint(1) unsigned NOT NULL DEFAULT '0',
  `user_notify_pm` tinyint(1) unsigned NOT NULL DEFAULT '1',
  `user_notify_type` tinyint(4) NOT NULL DEFAULT '0',
  `user_allow_pm` tinyint(1) unsigned NOT NULL DEFAULT '1',
  `user_allow_viewonline` tinyint(1) unsigned NOT NULL DEFAULT '1',
  `user_allow_viewemail` tinyint(1) unsigned NOT NULL DEFAULT '1',
  `user_allow_massemail` tinyint(1) unsigned NOT NULL DEFAULT '1',
  `user_options` int(11) unsigned NOT NULL DEFAULT '230271',
  `user_avatar` varchar(255) COLLATE utf8_bin NOT NULL DEFAULT '',
  `user_avatar_type` varchar(255) COLLATE utf8_bin NOT NULL DEFAULT '',
  `user_avatar_width` smallint(4) unsigned NOT NULL DEFAULT '0',
  `user_avatar_height` smallint(4) unsigned NOT NULL DEFAULT '0',
  `user_sig` mediumtext COLLATE utf8_bin NOT NULL,
  `user_sig_bbcode_uid` varchar(8) COLLATE utf8_bin NOT NULL DEFAULT '',
  `user_sig_bbcode_bitfield` varchar(255) COLLATE utf8_bin NOT NULL DEFAULT '',
  `user_jabber` varchar(255) COLLATE utf8_bin NOT NULL DEFAULT '',
  `user_actkey` varchar(32) COLLATE utf8_bin NOT NULL DEFAULT '',
  `user_newpasswd` varchar(255) COLLATE utf8_bin NOT NULL DEFAULT '',
  `user_form_salt` varchar(32) COLLATE utf8_bin NOT NULL DEFAULT '',
  `user_new` tinyint(1) unsigned NOT NULL DEFAULT '1',
  `user_reminded` tinyint(4) NOT NULL DEFAULT '0',
  `user_reminded_time` int(11) unsigned NOT NULL DEFAULT '0',
  `user_left_blocks` varchar(255) COLLATE utf8_bin NOT NULL DEFAULT '',
  `user_center_blocks` varchar(255) COLLATE utf8_bin NOT NULL DEFAULT '',
  `user_right_blocks` varchar(255) COLLATE utf8_bin NOT NULL DEFAULT '',
  PRIMARY KEY (`user_id`),
  UNIQUE KEY `username_clean` (`username_clean`),
  KEY `user_birthday` (`user_birthday`),
  KEY `user_email_hash` (`user_email_hash`),
  KEY `user_type` (`user_type`)
) ENGINE=MyISAM  DEFAULT CHARSET=utf8 COLLATE=utf8_bin AUTO_INCREMENT=118 ;

--
-- Дамп данных таблицы `phpbb_users`
--

INSERT INTO `phpbb_users` (`user_id`, `user_type`, `group_id`, `user_permissions`, `user_perm_from`, `user_ip`, `user_regdate`, `username`, `username_clean`, `user_password`, `user_passchg`, `user_email`, `user_email_hash`, `user_birthday`, `user_lastvisit`, `user_lastmark`, `user_lastpost_time`, `user_lastpage`, `user_last_confirm_key`, `user_last_search`, `user_warnings`, `user_last_warning`, `user_login_attempts`, `user_inactive_reason`, `user_inactive_time`, `user_posts`, `user_lang`, `user_timezone`, `user_dateformat`, `user_style`, `user_rank`, `user_colour`, `user_new_privmsg`, `user_unread_privmsg`, `user_last_privmsg`, `user_message_rules`, `user_full_folder`, `user_emailtime`, `user_topic_show_days`, `user_topic_sortby_type`, `user_topic_sortby_dir`, `user_post_show_days`, `user_post_sortby_type`, `user_post_sortby_dir`, `user_notify`, `user_notify_pm`, `user_notify_type`, `user_allow_pm`, `user_allow_viewonline`, `user_allow_viewemail`, `user_allow_massemail`, `user_options`, `user_avatar`, `user_avatar_type`, `user_avatar_width`, `user_avatar_height`, `user_sig`, `user_sig_bbcode_uid`, `user_sig_bbcode_bitfield`, `user_jabber`, `user_actkey`, `user_newpasswd`, `user_form_salt`, `user_new`, `user_reminded`, `user_reminded_time`, `user_left_blocks`, `user_center_blocks`, `user_right_blocks`) VALUES
(1, 2, 1, '00000000000w27wrgg\ni1cjyo000000\ni1cjyo000000\ni1cjyo000000\ni1cjyo000000\ni1cjyo000000\ni1cjyo000000\ni1cjyo000000', 0, '', 1435523269, 'Anonymous', 'anonymous', '', 0, '', 0, '', 0, 0, 0, '', '3OH4HYP7AI', 1440060224, 0, 0, 0, 0, 0, 0, 'en', '', 'd M Y H:i', 3, 0, '', 0, 0, 0, 0, -3, 0, 0, 't', 'd', 0, 't', 'a', 0, 1, 0, 1, 1, 1, 0, 230271, '', '', 0, 0, '', '', '', '', '', '', '42156553530d8b28', 1, 0, 0, '', '', ''),
(2, 3, 5, 'zik0zjzik0zjzik0zi\ni1cjyo000000\nzik0zjzi8sg0\nzik0zjzi8sg0\nzik0zjzi8sg0\ni1cjyo000000\nzik0zjzi8sg0\nzik0zjzi8sg0', 0, '195.135.239.4', 1435523269, 'Syrax', 'syrax', '$2y$10$lrTNYbgJzZy7j.7Tt5yghOSd1aVTlwGiWO7GcW95eg6rIwn4nvZsi', 1445587484, 'rm2kfiles@ya.ru', 163063789915, '17- 5-1991', 1445609465, 1435529394, 1440748550, 'posting.php?f=4&mode=post', '', 1435573561, 0, 0, 0, 0, 0, 10, 'ru', '', '|d M Y|, H:i', 1, 1, 'AA0000', 0, 0, 0, 0, -3, 0, 0, 't', 'd', 0, 't', 'a', 0, 1, 0, 1, 1, 1, 1, 230271, '2_1435571436.jpg', 'avatar.driver.upload', 110, 118, '[i:35y7r2tv]Я знаю, как лучше.[/i:35y7r2tv]', '35y7r2tv', 'IA==', '', '', '', '9e703e594dd961cf', 1, 0, 0, '', '', ''),
(3, 2, 6, '', 0, '', 1435523275, 'AdsBot [Google]', 'adsbot [google]', '', 1435523275, '', 0, '', 0, 1435523275, 0, '', '', 0, 0, 0, 0, 0, 0, 0, 'ru', 'UTC', '|d M Y|, H:i', 1, 0, '9E8DA7', 0, 0, 0, 0, -3, 0, 0, 't', 'd', 0, 't', 'a', 0, 1, 0, 0, 1, 1, 0, 230271, '', '', 0, 0, '', '', '', '', '', '', 'c77d24cfa4f8d337', 0, 0, 0, '', '', ''),
(4, 2, 6, '', 0, '', 1435523275, 'Alexa [Bot]', 'alexa [bot]', '', 1435523275, '', 0, '', 0, 1435523275, 0, '', '', 0, 0, 0, 0, 0, 0, 0, 'ru', 'UTC', '|d M Y|, H:i', 1, 0, '9E8DA7', 0, 0, 0, 0, -3, 0, 0, 't', 'd', 0, 't', 'a', 0, 1, 0, 0, 1, 1, 0, 230271, '', '', 0, 0, '', '', '', '', '', '', 'eb7a839c64d1b849', 0, 0, 0, '', '', ''),
(5, 2, 6, '', 0, '', 1435523275, 'Alta Vista [Bot]', 'alta vista [bot]', '', 1435523275, '', 0, '', 0, 1435523275, 0, '', '', 0, 0, 0, 0, 0, 0, 0, 'ru', 'UTC', '|d M Y|, H:i', 1, 0, '9E8DA7', 0, 0, 0, 0, -3, 0, 0, 't', 'd', 0, 't', 'a', 0, 1, 0, 0, 1, 1, 0, 230271, '', '', 0, 0, '', '', '', '', '', '', '123ad9d4d6e766ff', 0, 0, 0, '', '', ''),
(6, 2, 6, '', 0, '', 1435523275, 'Ask Jeeves [Bot]', 'ask jeeves [bot]', '', 1435523275, '', 0, '', 0, 1435523275, 0, '', '', 0, 0, 0, 0, 0, 0, 0, 'ru', 'UTC', '|d M Y|, H:i', 1, 0, '9E8DA7', 0, 0, 0, 0, -3, 0, 0, 't', 'd', 0, 't', 'a', 0, 1, 0, 0, 1, 1, 0, 230271, '', '', 0, 0, '', '', '', '', '', '', 'a7496fb89399f2b6', 0, 0, 0, '', '', ''),
(7, 2, 6, '\ni1cjyo000000\ni1cjr4000000\ni1cjr4000000\ni1cjr4000000\ni1cjyo000000\ni1cjr4000000\ni1cjr4000000', 0, '', 1435523275, 'Baidu [Spider]', 'baidu [spider]', '', 1435523275, '', 0, '', 1440441964, 1435523275, 0, 'index.php', '', 0, 0, 0, 0, 0, 0, 0, 'ru', 'UTC', '|d M Y|, H:i', 1, 0, '9E8DA7', 0, 0, 0, 0, -3, 0, 0, 't', 'd', 0, 't', 'a', 0, 1, 0, 0, 1, 1, 0, 230271, '', '', 0, 0, '', '', '', '', '', '', '3024a1e36524b824', 0, 0, 0, '', '', ''),
(8, 2, 6, '\ni1cjyo000000\ni1cjr4000000\ni1cjr4000000\ni1cjr4000000\ni1cjyo000000\ni1cjr4000000\ni1cjr4000000', 0, '', 1435523275, 'Bing [Bot]', 'bing [bot]', '', 1435523275, '', 0, '', 1440788793, 1435523275, 0, 'index.php', '', 0, 0, 0, 0, 0, 0, 0, 'ru', 'UTC', '|d M Y|, H:i', 1, 0, '9E8DA7', 0, 0, 0, 0, -3, 0, 0, 't', 'd', 0, 't', 'a', 0, 1, 0, 0, 1, 1, 0, 230271, '', '', 0, 0, '', '', '', '', '', '', '728755b389f5030e', 0, 0, 0, '', '', ''),
(9, 2, 6, '', 0, '', 1435523275, 'Exabot [Bot]', 'exabot [bot]', '', 1435523275, '', 0, '', 0, 1435523275, 0, '', '', 0, 0, 0, 0, 0, 0, 0, 'ru', 'UTC', '|d M Y|, H:i', 1, 0, '9E8DA7', 0, 0, 0, 0, -3, 0, 0, 't', 'd', 0, 't', 'a', 0, 1, 0, 0, 1, 1, 0, 230271, '', '', 0, 0, '', '', '', '', '', '', '6d0f5d9dd4eda01d', 0, 0, 0, '', '', ''),
(10, 2, 6, '', 0, '', 1435523275, 'FAST Enterprise [Crawler]', 'fast enterprise [crawler]', '', 1435523275, '', 0, '', 0, 1435523275, 0, '', '', 0, 0, 0, 0, 0, 0, 0, 'ru', 'UTC', '|d M Y|, H:i', 1, 0, '9E8DA7', 0, 0, 0, 0, -3, 0, 0, 't', 'd', 0, 't', 'a', 0, 1, 0, 0, 1, 1, 0, 230271, '', '', 0, 0, '', '', '', '', '', '', 'fbc8dd77abdc6a0b', 0, 0, 0, '', '', ''),
(11, 2, 6, '', 0, '', 1435523275, 'FAST WebCrawler [Crawler]', 'fast webcrawler [crawler]', '', 1435523275, '', 0, '', 0, 1435523275, 0, '', '', 0, 0, 0, 0, 0, 0, 0, 'ru', 'UTC', '|d M Y|, H:i', 1, 0, '9E8DA7', 0, 0, 0, 0, -3, 0, 0, 't', 'd', 0, 't', 'a', 0, 1, 0, 0, 1, 1, 0, 230271, '', '', 0, 0, '', '', '', '', '', '', 'd01776900c2f85a9', 0, 0, 0, '', '', ''),
(12, 2, 6, '', 0, '', 1435523275, 'Francis [Bot]', 'francis [bot]', '', 1435523275, '', 0, '', 0, 1435523275, 0, '', '', 0, 0, 0, 0, 0, 0, 0, 'ru', 'UTC', '|d M Y|, H:i', 1, 0, '9E8DA7', 0, 0, 0, 0, -3, 0, 0, 't', 'd', 0, 't', 'a', 0, 1, 0, 0, 1, 1, 0, 230271, '', '', 0, 0, '', '', '', '', '', '', '1eafa11e2a005f9a', 0, 0, 0, '', '', ''),
(13, 2, 6, '', 0, '', 1435523275, 'Gigabot [Bot]', 'gigabot [bot]', '', 1435523275, '', 0, '', 0, 1435523275, 0, '', '', 0, 0, 0, 0, 0, 0, 0, 'ru', 'UTC', '|d M Y|, H:i', 1, 0, '9E8DA7', 0, 0, 0, 0, -3, 0, 0, 't', 'd', 0, 't', 'a', 0, 1, 0, 0, 1, 1, 0, 230271, '', '', 0, 0, '', '', '', '', '', '', 'd6718f82e2633168', 0, 0, 0, '', '', ''),
(14, 2, 6, '', 0, '', 1435523275, 'Google Adsense [Bot]', 'google adsense [bot]', '', 1435523275, '', 0, '', 0, 1435523275, 0, '', '', 0, 0, 0, 0, 0, 0, 0, 'ru', 'UTC', '|d M Y|, H:i', 1, 0, '9E8DA7', 0, 0, 0, 0, -3, 0, 0, 't', 'd', 0, 't', 'a', 0, 1, 0, 0, 1, 1, 0, 230271, '', '', 0, 0, '', '', '', '', '', '', 'd53e8aa7a08a626a', 0, 0, 0, '', '', ''),
(15, 2, 6, '', 0, '', 1435523275, 'Google Desktop', 'google desktop', '', 1435523275, '', 0, '', 0, 1435523275, 0, '', '', 0, 0, 0, 0, 0, 0, 0, 'ru', 'UTC', '|d M Y|, H:i', 1, 0, '9E8DA7', 0, 0, 0, 0, -3, 0, 0, 't', 'd', 0, 't', 'a', 0, 1, 0, 0, 1, 1, 0, 230271, '', '', 0, 0, '', '', '', '', '', '', '9dfeb0bc13c8239b', 0, 0, 0, '', '', ''),
(16, 2, 6, '', 0, '', 1435523275, 'Google Feedfetcher', 'google feedfetcher', '', 1435523275, '', 0, '', 0, 1435523275, 0, '', '', 0, 0, 0, 0, 0, 0, 0, 'ru', 'UTC', '|d M Y|, H:i', 1, 0, '9E8DA7', 0, 0, 0, 0, -3, 0, 0, 't', 'd', 0, 't', 'a', 0, 1, 0, 0, 1, 1, 0, 230271, '', '', 0, 0, '', '', '', '', '', '', 'c86504a28babcceb', 0, 0, 0, '', '', ''),
(17, 2, 6, '\ni1cjyo000000\ni1cjr4000000\ni1cjr4000000\ni1cjr4000000\ni1cjyo000000\ni1cjr4000000\ni1cjr4000000', 0, '', 1435523275, 'Google [Bot]', 'google [bot]', '', 1435523275, '', 0, '', 1440821133, 1435523275, 0, 'viewforum.php?f=7', '', 0, 0, 0, 0, 0, 0, 0, 'ru', 'UTC', '|d M Y|, H:i', 1, 0, '9E8DA7', 0, 0, 0, 0, -3, 0, 0, 't', 'd', 0, 't', 'a', 0, 1, 0, 0, 1, 1, 0, 230271, '', '', 0, 0, '', '', '', '', '', '', 'd9b2c81f33697c06', 0, 0, 0, '', '', ''),
(18, 2, 6, '', 0, '', 1435523275, 'Heise IT-Markt [Crawler]', 'heise it-markt [crawler]', '', 1435523275, '', 0, '', 0, 1435523275, 0, '', '', 0, 0, 0, 0, 0, 0, 0, 'ru', 'UTC', '|d M Y|, H:i', 1, 0, '9E8DA7', 0, 0, 0, 0, -3, 0, 0, 't', 'd', 0, 't', 'a', 0, 1, 0, 0, 1, 1, 0, 230271, '', '', 0, 0, '', '', '', '', '', '', '27211138905e9118', 0, 0, 0, '', '', ''),
(19, 2, 6, '', 0, '', 1435523275, 'Heritrix [Crawler]', 'heritrix [crawler]', '', 1435523275, '', 0, '', 0, 1435523275, 0, '', '', 0, 0, 0, 0, 0, 0, 0, 'ru', 'UTC', '|d M Y|, H:i', 1, 0, '9E8DA7', 0, 0, 0, 0, -3, 0, 0, 't', 'd', 0, 't', 'a', 0, 1, 0, 0, 1, 1, 0, 230271, '', '', 0, 0, '', '', '', '', '', '', 'b0da9be7bd323059', 0, 0, 0, '', '', ''),
(20, 2, 6, '', 0, '', 1435523275, 'IBM Research [Bot]', 'ibm research [bot]', '', 1435523275, '', 0, '', 0, 1435523275, 0, '', '', 0, 0, 0, 0, 0, 0, 0, 'ru', 'UTC', '|d M Y|, H:i', 1, 0, '9E8DA7', 0, 0, 0, 0, -3, 0, 0, 't', 'd', 0, 't', 'a', 0, 1, 0, 0, 1, 1, 0, 230271, '', '', 0, 0, '', '', '', '', '', '', '59a80d93ce639f95', 0, 0, 0, '', '', ''),
(21, 2, 6, '', 0, '', 1435523275, 'ICCrawler - ICjobs', 'iccrawler - icjobs', '', 1435523275, '', 0, '', 0, 1435523275, 0, '', '', 0, 0, 0, 0, 0, 0, 0, 'ru', 'UTC', '|d M Y|, H:i', 1, 0, '9E8DA7', 0, 0, 0, 0, -3, 0, 0, 't', 'd', 0, 't', 'a', 0, 1, 0, 0, 1, 1, 0, 230271, '', '', 0, 0, '', '', '', '', '', '', '66ae6b5fa7b91956', 0, 0, 0, '', '', ''),
(22, 2, 6, '', 0, '', 1435523275, 'ichiro [Crawler]', 'ichiro [crawler]', '', 1435523275, '', 0, '', 0, 1435523275, 0, '', '', 0, 0, 0, 0, 0, 0, 0, 'ru', 'UTC', '|d M Y|, H:i', 1, 0, '9E8DA7', 0, 0, 0, 0, -3, 0, 0, 't', 'd', 0, 't', 'a', 0, 1, 0, 0, 1, 1, 0, 230271, '', '', 0, 0, '', '', '', '', '', '', 'a3ca898374ff59e7', 0, 0, 0, '', '', ''),
(23, 2, 6, '\ni1cjyo000000\ni1cjr4000000\ni1cjr4000000\ni1cjr4000000\ni1cjyo000000\ni1cjr4000000\ni1cjr4000000', 0, '', 1435523275, 'Majestic-12 [Bot]', 'majestic-12 [bot]', '', 1435523275, '', 0, '', 1440830097, 1435523275, 0, 'viewtopic.php?p=89&t=4', '', 0, 0, 0, 0, 0, 0, 0, 'ru', 'UTC', '|d M Y|, H:i', 1, 0, '9E8DA7', 0, 0, 0, 0, -3, 0, 0, 't', 'd', 0, 't', 'a', 0, 1, 0, 0, 1, 1, 0, 230271, '', '', 0, 0, '', '', '', '', '', '', '924a046125f0475b', 0, 0, 0, '', '', ''),
(24, 2, 6, '', 0, '', 1435523275, 'Metager [Bot]', 'metager [bot]', '', 1435523275, '', 0, '', 0, 1435523275, 0, '', '', 0, 0, 0, 0, 0, 0, 0, 'ru', 'UTC', '|d M Y|, H:i', 1, 0, '9E8DA7', 0, 0, 0, 0, -3, 0, 0, 't', 'd', 0, 't', 'a', 0, 1, 0, 0, 1, 1, 0, 230271, '', '', 0, 0, '', '', '', '', '', '', 'fed42cc9e55bb6d4', 0, 0, 0, '', '', ''),
(25, 2, 6, '', 0, '', 1435523275, 'MSN NewsBlogs', 'msn newsblogs', '', 1435523275, '', 0, '', 0, 1435523275, 0, '', '', 0, 0, 0, 0, 0, 0, 0, 'ru', 'UTC', '|d M Y|, H:i', 1, 0, '9E8DA7', 0, 0, 0, 0, -3, 0, 0, 't', 'd', 0, 't', 'a', 0, 1, 0, 0, 1, 1, 0, 230271, '', '', 0, 0, '', '', '', '', '', '', '6d42e29cb7d4cdfd', 0, 0, 0, '', '', ''),
(26, 2, 6, '', 0, '', 1435523275, 'MSN [Bot]', 'msn [bot]', '', 1435523275, '', 0, '', 0, 1435523275, 0, '', '', 0, 0, 0, 0, 0, 0, 0, 'ru', 'UTC', '|d M Y|, H:i', 1, 0, '9E8DA7', 0, 0, 0, 0, -3, 0, 0, 't', 'd', 0, 't', 'a', 0, 1, 0, 0, 1, 1, 0, 230271, '', '', 0, 0, '', '', '', '', '', '', '0e0cd7347dae4651', 0, 0, 0, '', '', ''),
(27, 2, 6, '', 0, '', 1435523275, 'MSNbot Media', 'msnbot media', '', 1435523275, '', 0, '', 0, 1435523275, 0, '', '', 0, 0, 0, 0, 0, 0, 0, 'ru', 'UTC', '|d M Y|, H:i', 1, 0, '9E8DA7', 0, 0, 0, 0, -3, 0, 0, 't', 'd', 0, 't', 'a', 0, 1, 0, 0, 1, 1, 0, 230271, '', '', 0, 0, '', '', '', '', '', '', 'c650bc189fc849cd', 0, 0, 0, '', '', ''),
(28, 2, 6, '', 0, '', 1435523275, 'Nutch [Bot]', 'nutch [bot]', '', 1435523275, '', 0, '', 0, 1435523275, 0, '', '', 0, 0, 0, 0, 0, 0, 0, 'ru', 'UTC', '|d M Y|, H:i', 1, 0, '9E8DA7', 0, 0, 0, 0, -3, 0, 0, 't', 'd', 0, 't', 'a', 0, 1, 0, 0, 1, 1, 0, 230271, '', '', 0, 0, '', '', '', '', '', '', '1fa0f6fa4a2a74a8', 0, 0, 0, '', '', ''),
(29, 2, 6, '', 0, '', 1435523275, 'Online link [Validator]', 'online link [validator]', '', 1435523275, '', 0, '', 0, 1435523275, 0, '', '', 0, 0, 0, 0, 0, 0, 0, 'ru', 'UTC', '|d M Y|, H:i', 1, 0, '9E8DA7', 0, 0, 0, 0, -3, 0, 0, 't', 'd', 0, 't', 'a', 0, 1, 0, 0, 1, 1, 0, 230271, '', '', 0, 0, '', '', '', '', '', '', '6183b0147421b697', 0, 0, 0, '', '', ''),
(30, 2, 6, '', 0, '', 1435523275, 'psbot [Picsearch]', 'psbot [picsearch]', '', 1435523275, '', 0, '', 0, 1435523275, 0, '', '', 0, 0, 0, 0, 0, 0, 0, 'ru', 'UTC', '|d M Y|, H:i', 1, 0, '9E8DA7', 0, 0, 0, 0, -3, 0, 0, 't', 'd', 0, 't', 'a', 0, 1, 0, 0, 1, 1, 0, 230271, '', '', 0, 0, '', '', '', '', '', '', '566a9ae584cbc920', 0, 0, 0, '', '', ''),
(31, 2, 6, '', 0, '', 1435523275, 'Sensis [Crawler]', 'sensis [crawler]', '', 1435523275, '', 0, '', 0, 1435523275, 0, '', '', 0, 0, 0, 0, 0, 0, 0, 'ru', 'UTC', '|d M Y|, H:i', 1, 0, '9E8DA7', 0, 0, 0, 0, -3, 0, 0, 't', 'd', 0, 't', 'a', 0, 1, 0, 0, 1, 1, 0, 230271, '', '', 0, 0, '', '', '', '', '', '', 'de96e5f853f65676', 0, 0, 0, '', '', ''),
(32, 2, 6, '', 0, '', 1435523275, 'SEO Crawler', 'seo crawler', '', 1435523275, '', 0, '', 0, 1435523275, 0, '', '', 0, 0, 0, 0, 0, 0, 0, 'ru', 'UTC', '|d M Y|, H:i', 1, 0, '9E8DA7', 0, 0, 0, 0, -3, 0, 0, 't', 'd', 0, 't', 'a', 0, 1, 0, 0, 1, 1, 0, 230271, '', '', 0, 0, '', '', '', '', '', '', 'ca6773b562f5deaf', 0, 0, 0, '', '', ''),
(33, 2, 6, '', 0, '', 1435523275, 'Seoma [Crawler]', 'seoma [crawler]', '', 1435523275, '', 0, '', 0, 1435523275, 0, '', '', 0, 0, 0, 0, 0, 0, 0, 'ru', 'UTC', '|d M Y|, H:i', 1, 0, '9E8DA7', 0, 0, 0, 0, -3, 0, 0, 't', 'd', 0, 't', 'a', 0, 1, 0, 0, 1, 1, 0, 230271, '', '', 0, 0, '', '', '', '', '', '', '92827b94656a97db', 0, 0, 0, '', '', ''),
(34, 2, 6, '', 0, '', 1435523275, 'SEOSearch [Crawler]', 'seosearch [crawler]', '', 1435523275, '', 0, '', 0, 1435523275, 0, '', '', 0, 0, 0, 0, 0, 0, 0, 'ru', 'UTC', '|d M Y|, H:i', 1, 0, '9E8DA7', 0, 0, 0, 0, -3, 0, 0, 't', 'd', 0, 't', 'a', 0, 1, 0, 0, 1, 1, 0, 230271, '', '', 0, 0, '', '', '', '', '', '', 'c446cf01f3ecc256', 0, 0, 0, '', '', ''),
(35, 2, 6, '', 0, '', 1435523275, 'Snappy [Bot]', 'snappy [bot]', '', 1435523275, '', 0, '', 0, 1435523275, 0, '', '', 0, 0, 0, 0, 0, 0, 0, 'ru', 'UTC', '|d M Y|, H:i', 1, 0, '9E8DA7', 0, 0, 0, 0, -3, 0, 0, 't', 'd', 0, 't', 'a', 0, 1, 0, 0, 1, 1, 0, 230271, '', '', 0, 0, '', '', '', '', '', '', '2c675a05684d4672', 0, 0, 0, '', '', ''),
(36, 2, 6, '', 0, '', 1435523275, 'Steeler [Crawler]', 'steeler [crawler]', '', 1435523275, '', 0, '', 0, 1435523275, 0, '', '', 0, 0, 0, 0, 0, 0, 0, 'ru', 'UTC', '|d M Y|, H:i', 1, 0, '9E8DA7', 0, 0, 0, 0, -3, 0, 0, 't', 'd', 0, 't', 'a', 0, 1, 0, 0, 1, 1, 0, 230271, '', '', 0, 0, '', '', '', '', '', '', '814c83d58e1d4154', 0, 0, 0, '', '', ''),
(37, 2, 6, '', 0, '', 1435523275, 'Telekom [Bot]', 'telekom [bot]', '', 1435523275, '', 0, '', 0, 1435523275, 0, '', '', 0, 0, 0, 0, 0, 0, 0, 'ru', 'UTC', '|d M Y|, H:i', 1, 0, '9E8DA7', 0, 0, 0, 0, -3, 0, 0, 't', 'd', 0, 't', 'a', 0, 1, 0, 0, 1, 1, 0, 230271, '', '', 0, 0, '', '', '', '', '', '', '8b44802f15c96516', 0, 0, 0, '', '', ''),
(38, 2, 6, '', 0, '', 1435523275, 'TurnitinBot [Bot]', 'turnitinbot [bot]', '', 1435523275, '', 0, '', 0, 1435523275, 0, '', '', 0, 0, 0, 0, 0, 0, 0, 'ru', 'UTC', '|d M Y|, H:i', 1, 0, '9E8DA7', 0, 0, 0, 0, -3, 0, 0, 't', 'd', 0, 't', 'a', 0, 1, 0, 0, 1, 1, 0, 230271, '', '', 0, 0, '', '', '', '', '', '', 'eba8db7179e771ba', 0, 0, 0, '', '', ''),
(39, 2, 6, '', 0, '', 1435523275, 'Voyager [Bot]', 'voyager [bot]', '', 1435523275, '', 0, '', 0, 1435523275, 0, '', '', 0, 0, 0, 0, 0, 0, 0, 'ru', 'UTC', '|d M Y|, H:i', 1, 0, '9E8DA7', 0, 0, 0, 0, -3, 0, 0, 't', 'd', 0, 't', 'a', 0, 1, 0, 0, 1, 1, 0, 230271, '', '', 0, 0, '', '', '', '', '', '', 'eaf2757b4fb33843', 0, 0, 0, '', '', ''),
(40, 2, 6, '', 0, '', 1435523275, 'W3 [Sitesearch]', 'w3 [sitesearch]', '', 1435523275, '', 0, '', 0, 1435523275, 0, '', '', 0, 0, 0, 0, 0, 0, 0, 'ru', 'UTC', '|d M Y|, H:i', 1, 0, '9E8DA7', 0, 0, 0, 0, -3, 0, 0, 't', 'd', 0, 't', 'a', 0, 1, 0, 0, 1, 1, 0, 230271, '', '', 0, 0, '', '', '', '', '', '', 'd4fb171e43a0bf8e', 0, 0, 0, '', '', ''),
(41, 2, 6, '', 0, '', 1435523275, 'W3C [Linkcheck]', 'w3c [linkcheck]', '', 1435523275, '', 0, '', 0, 1435523275, 0, '', '', 0, 0, 0, 0, 0, 0, 0, 'ru', 'UTC', '|d M Y|, H:i', 1, 0, '9E8DA7', 0, 0, 0, 0, -3, 0, 0, 't', 'd', 0, 't', 'a', 0, 1, 0, 0, 1, 1, 0, 230271, '', '', 0, 0, '', '', '', '', '', '', 'cf92227c023564e5', 0, 0, 0, '', '', ''),
(42, 2, 6, '', 0, '', 1435523275, 'W3C [Validator]', 'w3c [validator]', '', 1435523275, '', 0, '', 0, 1435523275, 0, '', '', 0, 0, 0, 0, 0, 0, 0, 'ru', 'UTC', '|d M Y|, H:i', 1, 0, '9E8DA7', 0, 0, 0, 0, -3, 0, 0, 't', 'd', 0, 't', 'a', 0, 1, 0, 0, 1, 1, 0, 230271, '', '', 0, 0, '', '', '', '', '', '', 'fb273d0470d88b6a', 0, 0, 0, '', '', ''),
(43, 2, 6, '', 0, '', 1435523275, 'YaCy [Bot]', 'yacy [bot]', '', 1435523275, '', 0, '', 0, 1435523275, 0, '', '', 0, 0, 0, 0, 0, 0, 0, 'ru', 'UTC', '|d M Y|, H:i', 1, 0, '9E8DA7', 0, 0, 0, 0, -3, 0, 0, 't', 'd', 0, 't', 'a', 0, 1, 0, 0, 1, 1, 0, 230271, '', '', 0, 0, '', '', '', '', '', '', 'f86d561951b26a73', 0, 0, 0, '', '', ''),
(44, 2, 6, '', 0, '', 1435523275, 'Yahoo MMCrawler [Bot]', 'yahoo mmcrawler [bot]', '', 1435523275, '', 0, '', 0, 1435523275, 0, '', '', 0, 0, 0, 0, 0, 0, 0, 'ru', 'UTC', '|d M Y|, H:i', 1, 0, '9E8DA7', 0, 0, 0, 0, -3, 0, 0, 't', 'd', 0, 't', 'a', 0, 1, 0, 0, 1, 1, 0, 230271, '', '', 0, 0, '', '', '', '', '', '', '39781a56e633c8a6', 0, 0, 0, '', '', ''),
(45, 2, 6, '', 0, '', 1435523275, 'Yahoo Slurp [Bot]', 'yahoo slurp [bot]', '', 1435523275, '', 0, '', 0, 1435523275, 0, '', '', 0, 0, 0, 0, 0, 0, 0, 'ru', 'UTC', '|d M Y|, H:i', 1, 0, '9E8DA7', 0, 0, 0, 0, -3, 0, 0, 't', 'd', 0, 't', 'a', 0, 1, 0, 0, 1, 1, 0, 230271, '', '', 0, 0, '', '', '', '', '', '', '805e9e9650b1a119', 0, 0, 0, '', '', ''),
(46, 2, 6, '\ni1cjyo000000\ni1cjr4000000\ni1cjr4000000\ni1cjr4000000\ni1cjyo000000\ni1cjr4000000\ni1cjr4000000', 0, '', 1435523275, 'Yahoo [Bot]', 'yahoo [bot]', '', 1435523275, '', 0, '', 1440056367, 1435523275, 0, 'faq.php', '', 0, 0, 0, 0, 0, 0, 0, 'ru', 'UTC', '|d M Y|, H:i', 1, 0, '9E8DA7', 0, 0, 0, 0, -3, 0, 0, 't', 'd', 0, 't', 'a', 0, 1, 0, 0, 1, 1, 0, 230271, '', '', 0, 0, '', '', '', '', '', '', '230114e6763320f6', 0, 0, 0, '', '', ''),
(47, 2, 6, '', 0, '', 1435523275, 'YahooSeeker [Bot]', 'yahooseeker [bot]', '', 1435523275, '', 0, '', 0, 1435523275, 0, '', '', 0, 0, 0, 0, 0, 0, 0, 'ru', 'UTC', '|d M Y|, H:i', 1, 0, '9E8DA7', 0, 0, 0, 0, -3, 0, 0, 't', 'd', 0, 't', 'a', 0, 1, 0, 0, 1, 1, 0, 230271, '', '', 0, 0, '', '', '', '', '', '', 'c9d0176be444bdb2', 0, 0, 0, '', '', ''),
(48, 0, 4, 'zih7uo00001rzik0ze\ni1cjyozi8sg0\nqlctzrzi8sg0\nqlctzrzi8sg0\nqlctzrzi8sg0\ni1cjyozi8sg0\nqlctzrzi8sg0\nqlctzrzi8sg0', 0, '91.76.152.197', 1435527712, 'Fox', 'fox', '$2y$10$sAzn691IgIYOrGabjLsnr.mZ7tWkeYyFqeAnDgR8.4AdVDuuiwmp.', 1435527712, 'ppeach@rambler.ru', 146782173917, '23- 6-1987', 1440531729, 1435527712, 1440098985, 'viewtopic.php?f=4&t=74', '', 0, 0, 0, 0, 0, 0, 9, 'ru', 'Europe/Moscow', '|d M Y|, H:i', 3, 0, '00AA00', 0, 0, 0, 0, -3, 0, 0, 't', 'd', 0, 't', 'a', 0, 1, 0, 1, 1, 1, 1, 230271, '48_1440099540.png', 'avatar.driver.upload', 128, 128, '[b:326pcpoj]YouTube-канал Мэйкерского Засланца[/b:326pcpoj] - [url:326pcpoj]http&#58;//www&#46;youtube&#46;com/channel/UCCnyLrCA-LvT6akHFx3rt5w/videos?&amp;ab_channel=MakerZaslanetz[/url:326pcpoj]\n[b:326pcpoj]LiveStream аккаунт [/b:326pcpoj]- [url:326pcpoj]https&#58;//livestream&#46;com/accounts/13788586[/url:326pcpoj]', '326pcpoj', 'UA==', '', '1X5VLL1Y5E', '', '820c5fd1e9b9aad9', 1, 0, 0, '', '', ''),
(49, 0, 2, '00000000001qh78puy\ni1cjyo000000\nqlc4pj000000\nqlc4pj000000\nqlc4pj000000\ni1cjyo000000\nqlc4pj000000\nqlc4pj000000', 0, '176.195.19.164', 1435528975, 'otter', 'otter', '$2y$10$WRhkRQTlkweabbvdhCzYH.wXgyq6BH3Nt6sUQ787ZloWRhTE8zN9u', 1435528975, 'otter.06@mail.ru', 409988721916, '', 1440695385, 1435528975, 1435670307, 'viewtopic.php?f=6&p=95', '', 0, 0, 0, 0, 0, 0, 0, 'ru', 'Europe/Moscow', '|d M Y|, H:i', 3, 0, '', 0, 0, 0, 0, -3, 0, 0, 't', 'd', 0, 't', 'a', 0, 1, 0, 1, 1, 1, 1, 230271, '', '', 0, 0, '', '', '', '', 'K6NID2XTF', '', '88eef5d047c62021', 1, 0, 0, '', '', ''),
(50, 0, 2, '00000000001qh78puy\ni1cjyo000000\nqlc4pj000000\nqlc4pj000000\nqlc4pj000000\ni1cjyo000000\nqlc4pj000000\nqlc4pj000000', 0, '77.35.120.207', 1435643584, 'Artorahn', 'artorahn', '$2y$10$oiyh.myUcuEd2eH/3XFwxu2lO./rFlzw2LDV8GfRNpihsuWc8E.IK', 1435643584, 'artorahn@gmail.com', 159012441818, '', 1440773436, 1435643584, 1438334204, 'index.php', '', 0, 0, 0, 0, 0, 0, 4, 'ru', 'Asia/Vladivostok', '|d M Y|, H:i', 3, 0, '', 0, 0, 0, 0, -3, 0, 0, 't', 'd', 0, 't', 'a', 0, 1, 0, 1, 1, 1, 1, 230271, '50_1435644263.png', 'avatar.driver.upload', 128, 128, '', '', '', '', '', '', '1e1c6124ea4326fb', 0, 0, 0, '', '', ''),
(59, 0, 2, '', 0, '37.212.79.96', 1436689756, 'sancossi', 'sancossi', '$2y$10$Hv9OHV5qcpBT3h1VFlskQOCRQYgnbxgiI86WkDDT7ndwTQmbhHNJC', 1436689756, 'ds3mm@inbox.ru', 286506317614, '', 0, 1436689756, 0, '', '', 0, 0, 0, 0, 0, 0, 0, 'ru', 'Africa/Addis_Ababa', '|d M Y|, H:i', 3, 0, '', 0, 0, 0, 0, -3, 0, 0, 't', 'd', 0, 't', 'a', 0, 1, 0, 1, 1, 1, 1, 230271, '', '', 0, 0, '', '', '', '', '3NIHYEVZ7', '', '2d2146baf60ceeba', 0, 0, 0, '', '', ''),
(64, 0, 2, '', 0, '217.115.180.30', 1436720613, 'Kolhe', 'kolhe', '$2y$10$GYqqYzYd/zDRuZN6Qc0cHea38.w/A1DM6faSM.s35/YbLG0J1BU0.', 1436720613, 'bydkoff@gmail.com', 150507516617, '30- 5-1991', 1437726138, 1436720613, 1437552834, 'index.php', '', 0, 0, 0, 0, 0, 0, 1, 'ru', 'Antarctica/Mawson', '|d M Y|, H:i', 3, 0, '', 0, 0, 0, 0, -3, 0, 0, 't', 'd', 0, 't', 'a', 0, 1, 0, 1, 1, 1, 1, 230271, '64_1436721180.jpg', 'avatar.driver.upload', 128, 128, '', '', '', '', '', '', '68aa66bc6f9b9a8d', 0, 0, 0, '', '', ''),
(114, 0, 2, '00000000001qh78puy\ni1cjyo000000\nqlc4pj000000\nqlc4pj000000\nqlc4pj000000\ni1cjyo000000\nqlc4pj000000\nqlc4pj000000', 0, '37.193.199.28', 1438002139, 'Antberg', 'antberg', '$2y$10$2HMrpM/22uVJ7vrhhstdFueYWOnh.BR3iPRDAWu9HiF5Aqx9RivVa', 1438002139, 'blazeon@mail.ru', 418841598715, '', 1440751023, 1438002139, 1440563997, 'viewtopic.php?f=4&t=74', '', 1439378102, 0, 0, 0, 0, 0, 12, 'ru', 'Asia/Novosibirsk', '|d M Y|, H:i', 3, 0, '', 0, 0, 0, 0, -3, 0, 0, 't', 'd', 0, 't', 'a', 0, 1, 0, 1, 1, 1, 1, 230271, '114_1438004885.jpg', 'avatar.driver.upload', 128, 128, '', '', '', '', '', '', '8f9ce85d25615d31', 0, 0, 0, '', '', ''),
(115, 0, 2, '', 0, '95.78.231.216', 1438859385, 'The Eight', 'the eight', '$2y$10$ra2Ar0KvcWORJtbGg9maxuHLkx/lAhe3WWoz/TVIi9ZFOHSOwUoVS', 1438859385, 'theeight8b@gmail.com', 379640348720, '', 0, 1438859385, 0, '', '', 0, 0, 0, 0, 0, 0, 0, 'ru', 'Antarctica/Mawson', '|d M Y|, H:i', 3, 0, '', 0, 0, 0, 0, -3, 0, 0, 't', 'd', 0, 't', 'a', 0, 1, 0, 1, 1, 1, 1, 230271, '', '', 0, 0, '', '', '', '', '', '', '98f2d872afaec551', 0, 0, 0, '', '', ''),
(116, 0, 2, '00000000001qh78puy\ni1cjyo000000\nqlc4pj000000\nqlc4pj000000\nqlc4pj000000\ni1cjyo000000\nqlc4pj000000\nqlc4pj000000', 0, '213.24.127.159', 1439177223, 'Klon', 'klon', '$2y$10$k3XvNAZeNeo6Ex.mWdp24eMadAjFSb/qtixXuXxPzYw2e3cO11yHq', 1439177223, 'klonster@gmail.com', 29075620818, '11- 1-1986', 1440843485, 1439177223, 1439177332, 'index.php', '', 0, 0, 0, 0, 0, 0, 1, 'ru', 'Africa/Addis_Ababa', '|d M Y|, H:i', 3, 0, '', 0, 0, 0, 0, -3, 0, 0, 't', 'd', 0, 't', 'a', 0, 1, 0, 1, 1, 0, 1, 230271, '116_1439177520.jpg', 'avatar.driver.upload', 100, 100, '', '', '', '', '', '', 'fe801bec7ab8f6ee', 0, 0, 0, '', '', ''),
(117, 0, 2, '00000000001qh78puy\ni1cjyo000000\nqlc4pj000000\nqlc4pj000000\nqlc4pj000000\ni1cjyo000000\nqlc4pj000000\nqlc4pj000000', 0, '46.138.86.68', 1439928649, 'Ясичка', 'яcичĸa', '$2y$10$sh6PE18w/j5EbeUScsIuP.GhWDtfb2.jyPHi.TAaapnU3SbTRhHT6', 1439928649, 'lar4ik95@mail.ru', 257750101516, '', 1440850360, 1439928649, 1439928788, 'viewtopic.php?f=4&t=74', '', 0, 0, 0, 0, 0, 0, 1, 'ru', 'Africa/Addis_Ababa', '|d M Y|, H:i', 3, 0, '', 0, 0, 0, 0, -3, 0, 0, 't', 'd', 0, 't', 'a', 0, 1, 0, 1, 1, 1, 1, 230271, '117_1439929107.png', 'avatar.driver.upload', 128, 128, '', '', '', '', '', '', 'fe01a707becd3648', 0, 0, 0, '', '', '');

-- --------------------------------------------------------

--
-- Структура таблицы `phpbb_warnings`
--

CREATE TABLE IF NOT EXISTS `phpbb_warnings` (
  `warning_id` mediumint(8) unsigned NOT NULL AUTO_INCREMENT,
  `user_id` mediumint(8) unsigned NOT NULL DEFAULT '0',
  `post_id` mediumint(8) unsigned NOT NULL DEFAULT '0',
  `log_id` mediumint(8) unsigned NOT NULL DEFAULT '0',
  `warning_time` int(11) unsigned NOT NULL DEFAULT '0',
  PRIMARY KEY (`warning_id`)
) ENGINE=MyISAM DEFAULT CHARSET=utf8 COLLATE=utf8_bin AUTO_INCREMENT=1 ;

-- --------------------------------------------------------

--
-- Структура таблицы `phpbb_words`
--

CREATE TABLE IF NOT EXISTS `phpbb_words` (
  `word_id` mediumint(8) unsigned NOT NULL AUTO_INCREMENT,
  `word` varchar(255) COLLATE utf8_bin NOT NULL DEFAULT '',
  `replacement` varchar(255) COLLATE utf8_bin NOT NULL DEFAULT '',
  PRIMARY KEY (`word_id`)
) ENGINE=MyISAM DEFAULT CHARSET=utf8 COLLATE=utf8_bin AUTO_INCREMENT=1 ;

-- --------------------------------------------------------

--
-- Структура таблицы `phpbb_zebra`
--

CREATE TABLE IF NOT EXISTS `phpbb_zebra` (
  `user_id` mediumint(8) unsigned NOT NULL DEFAULT '0',
  `zebra_id` mediumint(8) unsigned NOT NULL DEFAULT '0',
  `friend` tinyint(1) unsigned NOT NULL DEFAULT '0',
  `foe` tinyint(1) unsigned NOT NULL DEFAULT '0',
  PRIMARY KEY (`user_id`,`zebra_id`)
) ENGINE=MyISAM DEFAULT CHARSET=utf8 COLLATE=utf8_bin;

/*!40101 SET CHARACTER_SET_CLIENT=@OLD_CHARACTER_SET_CLIENT */;
/*!40101 SET CHARACTER_SET_RESULTS=@OLD_CHARACTER_SET_RESULTS */;
/*!40101 SET COLLATION_CONNECTION=@OLD_COLLATION_CONNECTION */;
